cell_barcode,perturbation,within_group_deviation,ncounts,ngenes,percent_ribo
AAACATACACCGAT,CREB1_pDS269,6.018041133880615,8138.0,2412,34.037846
AAACATACAGAGAT,SNAI1_pDS266,5.711188793182373,8980.0,2386,40.011135
AAACATACCAGAAA,62(mod)_pBA581,4.315232753753662,28608.0,4402,40.003494
AAACATACGTTGAC,EP300_pDS268,5.277668476104736,11346.0,2815,35.184204
AAACATACTGTTCT,62(mod)_pBA581,6.145103454589844,9863.0,2583,35.817112
AAACCGTGCAGCTA,ZNF326_pDS262,5.721368312835693,10469.0,2574,36.68577
AAACCGTGCCTGAA,62(mod)_pBA581,7.216420650482178,10649.0,2660,40.135223
AAACCGTGCGGAGA,62(mod)_pBA581,8.720209121704102,9293.0,2769,27.289358
AAACCGTGGAACTC,CREB1_pDS269,7.530137538909912,3857.0,1369,38.890327
AAACCGTGTGGCAT,62(mod)_pBA581,5.4534525871276855,11810.0,2686,38.618473
AAACGCACCATGGT,SNAI1_pDS266,7.173007488250732,5999.0,1987,30.93849
AAACGCACCTGGTA,62(mod)_pBA581,4.761838436126709,13634.0,3075,37.169052
AAACGCACGAACCT,CREB1_pDS269,5.743907451629639,12442.0,2844,37.3463
AAACGCACGGATCT,62(mod)_pBA581,4.825008392333984,11296.0,2722,37.16916
AAACGCACTCGCAA,62(mod)_pBA581,5.615044116973877,11571.0,2869,34.9408
AAACGCTGAATCGC,BHLHE40_pDS258,5.201969146728516,11151.0,2549,36.543808
AAACGCTGAGCTAC,SNAI1_pDS266,6.079581260681152,8938.0,2488,36.104275
AAACGCTGATTGGC,SPI1_pDS255,6.63188362121582,9927.0,2511,34.83078
AAACGCTGCACTTT,BHLHE40_pDS258,6.457438945770264,10529.0,2831,31.82034
AAACGCTGCTTAGG,62(mod)_pBA581,6.309383392333984,11578.0,2792,39.19351
AAACGCTGTACGAC,EP300_pDS268,6.697050094604492,6984.0,2130,35.0945
AAACGGCTAAGAGT,SNAI1_pDS266,6.489857196807861,7956.0,2333,35.84716
AAACGGCTCCGATA,CREB1_pDS269,5.758974552154541,8544.0,2337,36.914795
AAACGGCTGAGACG,62(mod)_pBA581,4.75173282623291,12342.0,2776,38.32442
AAACTTGACCTCGT,62(mod)_pBA581,5.398052215576172,8262.0,2206,39.2641
AAACTTGATCTTAC,DDIT3_pDS263,6.587065696716309,8722.0,2248,41.54534
AAACTTGATGCTCC,62(mod)_pBA581,7.2061028480529785,5955.0,1999,34.374474
AAAGACGACACAAC,SPI1_pDS255,6.702602386474609,6464.0,1984,40.03713
AAAGACGACCCAAA,62(mod)_pBA581,6.526395320892334,7902.0,2288,32.94103
AAAGACGATGCTTT,62(mod)_pBA581,6.373591423034668,8918.0,2383,39.764572
AAAGACGATTCACT,ZNF326_pDS262,5.168003082275391,9043.0,2411,35.795643
AAAGAGACGATGAA,ZNF326_pDS262,5.509794235229492,5140.0,1627,38.501945
AAAGAGACTGCCAA,SPI1_pDS255,5.111536502838135,10777.0,2654,37.99759
AAAGATCTATTCGG,SPI1_pDS255,7.696157932281494,6467.0,2068,38.487705
AAAGATCTGGGCAA,SNAI1_pDS266,4.788732528686523,15472.0,3225,38.217426
AAAGATCTTCGCTC,62(mod)_pBA581,5.913854598999023,12700.0,2936,38.015747
AAAGATCTTGAAGA,62(mod)_pBA581,5.114005088806152,11621.0,2655,39.74017
AAAGCAGAAGCACT,ZNF326_pDS262,6.452881813049316,5440.0,1821,35.202206
AAAGCAGAAGTCGT,ZNF326_pDS262,5.37286901473999,8216.0,2199,37.621716
AAAGCAGACCACCT,62(mod)_pBA581,6.19912052154541,7689.0,2296,34.425804
AAAGCAGACCGCTT,EP300_pDS268,5.734618663787842,8658.0,2259,36.47806
AAAGCAGACTTATC,SNAI1_pDS266,5.438656330108643,12348.0,2818,40.58957
AAAGCAGACTTCCG,ZNF326_pDS262,5.389814853668213,9875.0,2433,36.901264
AAAGCAGATTTCGT,SNAI1_pDS266,6.298278331756592,8194.0,2347,36.41689
AAAGCCTGATCACG,SPI1_pDS255,5.058902740478516,13257.0,2966,33.906616
AAAGCCTGCGCAAT,62(mod)_pBA581,5.841779708862305,10316.0,2580,35.924778
AAAGCCTGGGATCT,ZNF326_pDS262,4.9943084716796875,15173.0,3233,40.628708
AAAGCCTGGTGTCA,EP300_pDS268,5.48553466796875,9217.0,2573,31.506998
AAAGCCTGTACGAC,62(mod)_pBA581,5.543773174285889,13868.0,3033,37.652317
AAAGCCTGTGCAGT,62(mod)_pBA581,7.758502960205078,8236.0,2401,37.1328
AAAGCCTGTTTGTC,CREB1_pDS269,5.702269077301025,8736.0,2548,28.777473
AAAGGCCTACTGTG,ZNF326_pDS262,6.422374725341797,7394.0,2344,28.41493
AAAGGCCTCATACG,62(mod)_pBA581,5.632981300354004,8269.0,2231,38.662476
AAAGGCCTGCATCA,62(mod)_pBA581,6.099921226501465,8859.0,2476,33.57038
AAAGGCCTGGGTGA,SNAI1_pDS266,5.134533882141113,2473.0,520,65.062675
AAAGTTTGACGACT,62(mod)_pBA581,6.099352836608887,6884.0,2044,36.446835
AAAGTTTGCGTTAG,CREB1_pDS269,5.849977493286133,7348.0,2166,31.641262
AAAGTTTGTGAGAA,62(mod)_pBA581,5.2613911628723145,11702.0,2830,36.315475
AAATACTGAACGTC,CREB1_pDS269,5.8436713218688965,9308.0,2632,27.919218
AAATACTGACCTGA,SNAI1_pDS266,5.5325026512146,8880.0,2412,35.87838
AAATACTGATTCTC,SNAI1_pDS266,6.815581798553467,6660.0,2053,30.33033
AAATACTGCCTTCG,CREB1_pDS269,6.607595920562744,5486.0,1875,34.232594
AAATCAACCCTCAC,SPI1_pDS255,6.7302775382995605,8668.0,2486,34.71389
AAATCAACTGTGAC,62(mod)_pBA581,5.5073018074035645,10692.0,2569,41.694725
AAATCATGAGAATG,SNAI1_pDS266,9.611185073852539,3646.0,1547,27.392378
AAATCATGCCTTAT,BHLHE40_pDS258,7.557621955871582,3216.0,1324,29.94403
AAATCATGCTGACA,62(mod)_pBA581,6.49301815032959,9430.0,2421,35.037117
AAATCATGGCAAGG,EP300_pDS268,5.312672138214111,14005.0,3183,36.943947
AAATCATGGTGCAT,SPI1_pDS255,7.419759273529053,5948.0,2022,31.484283
AAATCATGTGCTTT,ZNF326_pDS262,5.7729291915893555,8585.0,2286,36.497032
AAATCCCTAAAAGC,62(mod)_pBA581,6.989681243896484,6253.0,2058,32.134293
AAATCCCTAGTAGA,EP300_pDS268,5.168387413024902,14803.0,3229,35.1753
AAATCCCTCTTGAG,DDIT3_pDS263,6.510164260864258,6289.0,1972,34.965813
AAATCCCTCTTGGA,62(mod)_pBA581,5.595288276672363,8492.0,2313,35.975037
AAATCCCTGGTGAG,DDIT3_pDS263,5.49371862411499,8101.0,2197,37.38583
AAATCCCTTACGCA,SPI1_pDS255,5.5952019691467285,10349.0,2605,35.169083
AAATCCCTTGCTAG,SPI1_pDS255,5.932436943054199,9900.0,2662,31.128168
AAATCTGAACCGAT,62(mod)_pBA581,5.28181266784668,10760.0,2636,34.321285
AAATCTGAACTACG,SPI1_pDS255,6.309362411499023,7619.0,2201,37.458984
AAATCTGAAGAGAT,SPI1_pDS255,7.09071683883667,4964.0,1924,30.177277
AAATGGGAAAGTGA,62(mod)_pBA581,5.129302501678467,9416.0,2418,36.965065
AAATGGGACACTGA,62(mod)_pBA581,5.874516010284424,12025.0,2737,35.392933
AAATGGGACCCTCA,SPI1_pDS255,7.582475662231445,9659.0,2862,26.752253
AAATGGGATCGACA,ZNF326_pDS262,5.947643756866455,10142.0,2543,38.203686
AAATGTTGAACAGA,62(mod)_pBA581,6.5938401222229,8586.0,2509,32.59958
AAATGTTGCAAGCT,62(mod)_pBA581,4.47497034072876,19797.0,3680,37.71088
AAATGTTGTACTCT,SPI1_pDS255,7.047601222991943,4322.0,1749,30.33318
AAATGTTGTGCTCC,SPI1_pDS255,6.090397357940674,7428.0,2214,34.069187
AAATTCGACTCCAC,EP300_pDS268,4.546236991882324,18236.0,3417,38.676247
AAATTCGATGGATC,CREB1_pDS269,5.3396077156066895,12449.0,2902,38.33735
AAATTGACTCCTTA,EP300_pDS268,6.4023756980896,8489.0,2350,36.14841
AACAAACTATACCG,SPI1_pDS255,5.832489967346191,7782.0,2236,37.226933
AACAAACTCTACTT,BHLHE40_pDS258,6.453611373901367,9187.0,2371,38.92457
AACAAACTGCAGAG,SPI1_pDS255,5.048511028289795,8554.0,2328,36.310497
AACAAACTTGCTCC,SPI1_pDS255,6.212940216064453,10045.0,2658,35.798904
AACAATACGGAGGT,62(mod)_pBA581,5.937524318695068,9009.0,2452,35.575535
AACAATACTATGCG,EP300_pDS268,6.101873874664307,10761.0,2764,33.361214
AACACGTGATTGGC,ZNF326_pDS262,5.706528663635254,6758.0,1980,37.141167
AACACGTGCGTAAC,DDIT3_pDS263,5.3065972328186035,12255.0,2750,37.144024
AACACGTGGAGGAC,SPI1_pDS255,5.804749011993408,9291.0,2732,28.276308
AACACGTGGCGAAG,CREB1_pDS269,4.7274370193481445,15978.0,3112,37.217598
AACACGTGGTCATG,62(mod)_pBA581,5.952299118041992,11491.0,2768,38.325645
AACACGTGTCGATG,SPI1_pDS255,4.549022674560547,19502.0,3542,37.821762
AACACTCTCTGGAT,SPI1_pDS255,6.941264629364014,7152.0,2208,31.534805
AACACTCTTGCCTC,SNAI1_pDS266,5.410023212432861,10176.0,2548,35.318398
AACAGAGAACTTTC,SNAI1_pDS266,7.513774871826172,8736.0,2342,38.560146
AACAGAGACTCAGA,EP300_pDS268,6.8442769050598145,10939.0,2689,35.533413
AACAGAGAGACGAG,62(mod)_pBA581,5.79068660736084,8601.0,2304,35.29822
AACAGAGAGGTCAT,62(mod)_pBA581,5.389819145202637,12745.0,2852,35.959198
AACAGAGAGTCTAG,62(mod)_pBA581,5.131971836090088,11134.0,2706,37.43714
AACAGAGATAGCGT,62(mod)_pBA581,7.389265537261963,7607.0,2293,33.311424
AACAGCACGAGGAC,62(mod)_pBA581,5.628035545349121,11804.0,2889,34.725517
AACAGCACGTCGTA,62(mod)_pBA581,4.737690448760986,14243.0,3005,40.4339
AACAGCACTACTGG,62(mod)_pBA581,4.924117565155029,11162.0,2686,37.43057
AACAGCACTCTATC,DDIT3_pDS263,5.476409912109375,11627.0,2782,33.135536
AACATATGAGTACC,62(mod)_pBA581,4.835975646972656,18779.0,3428,40.527157
AACATTGAAGGCGA,62(mod)_pBA581,5.825023174285889,12447.0,2787,43.44822
AACATTGATCCCAC,CREB1_pDS269,6.5010552406311035,7224.0,2339,27.699335
AACATTGATGACAC,62(mod)_pBA581,5.300112724304199,10985.0,2703,32.18935
AACCACGACTACGA,BHLHE40_pDS258,6.073859691619873,10893.0,2804,28.832384
AACCACGATCCAGA,SNAI1_pDS266,5.866096496582031,10703.0,2686,35.40129
AACCAGTGATACCG,DDIT3_pDS263,6.117114543914795,5457.0,1832,34.90929
AACCAGTGGTTCTT,62(mod)_pBA581,5.777976036071777,11042.0,2735,35.826843
AACCCAGACACAAC,SPI1_pDS255,5.737559795379639,11694.0,2770,33.894825
AACCCAGACCAAGT,SPI1_pDS255,4.9145073890686035,13219.0,2999,36.944023
AACCCAGACCCTCA,SNAI1_pDS266,5.58120059967041,10812.0,2715,37.735847
AACCCAGACGTTAG,62(mod)_pBA581,6.0003981590271,9976.0,2505,33.62069
AACCCAGACTCTTA,SPI1_pDS255,9.529373168945312,4630.0,1526,38.8469
AACCCAGAGCTAAC,EP300_pDS268,6.449003219604492,8292.0,2534,29.148577
AACCGATGGCTAAC,SPI1_pDS255,6.332728385925293,8230.0,2471,28.93074
AACCGATGGGACTT,SNAI1_pDS266,6.603457927703857,10603.0,2704,33.933792
AACCGATGGGTGGA,SNAI1_pDS266,4.940067291259766,10548.0,2880,29.986727
AACCGCCTAGGAGC,EP300_pDS268,6.322150707244873,5611.0,1893,32.685795
AACCGCCTTCCAGA,DDIT3_pDS263,6.401214122772217,9057.0,2514,36.270287
AACCGCCTTCTCCG,SNAI1_pDS266,6.475374221801758,8087.0,2273,35.07232
AACCGCCTTGGATC,SNAI1_pDS266,5.934749126434326,10328.0,2636,36.37684
AACCGCCTTGTTCT,EP300_pDS268,7.284951210021973,8409.0,2543,33.00036
AACCTACTGTAGCT,CREB1_pDS269,4.854461669921875,15201.0,3098,38.972572
AACCTTACAACAGA,ZNF326_pDS262,5.422277450561523,10340.0,2484,39.274662
AACCTTACACCTTT,SPI1_pDS255,5.288118362426758,9517.0,2541,34.492542
AACCTTACACTAGC,62(mod)_pBA581,6.697151184082031,8162.0,2291,38.26268
AACCTTACGCCCTT,EP300_pDS268,6.084399223327637,10440.0,2645,40.938698
AACCTTACTCTTAC,DDIT3_pDS263,4.9854207038879395,10093.0,2659,36.084415
AACCTTTGAGCACT,62(mod)_pBA581,6.105615139007568,12640.0,2739,43.583862
AACCTTTGAGTCGT,62(mod)_pBA581,5.51708459854126,10923.0,2590,39.036896
AACCTTTGCCAACA,CREB1_pDS269,5.607812404632568,11955.0,2873,36.804684
AACCTTTGCGCTAA,SPI1_pDS255,6.490569591522217,10611.0,2739,36.98049
AACCTTTGGTTACG,SNAI1_pDS266,6.192171573638916,8232.0,2436,32.65306
AACCTTTGTTACTC,62(mod)_pBA581,5.851367473602295,9117.0,2557,34.232456
AACGCAACCCACCT,SNAI1_pDS266,4.791927337646484,15308.0,3180,38.522343
AACGCAACCCTTAT,DDIT3_pDS263,6.463877201080322,7961.0,2238,35.079124
AACGCAACCTTTAC,BHLHE40_pDS258,7.398952960968018,1989.0,886,35.344395
AACGCAACGGAACG,EP300_pDS268,6.424135208129883,7356.0,2007,38.064167
AACGCAACGGACAG,EP300_pDS268,5.713393688201904,11882.0,2830,36.3491
AACGCAACGGACGA,SNAI1_pDS266,5.564535140991211,10770.0,2775,31.959146
AACGCAACGTCATG,62(mod)_pBA581,4.875533580780029,15243.0,3144,41.815914
AACGCAACTAGTCG,62(mod)_pBA581,6.8519439697265625,7019.0,2138,33.63727
AACGCAACTATGGC,BHLHE40_pDS258,5.712599277496338,9339.0,2550,34.85384
AACGCAACTCTCAT,DDIT3_pDS263,7.746903419494629,9655.0,2479,36.385292
AACGCAACTCTCGC,62(mod)_pBA581,5.851999759674072,14672.0,2975,48.05071
AACGCAACTGACAC,DDIT3_pDS263,5.637152671813965,11244.0,2709,39.29207
AACGCATGGTGCTA,62(mod)_pBA581,5.971215724945068,9193.0,2426,36.567326
AACGCCCTCAAAGA,CREB1_pDS269,5.481679439544678,10998.0,2659,38.041996
AACGCCCTCCTGTC,CREB1_pDS269,5.833144187927246,11179.0,2621,39.95885
AACGCCCTCTATGG,62(mod)_pBA581,6.064896106719971,10677.0,2635,38.471622
AACGCCCTGCGTAT,62(mod)_pBA581,5.990482330322266,8302.0,2526,30.025291
AACGCCCTTTCATC,SNAI1_pDS266,6.271340847015381,4993.0,1642,37.164597
AACGGTACCCGATA,62(mod)_pBA581,4.8904290199279785,15417.0,3196,36.654343
AACGGTACGATACC,62(mod)_pBA581,5.858239650726318,10675.0,2645,34.754097
AACGGTACGTGCTA,62(mod)_pBA581,5.170271396636963,8872.0,2215,39.49504
AACGGTACGTTGGT,SPI1_pDS255,7.404795169830322,5172.0,1846,32.308586
AACGGTACTCCGTC,BHLHE40_pDS258,6.042214870452881,9654.0,2570,34.26204
AACGGTACTGTGAC,62(mod)_pBA581,5.22655725479126,12908.0,2747,39.86675
AACGGTACTTCAGG,EP300_pDS268,4.784439563751221,12995.0,2878,36.911358
AACGGTACTTCCAT,SPI1_pDS255,10.121834754943848,2206.0,1041,30.870354
AACGGTACTTCGGA,CREB1_pDS269,5.589226245880127,8889.0,2392,36.220474
AACGGTTGACGTTG,DDIT3_pDS263,5.560174465179443,8890.0,2382,35.53031
AACGGTTGCATGAC,BHLHE40_pDS258,5.537800312042236,12204.0,2852,34.841034
AACGGTTGGAGAGC,SNAI1_pDS266,4.5823163986206055,13982.0,2984,35.96052
AACGTCGAACAGCT,CREB1_pDS269,5.1317877769470215,12609.0,2728,40.158604
AACGTCGACGACAT,CREB1_pDS269,5.3896613121032715,8440.0,2390,34.474586
AACGTCGAGAATGA,CREB1_pDS269,4.762431621551514,17289.0,3319,41.443527
AACGTCGAGAGGCA,SNAI1_pDS266,5.896618843078613,9906.0,2749,32.838684
AACGTCGAGCCTTC,DDIT3_pDS263,5.794837474822998,10797.0,2704,36.91424
AACGTCGATTTCGT,ZNF326_pDS262,8.232583999633789,4276.0,1622,32.015903
AACGTGTGCAGTTG,SPI1_pDS255,6.480868339538574,8374.0,2388,33.532364
AACGTGTGCTTAGG,SNAI1_pDS266,5.949648380279541,13613.0,2958,37.972824
AACGTGTGTAGAGA,62(mod)_pBA581,5.917790412902832,7567.0,2183,35.214058
AACGTTCTATGCCA,DDIT3_pDS263,5.8469719886779785,7835.0,2386,32.482452
AACGTTCTCGTTAG,62(mod)_pBA581,6.96027135848999,6277.0,1987,33.710373
AACGTTCTCTCCCA,62(mod)_pBA581,5.951786041259766,9506.0,2435,37.08456
AACGTTCTCTCGCT,62(mod)_pBA581,6.187550067901611,10709.0,2880,31.338686
AACTACCTAAAGTG,DDIT3_pDS263,6.081949234008789,9605.0,2604,32.961998
AACTACCTACTGGT,CREB1_pDS269,6.443607330322266,10250.0,2742,35.388218
AACTACCTAGATGA,DDIT3_pDS263,6.189722061157227,7746.0,1925,40.16002
AACTACCTCTACGA,EP300_pDS268,4.852492809295654,12718.0,2978,33.51156
AACTACCTTCTCAT,SNAI1_pDS266,6.255185127258301,6450.0,2082,32.139534
AACTACCTTGCATG,62(mod)_pBA581,5.041202068328857,12125.0,2831,36.51959
AACTACCTTTGCGA,DDIT3_pDS263,4.9900641441345215,10943.0,2797,33.58311
AACTCACTACCTGA,SPI1_pDS255,7.798762321472168,8174.0,2597,28.651823
AACTCACTATGACC,SPI1_pDS255,5.74753999710083,10672.0,2630,38.99925
AACTCACTCAACTG,CREB1_pDS269,5.419631481170654,11042.0,2682,37.806755
AACTCACTGAACCT,EP300_pDS268,5.511424541473389,12302.0,2851,37.29378
AACTCACTTGCAAC,ZNF326_pDS262,4.771841526031494,12110.0,2788,33.845264
AACTCGGAAACCTG,EP300_pDS268,6.429258823394775,9416.0,2580,34.628864
AACTCGGACTTATC,BHLHE40_pDS258,5.139580726623535,12820.0,2914,37.750565
AACTCGGAGTTGCA,62(mod)_pBA581,6.12031364440918,7605.0,2192,37.882973
AACTCGGATTACTC,EP300_pDS268,6.406495094299316,7736.0,2255,36.29783
AACTCTTGACGACT,62(mod)_pBA581,5.823765277862549,9038.0,2571,35.937153
AACTCTTGCCTATT,BHLHE40_pDS258,6.721405029296875,2051.0,916,32.569477
AACTCTTGCTGGAT,ZNF326_pDS262,6.837557315826416,5169.0,1752,34.4941
AACTCTTGTAAGGA,CREB1_pDS269,5.750429153442383,10379.0,2636,38.04798
AACTTGCTAAGTAG,SPI1_pDS255,7.438984394073486,5961.0,1926,36.03422
AACTTGCTGTATGC,CREB1_pDS269,7.437460899353027,4059.0,1533,36.339
AACTTGCTGTGTCA,CREB1_pDS269,6.904407978057861,9059.0,2221,46.31939
AACTTGCTGTTCGA,ZNF326_pDS262,6.730100154876709,7176.0,2235,36.315495
AACTTGCTTGTCTT,EP300_pDS268,4.9849348068237305,11855.0,2866,37.086708
AACTTGCTTTTGGG,CREB1_pDS269,7.087184906005859,7378.0,2120,38.28951
AAGAACGACCTTGC,62(mod)_pBA581,5.98001766204834,8524.0,2406,35.183014
AAGAACGACTTCTA,62(mod)_pBA581,5.601543426513672,12926.0,2827,42.41838
AAGAACGAGATAGA,CREB1_pDS269,5.263462066650391,14284.0,3131,38.3366
AAGAACGAGGGACA,EP300_pDS268,5.6932172775268555,9714.0,2485,38.071224
AAGAACGATAAAGG,62(mod)_pBA581,5.384283065795898,9941.0,2532,36.95062
AAGAAGACCCGAAT,BHLHE40_pDS258,4.74592924118042,19370.0,3724,38.216923
AAGAAGACCCGTTC,BHLHE40_pDS258,5.335464000701904,10802.0,2657,33.512314
AAGAAGACGAACTC,ZNF326_pDS262,5.726126194000244,8397.0,2182,40.73589
AAGAAGACGAGGGT,62(mod)_pBA581,5.314064025878906,13435.0,3032,40.093777
AAGAAGACTCCTTA,ZNF326_pDS262,4.919831275939941,16431.0,3405,38.153492
AAGAAGACTGAGCT,62(mod)_pBA581,6.477738857269287,7865.0,2275,40.15508
AAGAAGACTGTCAG,ZNF326_pDS262,4.942499160766602,8716.0,2228,40.942986
AAGAATCTAAGCCT,ZNF326_pDS262,6.19032621383667,10027.0,2573,38.562027
AAGAATCTATCTCT,SNAI1_pDS266,6.435950756072998,9331.0,2600,31.99014
AAGAATCTCTGCAA,CREB1_pDS269,4.698973178863525,13394.0,3044,38.044044
AAGAATCTGAATGA,SPI1_pDS255,5.831185340881348,10353.0,2599,37.032745
AAGACAGACACTGA,DDIT3_pDS263,5.339102745056152,12553.0,2855,38.179066
AAGACAGAGGTCTA,ZNF326_pDS262,5.279428005218506,9100.0,2511,35.01099
AAGACAGAGTTCAG,CREB1_pDS269,6.493313312530518,9421.0,2369,36.705235
AAGACAGATCTTCA,SNAI1_pDS266,5.5733747482299805,8784.0,2350,37.62523
AAGAGATGCAGGAG,CREB1_pDS269,6.513452053070068,7137.0,2122,37.396664
AAGAGATGGGAGGT,62(mod)_pBA581,6.18471622467041,6973.0,2110,35.091743
AAGAGATGGTGAGG,EP300_pDS268,8.9630708694458,4308.0,1682,30.262241
AAGATGGACTACGA,62(mod)_pBA581,5.6302385330200195,9768.0,2584,37.0086
AAGATGGAGAATCC,EP300_pDS268,5.143573760986328,7705.0,2348,32.433483
AAGATGGAGAGGGT,SPI1_pDS255,5.639554500579834,8847.0,2487,35.081375
AAGATGGATCGATG,BHLHE40_pDS258,8.4765043258667,8020.0,2025,34.962593
AAGATGGATTGTCT,SNAI1_pDS266,4.741232395172119,19967.0,3690,38.48658
AAGATTACCACACA,62(mod)_pBA581,5.254193305969238,11794.0,2744,37.722572
AAGATTACGACGTT,EP300_pDS268,6.076379299163818,7582.0,2096,38.644157
AAGATTACTCGACA,SPI1_pDS255,5.324512004852295,13417.0,3207,28.04769
AAGATTACTTTGTC,DDIT3_pDS263,5.18461799621582,14166.0,3190,30.269659
AAGCAAGAACAGTC,SPI1_pDS255,7.773252010345459,7656.0,2452,29.202038
AAGCAAGACTACCC,DDIT3_pDS263,4.939526557922363,10523.0,2646,37.090183
AAGCAAGAGGGAGT,CREB1_pDS269,5.3002142906188965,9954.0,2613,33.905968
AAGCAAGAGTCTAG,BHLHE40_pDS258,6.1553473472595215,7403.0,2195,35.967045
AAGCACTGCATTCT,EP300_pDS268,5.72593355178833,9149.0,2493,34.10209
AAGCACTGCATTTC,SPI1_pDS255,5.025730609893799,17583.0,3426,41.915485
AAGCACTGCGGAGA,BHLHE40_pDS258,6.203240394592285,9896.0,2684,36.257072
AAGCACTGCTCATT,DDIT3_pDS263,5.58713960647583,11289.0,2659,37.34609
AAGCCATGACGTAC,EP300_pDS268,7.279275417327881,7488.0,2164,33.867523
AAGCCATGATTCGG,BHLHE40_pDS258,6.417581081390381,7937.0,2371,34.34547
AAGCCATGGTACGT,EP300_pDS268,6.442686080932617,10426.0,2615,37.728973
AAGCCTGAGGAACG,EP300_pDS268,6.024393558502197,6687.0,2071,35.257175
AAGCCTGATATCTC,BHLHE40_pDS258,5.409204483032227,10003.0,2575,36.50905
AAGCGACTCACACA,BHLHE40_pDS258,5.271071910858154,14087.0,3000,38.184143
AAGCGACTCGCATA,BHLHE40_pDS258,5.0406646728515625,11774.0,2829,35.97452
AAGCGTACCACTTT,BHLHE40_pDS258,5.496245861053467,7964.0,2296,37.39327
AAGCGTACCGAGAG,62(mod)_pBA581,5.242114543914795,8906.0,2402,37.379295
AAGCGTACGACAAA,ZNF326_pDS262,5.1314921379089355,13745.0,3021,38.433
AAGCGTACGGTACT,DDIT3_pDS263,5.072582244873047,10361.0,2450,37.63389
AAGCGTACGTACCA,62(mod)_pBA581,5.139524936676025,14693.0,3226,36.457058
AAGCGTACTGTGAC,EP300_pDS268,4.736517429351807,14400.0,3032,39.0
AAGGCTACAGAATG,62(mod)_pBA581,6.375720024108887,7035.0,2227,33.285957
AAGGCTACCAAAGA,ZNF326_pDS262,4.520495414733887,12396.0,2693,39.440144
AAGGCTTGAAGAGT,BHLHE40_pDS258,5.284724235534668,9728.0,2550,33.8713
AAGGCTTGGACAGG,CREB1_pDS269,5.660783767700195,12315.0,2953,37.97499
AAGGCTTGTAACGC,EP300_pDS268,4.28852653503418,13103.0,2859,38.40342
AAGGTCACGGGCAA,62(mod)_pBA581,6.535040855407715,7263.0,2110,34.558723
AAGGTCACGTTACG,62(mod)_pBA581,5.267091751098633,12193.0,2806,39.004593
AAGGTCTGGCTTCC,DDIT3_pDS263,5.671687126159668,9732.0,2440,37.094124
AAGGTCTGGTACAC,EP300_pDS268,5.271105766296387,11692.0,2791,36.55721
AAGGTGCTAAACGA,DDIT3_pDS263,5.660320281982422,10662.0,2732,34.615025
AAGGTGCTATCAGC,62(mod)_pBA581,6.256033897399902,7831.0,2316,32.230877
AAGGTGCTCTCTTA,62(mod)_pBA581,6.139220237731934,8299.0,2355,35.429466
AAGGTGCTGTCCTC,CREB1_pDS269,5.4024658203125,12837.0,2863,40.11062
AAGGTGCTTGTAGC,62(mod)_pBA581,8.469818115234375,3494.0,1313,40.12593
AAGTAACTACCTTT,62(mod)_pBA581,6.901542663574219,7667.0,2264,31.107344
AAGTAACTGACTAC,EP300_pDS268,6.081468105316162,9854.0,2474,37.76763
AAGTAACTTGTCTT,EP300_pDS268,4.872325420379639,13102.0,3013,34.854614
AAGTAGGAACCAAC,SPI1_pDS255,6.052555561065674,9908.0,2707,35.771946
AAGTAGGAACCCTC,62(mod)_pBA581,6.061688423156738,10622.0,2748,38.153065
AAGTAGGAGGACGA,62(mod)_pBA581,7.7967305183410645,6409.0,2185,27.258543
AAGTAGGAGGGACA,ZNF326_pDS262,6.254889488220215,9643.0,2473,36.433384
AAGTAGGATTGCAG,BHLHE40_pDS258,5.25410270690918,7611.0,2136,38.07647
AAGTATACCTCAGA,CREB1_pDS269,7.973508834838867,3471.0,1287,40.67992
AAGTATACGTAAGA,62(mod)_pBA581,5.724531650543213,10908.0,2698,35.32863
AAGTATACGTATGC,62(mod)_pBA581,6.094892978668213,8517.0,2365,32.35881
AAGTCCGAACGTGT,BHLHE40_pDS258,5.7915472984313965,9691.0,2406,37.756683
AAGTCCGACCTCGT,EP300_pDS268,5.240663051605225,13216.0,2949,38.89225
AAGTCCGAGGAGTG,BHLHE40_pDS258,5.475013256072998,9350.0,2425,37.00535
AAGTCCGATCTCGC,EP300_pDS268,4.975069046020508,10212.0,2571,37.524483
AAGTCTCTGACGTT,EP300_pDS268,8.357295989990234,3858.0,1331,43.430943
AAGTGCACAGATGA,SPI1_pDS255,7.819308280944824,4305.0,1619,34.773518
AAGTGCACCCACCT,ZNF326_pDS262,4.897586822509766,16686.0,3239,39.36234
AAGTGCACGCCCTT,SPI1_pDS255,5.277573108673096,10081.0,2549,36.58367
AAGTGGCTCCCTCA,DDIT3_pDS263,5.890791893005371,9507.0,2479,39.528767
AAGTGGCTTTTGCT,EP300_pDS268,4.875874996185303,11931.0,2838,38.29199
AAGTTATGAAGAGT,ZNF326_pDS262,5.2678704261779785,11296.0,2772,36.47871
AAGTTATGGTTGTG,CREB1_pDS269,7.1228346824646,4734.0,1537,40.536545
AAGTTATGTAACCG,CREB1_pDS269,9.16252326965332,2077.0,973,33.750603
AAGTTCCTAAACGA,62(mod)_pBA581,5.01136589050293,12726.0,2861,37.977367
AAGTTCCTACCGAT,ZNF326_pDS262,6.4211626052856445,8580.0,2472,35.18648
AAGTTCCTCGCCTT,62(mod)_pBA581,5.564172744750977,9541.0,2520,37.218323
AAGTTCCTTCGATG,BHLHE40_pDS258,6.418521404266357,10636.0,2583,37.914825
AATAACACATCTTC,DDIT3_pDS263,6.504807472229004,9120.0,2543,35.076756
AATAACACGTAAAG,EP300_pDS268,6.1004815101623535,7069.0,2215,30.69741
AATAACACTGAAGA,SNAI1_pDS266,5.73087739944458,12033.0,2865,34.787666
AATAAGCTACTGGT,BHLHE40_pDS258,5.250023365020752,11625.0,2757,39.569893
AATAAGCTTGAGGG,62(mod)_pBA581,6.307592868804932,8324.0,2252,37.06907
AATAAGCTTTACTC,SPI1_pDS255,6.981722831726074,6421.0,2193,26.506775
AATACCCTAACGAA,62(mod)_pBA581,6.316216945648193,8257.0,2404,33.680515
AATACCCTACCTCC,DDIT3_pDS263,5.590630531311035,8610.0,2427,33.677853
AATACCCTGAGGGT,CREB1_pDS269,5.24424409866333,12778.0,2915,39.85445
AATACTGAATCGGT,DDIT3_pDS263,5.609710216522217,9572.0,2473,35.791893
AATACTGAGGTGTT,SPI1_pDS255,6.492184638977051,7685.0,2268,34.16157
AATACTGATGACAC,SPI1_pDS255,7.2309184074401855,6268.0,2044,37.87492
AATAGGGAAGCCAT,CREB1_pDS269,8.12904167175293,2307.0,1078,30.429129
AATAGGGATAGACC,62(mod)_pBA581,6.441592216491699,10444.0,2640,37.357586
AATATCGAAAGCCT,EP300_pDS268,5.80941915512085,9985.0,2638,36.334503
AATATCGAGTAAAG,62(mod)_pBA581,5.656868934631348,10867.0,2757,35.320637
AATATCGATAGTCG,SPI1_pDS255,7.002589225769043,7602.0,2193,36.93279
AATCAAACGCAAGG,CREB1_pDS269,6.2003278732299805,7894.0,2342,33.869537
AATCAAACTCCCGT,ZNF326_pDS262,6.283393383026123,8476.0,2465,37.942425
AATCAAACTCCTTA,SNAI1_pDS266,7.884963512420654,5263.0,1742,40.0532
AATCCGGAGAGATA,BHLHE40_pDS258,4.800283432006836,13482.0,3124,35.284084
AATCCGGAGTTTGG,DDIT3_pDS263,5.461509704589844,11054.0,2868,35.37446
AATCCGGATATCGG,62(mod)_pBA581,5.533111572265625,7214.0,2076,39.10452
AATCCGGATGCATG,SNAI1_pDS266,5.3823676109313965,12050.0,2962,35.44934
AATCCGGATTTGCT,62(mod)_pBA581,4.772046089172363,10839.0,2459,39.69001
AATCCTACATCACG,SNAI1_pDS266,6.4471211433410645,8426.0,2265,38.246113
AATCCTACCCCTAC,SPI1_pDS255,6.902644634246826,3441.0,1160,37.25661
AATCCTACCGATAC,62(mod)_pBA581,6.618186950683594,9792.0,2734,31.147877
AATCCTACGACGGA,62(mod)_pBA581,5.979649066925049,11727.0,2805,36.906284
AATCCTACGAGGGT,SPI1_pDS255,6.108153820037842,10997.0,2690,38.034187
AATCCTACTCTCAT,62(mod)_pBA581,4.214548587799072,18488.0,3396,41.31105
AATCCTTGAAAACG,CREB1_pDS269,4.507974147796631,16257.0,3231,39.53374
AATCCTTGAGTGTC,SPI1_pDS255,6.088996887207031,7314.0,2177,34.891987
AATCCTTGATCACG,SPI1_pDS255,5.3824992179870605,9197.0,2339,38.632164
AATCCTTGGCAAGG,EP300_pDS268,6.598532676696777,6582.0,2129,32.83718
AATCGGTGTCGCAA,62(mod)_pBA581,5.585716247558594,10389.0,2619,35.578865
AATCTAGAACCTGA,62(mod)_pBA581,6.68480920791626,8389.0,2597,26.92812
AATCTAGAGGACTT,ZNF326_pDS262,8.161956787109375,3943.0,1418,40.6036
AATCTAGAGTGTAC,62(mod)_pBA581,5.429665565490723,9971.0,2503,34.783916
AATCTAGATCCCGT,DDIT3_pDS263,5.13132381439209,10513.0,2677,35.869877
AATCTAGATGTCTT,SPI1_pDS255,6.479113578796387,9575.0,2512,35.43603
AATCTAGATTGGTG,62(mod)_pBA581,5.516297340393066,11450.0,2790,37.772926
AATCTCACCACAAC,DDIT3_pDS263,5.413938045501709,10411.0,2598,37.748535
AATCTCACCTAGTG,CREB1_pDS269,5.868222713470459,9142.0,2648,31.940495
AATCTCACGCTGTA,SNAI1_pDS266,5.016816139221191,9591.0,2550,36.801502
AATCTCTGCCTACC,62(mod)_pBA581,6.472790241241455,8968.0,2605,29.958746
AATCTCTGGTTACG,EP300_pDS268,6.522082328796387,4809.0,1703,37.41426
AATCTCTGTGCAGT,DDIT3_pDS263,4.34717321395874,18160.0,3587,36.809647
AATGAGGAAAAAGC,BHLHE40_pDS258,6.947849750518799,7684.0,2193,33.940655
AATGAGGAAACGGG,62(mod)_pBA581,4.896897792816162,10134.0,2580,36.76369
AATGAGGAAGTCTG,62(mod)_pBA581,6.238164901733398,6895.0,2121,35.1124
AATGAGGATGTGGT,62(mod)_pBA581,4.720541000366211,19298.0,3479,40.828064
AATGATACAGGGTG,EP300_pDS268,5.634616851806641,14230.0,3207,35.42018
AATGATACATGTGC,SNAI1_pDS266,6.125269889831543,9372.0,2641,31.526726
AATGATACGAATAG,CREB1_pDS269,5.233103275299072,10960.0,2677,36.916058
AATGATACTCCTTA,SPI1_pDS255,5.301148414611816,12200.0,2854,40.245903
AATGATACTCTAGG,62(mod)_pBA581,5.515933513641357,14228.0,3192,36.741867
AATGCGTGACACAC,ZNF326_pDS262,5.431273460388184,11713.0,2726,39.21803
AATGCGTGATCGTG,SPI1_pDS255,5.088333606719971,14457.0,3002,41.669548
AATGCGTGGGATTC,BHLHE40_pDS258,5.384415149688721,12324.0,2768,39.083164
AATGCGTGTGTGGT,BHLHE40_pDS258,5.688612937927246,14215.0,3349,34.219597
AATGGAGACAGATC,62(mod)_pBA581,5.856278896331787,9095.0,2480,35.01924
AATGGAGACCGCTT,EP300_pDS268,5.306115627288818,11280.0,2814,32.136524
AATGGAGACTGAGT,CREB1_pDS269,6.2357869148254395,8803.0,2486,34.39346
AATGGCTGACTCTT,ZNF326_pDS262,5.031081676483154,16058.0,3444,34.82999
AATGGCTGAGGTCT,BHLHE40_pDS258,5.269195079803467,12050.0,2881,35.65145
AATGGCTGCCTTGC,CREB1_pDS269,6.900668621063232,3338.0,1273,37.417614
AATGGCTGGGTATC,CREB1_pDS269,5.480712413787842,12711.0,3035,30.31781
AATGTAACACTGTG,SPI1_pDS255,7.336855888366699,6032.0,2014,34.217506
AATGTAACCAACCA,SNAI1_pDS266,5.641289234161377,8107.0,2232,35.302826
AATGTAACCCGTAA,SPI1_pDS255,6.079787254333496,10318.0,2665,38.583057
AATGTAACGTCACA,62(mod)_pBA581,4.896960735321045,12309.0,2839,35.648712
AATGTAACTTCTGT,BHLHE40_pDS258,4.699390888214111,13737.0,2996,38.812054
AATGTCCTATAAGG,CREB1_pDS269,5.657327651977539,10834.0,2680,35.35167
AATGTCCTCTCTCG,62(mod)_pBA581,5.312793254852295,9888.0,2475,38.946198
AATGTTGAGCCCTT,BHLHE40_pDS258,9.122076988220215,2016.0,1111,22.817461
AATTACGAGTATCG,BHLHE40_pDS258,7.1722798347473145,7275.0,2330,31.793814
AATTACGATGTTCT,EP300_pDS268,5.286496162414551,9856.0,2641,34.52719
AATTCCTGACGCTA,BHLHE40_pDS258,6.316205978393555,10108.0,2669,38.203583
AATTCCTGCTGTCC,62(mod)_pBA581,5.53338623046875,11187.0,2705,37.45084
AATTCCTGGCTACA,62(mod)_pBA581,4.748432636260986,15966.0,3139,43.617687
AATTCCTGGGAGCA,SPI1_pDS255,7.032295227050781,9548.0,2712,30.26495
AATTCCTGGTTGGT,62(mod)_pBA581,6.172451496124268,10390.0,2690,35.35412
AATTCCTGTAACGC,CREB1_pDS269,8.100788116455078,5822.0,1859,42.35658
AATTGATGCACAAC,SPI1_pDS255,5.354269504547119,13430.0,3074,33.89919
AATTGATGCCCTAC,SPI1_pDS255,6.104067325592041,4818.0,1654,35.678703
AATTGATGGCTTCC,62(mod)_pBA581,5.3290791511535645,13288.0,3083,32.89434
AATTGATGTCGATG,SNAI1_pDS266,5.516523838043213,10640.0,2608,39.56767
AATTGATGTGATGC,EP300_pDS268,8.709233283996582,4741.0,1641,39.99156
AATTGATGTGGTGT,BHLHE40_pDS258,6.232625484466553,8463.0,2489,32.525993
AATTGTGAACGACT,DDIT3_pDS263,4.947014808654785,11957.0,2790,38.39592
AATTGTGAGCAAGG,SNAI1_pDS266,6.167234420776367,9116.0,2406,36.419483
AATTGTGAGCTTCC,SNAI1_pDS266,5.519124984741211,11353.0,2805,33.72677
AATTGTGATGTCAG,SNAI1_pDS266,5.486217021942139,9769.0,2505,36.02211
ACAAAGGAACTGGT,ZNF326_pDS262,6.056107044219971,11566.0,2652,35.059658
ACAAAGGAAGTACC,CREB1_pDS269,6.8089375495910645,7537.0,2387,27.995224
ACAAAGGACCTTAT,62(mod)_pBA581,4.861721992492676,10181.0,2527,37.07523
ACAAAGGATCCAGA,62(mod)_pBA581,6.1368207931518555,10188.0,2593,41.305202
ACAAATTGACCACA,62(mod)_pBA581,4.63909912109375,14585.0,3108,36.756943
ACAAATTGATTTCC,ZNF326_pDS262,5.25674295425415,13270.0,3088,37.356842
ACAAATTGCGCCTT,SPI1_pDS255,5.383366107940674,12346.0,2874,33.719425
ACAACCGACTCTAT,62(mod)_pBA581,8.758597373962402,3409.0,1324,35.718475
ACAACCGAGTGAGG,62(mod)_pBA581,5.746223449707031,8599.0,2490,36.132107
ACAACCGAGTGCAT,62(mod)_pBA581,7.2598371505737305,7181.0,2175,34.95335
ACAACCGATTCATC,62(mod)_pBA581,6.454075336456299,3601.0,1319,37.062744
ACAAGAGAACGTGT,EP300_pDS268,5.436070442199707,10930.0,2719,36.94419
ACAAGAGACCGATA,62(mod)_pBA581,5.27417516708374,11821.0,2761,40.099804
ACAAGAGACCGTAA,BHLHE40_pDS258,5.971240520477295,12110.0,2965,35.045418
ACAAGAGAGTCCTC,SPI1_pDS255,6.398310661315918,10669.0,2558,36.37642
ACAAGCACCCGTTC,ZNF326_pDS262,5.547421932220459,10201.0,2672,36.633663
ACAAGCACTCCAGA,SPI1_pDS255,7.025456428527832,7783.0,2338,33.624565
ACAAGCACTGACTG,EP300_pDS268,5.213416576385498,12281.0,2839,38.726486
ACAATAACACTACG,62(mod)_pBA581,7.140706539154053,6289.0,2004,34.441086
ACAATAACCTTCGC,SNAI1_pDS266,5.066390037536621,11046.0,2649,38.10429
ACAATAACGTAGCT,DDIT3_pDS263,4.69568395614624,11208.0,2606,39.926838
ACAATAACTAGACC,CREB1_pDS269,6.229862689971924,14388.0,3417,26.975193
ACAATAACTCCGAA,SPI1_pDS255,6.062528610229492,9428.0,2517,33.00456
ACAATAACTCGTGA,CREB1_pDS269,5.691752910614014,10840.0,2762,34.45254
ACAATAACTGCAGT,62(mod)_pBA581,6.568836688995361,7627.0,2368,33.573677
ACAATCCTGTGAGG,DDIT3_pDS263,6.064774990081787,9872.0,2547,36.375607
ACAATCCTTCTACT,62(mod)_pBA581,6.52310848236084,9625.0,2477,35.23117
ACAATTGAACTCAG,EP300_pDS268,4.490377902984619,18670.0,3442,37.58436
ACAATTGAAGGTCT,EP300_pDS268,6.097415447235107,10995.0,2739,38.590267
ACAATTGACTGAGT,SPI1_pDS255,5.3529462814331055,14425.0,3083,41.924305
ACAATTGAGAAACA,BHLHE40_pDS258,5.884571075439453,17600.0,3400,39.039772
ACAATTGAGACACT,ZNF326_pDS262,6.404197692871094,10302.0,2667,36.74658
ACAATTGATGCACA,EP300_pDS268,4.804995536804199,11395.0,2741,36.14426
ACACAGACAGTTCG,62(mod)_pBA581,6.04826545715332,7832.0,2244,38.074566
ACACAGACCTAGAC,DDIT3_pDS263,4.978397846221924,16391.0,3437,36.334797
ACACAGACGTACCA,62(mod)_pBA581,4.849250316619873,15112.0,3223,34.21784
ACACAGACTACTGG,BHLHE40_pDS258,5.018095970153809,14163.0,2930,40.958836
ACACAGACTGCCCT,DDIT3_pDS263,5.359469890594482,11100.0,2559,37.82883
ACACAGACTTCGGA,62(mod)_pBA581,4.743093013763428,12375.0,2804,36.38788
ACACATCTACCTCC,62(mod)_pBA581,8.53364372253418,6229.0,1974,35.002407
ACACATCTAGAAGT,CREB1_pDS269,4.689541816711426,14978.0,3161,32.380825
ACACATCTCTGACA,SPI1_pDS255,6.405275344848633,11133.0,2853,32.288486
ACACATCTTAAGGA,SPI1_pDS255,7.2610979080200195,6406.0,2125,31.928839
ACACATCTTTCGTT,62(mod)_pBA581,6.554359436035156,7492.0,2044,42.17832
ACACCAGAATGCTG,EP300_pDS268,6.356714725494385,7527.0,2353,32.469776
ACACCAGACAGAGG,ZNF326_pDS262,4.831762790679932,13035.0,2867,36.690704
ACACCAGACATGGT,SPI1_pDS255,8.339375495910645,6131.0,2013,33.105022
ACACCAGACCCACT,62(mod)_pBA581,6.023307800292969,8401.0,2239,38.57874
ACACCAGAGAAACA,ZNF326_pDS262,5.013144016265869,14598.0,3199,33.347034
ACACCCTGACGACT,SPI1_pDS255,5.4896016120910645,12846.0,3076,30.2818
ACACCCTGAGCCAT,SNAI1_pDS266,6.958983421325684,7504.0,2066,38.80597
ACACGAACAACCGT,DDIT3_pDS263,6.63430643081665,7833.0,2253,36.36712
ACACGAACCTAAGC,BHLHE40_pDS258,6.801957607269287,6132.0,1907,34.654274
ACACGAACCTCTCG,SPI1_pDS255,5.780765533447266,7421.0,2122,37.676865
ACACGATGAAGTGA,62(mod)_pBA581,5.782980442047119,14309.0,3177,37.298203
ACACGATGCAGAGG,SPI1_pDS255,6.071194171905518,7649.0,2170,36.370766
ACACGATGCGTAGT,SNAI1_pDS266,5.3393025398254395,10054.0,2510,37.64671
ACACGATGGTAAAG,CREB1_pDS269,6.508270740509033,13223.0,3261,32.26709
ACACGATGTTCCCG,ZNF326_pDS262,5.619215965270996,8831.0,2288,39.436142
ACACGATGTTCTAC,CREB1_pDS269,6.19264554977417,4702.0,1677,36.261166
ACACGATGTTTCTG,SPI1_pDS255,7.520688533782959,8371.0,2401,31.62985
ACACGTGAATTTCC,SPI1_pDS255,5.046429634094238,15777.0,3199,39.88084
ACACGTGACCGTAA,EP300_pDS268,5.757861614227295,10723.0,2555,42.633347
ACACGTGAGAACTC,62(mod)_pBA581,4.755026340484619,14789.0,3243,31.954023
ACAGACACACTGTG,EP300_pDS268,5.7894415855407715,9697.0,2428,38.517067
ACAGACACCCAACA,62(mod)_pBA581,6.217808723449707,7313.0,2305,31.437166
ACAGACACGAGGGT,SPI1_pDS255,6.678431034088135,10189.0,2801,29.67324
ACAGACACGCGATT,BHLHE40_pDS258,4.704765319824219,22395.0,3934,36.719204
ACAGACACTCGTAG,CREB1_pDS269,6.039613246917725,9758.0,2474,35.765526
ACAGCAACAGCGGA,DDIT3_pDS263,5.713864326477051,10365.0,2588,38.909794
ACAGCAACCCTTGC,CREB1_pDS269,6.192169189453125,6603.0,2168,28.664446
ACAGCAACCTGTAG,62(mod)_pBA581,6.013774871826172,8366.0,2250,36.018166
ACAGCAACGAATAG,DDIT3_pDS263,7.186723709106445,8374.0,2294,38.273228
ACAGCAACGTTAGC,ZNF326_pDS262,5.7236833572387695,11952.0,2848,39.608433
ACAGCAACTAGCGT,ZNF326_pDS262,4.896528244018555,13964.0,2851,40.70467
ACAGCAACTTTCAC,62(mod)_pBA581,4.559680938720703,21195.0,3533,38.178814
ACAGGTACAAACAG,SPI1_pDS255,6.317803382873535,7470.0,2163,37.67068
ACAGGTACTGGAGG,SPI1_pDS255,5.349164962768555,9375.0,2449,33.76
ACAGTCGACAGAAA,62(mod)_pBA581,6.037651062011719,10919.0,2751,34.108597
ACAGTCGACGCAAT,CREB1_pDS269,7.408595561981201,4569.0,1640,35.17181
ACAGTCGAGCGAAG,SPI1_pDS255,6.664734840393066,8346.0,2500,29.408241
ACAGTGACCCACAA,DDIT3_pDS263,6.671623706817627,4544.0,1577,38.578346
ACAGTGACCCTATT,CREB1_pDS269,5.755838394165039,10646.0,2851,31.288748
ACAGTGACTATGGC,SPI1_pDS255,8.378809928894043,5748.0,1987,31.76757
ACAGTGTGAACCGT,CREB1_pDS269,6.954550743103027,6344.0,2026,36.90101
ACAGTGTGATTTCC,62(mod)_pBA581,7.207204818725586,3873.0,1396,40.29427
ACAGTGTGGACGGA,ZNF326_pDS262,6.465039253234863,7146.0,2102,36.663868
ACAGTGTGGTGTCA,62(mod)_pBA581,5.522780895233154,7810.0,2424,32.483994
ACAGTGTGTTCGGA,SPI1_pDS255,6.7494001388549805,7639.0,2247,35.488937
ACAGTTCTATAAGG,SNAI1_pDS266,6.366883754730225,7975.0,2318,37.05329
ACAGTTCTCTTAGG,BHLHE40_pDS258,6.135378837585449,12802.0,2890,38.901905
ACAGTTCTGCGTAT,62(mod)_pBA581,6.068544387817383,7625.0,2218,38.859016
ACATACCTAGTCTG,62(mod)_pBA581,6.564733982086182,9578.0,2469,37.09543
ACATACCTTTCCCG,62(mod)_pBA581,6.052121639251709,8006.0,2187,39.515423
ACATCACTACGGGA,DDIT3_pDS263,7.571034908294678,4145.0,1540,39.87937
ACATCACTATCGGT,SNAI1_pDS266,5.760507583618164,10481.0,2600,34.525852
ACATCACTGAACCT,SPI1_pDS255,8.031394004821777,5757.0,1803,39.51711
ACATCACTGGAACG,EP300_pDS268,5.414491176605225,15101.0,3208,39.109993
ACATGGTGAACGAA,62(mod)_pBA581,4.674204349517822,13931.0,2972,37.4677
ACATGGTGAGAGGC,62(mod)_pBA581,5.093835830688477,13764.0,3107,37.80151
ACATGGTGGCGAAG,62(mod)_pBA581,4.702723979949951,13016.0,2915,35.164413
ACATGGTGGCTGTA,EP300_pDS268,5.079616069793701,15625.0,3275,39.38948
ACATTCTGACACCA,SPI1_pDS255,7.690833568572998,6057.0,2011,32.590393
ACATTCTGAGGTTC,BHLHE40_pDS258,4.930517673492432,12455.0,2853,38.506622
ACATTCTGCATGAC,SPI1_pDS255,5.8833441734313965,9537.0,2386,38.04382
ACATTCTGGATAAG,62(mod)_pBA581,5.930450439453125,10115.0,2576,35.185368
ACATTCTGTAGAGA,62(mod)_pBA581,5.761312484741211,10573.0,2673,34.322994
ACATTCTGTGCCTC,EP300_pDS268,5.697833061218262,8842.0,2420,34.584934
ACATTCTGTTCTCA,BHLHE40_pDS258,5.048130989074707,13233.0,2989,38.54757
ACATTCTGTTTACC,ZNF326_pDS262,5.679421424865723,10845.0,2631,37.123096
ACCAACGAAACTGC,CREB1_pDS269,6.133232116699219,8839.0,2408,38.024662
ACCAACGACTCTAT,62(mod)_pBA581,4.944944381713867,16416.0,3445,34.277534
ACCAACGAGTCTTT,EP300_pDS268,6.843428611755371,5219.0,1745,38.589767
ACCACAGACCACCT,BHLHE40_pDS258,4.6910786628723145,14747.0,3200,36.624397
ACCACAGACTTCTA,CREB1_pDS269,4.972790241241455,12038.0,2793,36.683834
ACCACAGACTTGGA,CREB1_pDS269,5.859717845916748,12728.0,2846,36.24509
ACCACAGAGAATAG,62(mod)_pBA581,7.630892276763916,4233.0,1469,38.30893
ACCACAGAGCTATG,62(mod)_pBA581,6.1543378829956055,8859.0,2383,38.017834
ACCACAGAGGTATC,SNAI1_pDS266,6.355189800262451,5770.0,1809,42.131714
ACCACAGATGTCCC,SPI1_pDS255,5.495163440704346,10133.0,2723,29.606237
ACCACCTGAGTCTG,DDIT3_pDS263,5.851983070373535,8507.0,2248,38.815094
ACCACCTGATCTTC,SPI1_pDS255,6.097151756286621,11047.0,2757,30.134878
ACCACGCTCACTAG,62(mod)_pBA581,7.018953323364258,4669.0,1643,34.525593
ACCAGCCTCCGAAT,DDIT3_pDS263,6.962042808532715,6895.0,2165,32.951412
ACCAGCCTCTGCAA,62(mod)_pBA581,4.8107008934021,13971.0,3218,29.654284
ACCAGCCTGTCGTA,ZNF326_pDS262,5.00414514541626,15181.0,3139,39.405914
ACCAGCCTTTCTGT,BHLHE40_pDS258,7.043478012084961,14505.0,3168,34.912098
ACCAGCCTTTGACG,62(mod)_pBA581,4.7599263191223145,16440.0,3272,37.128952
ACCAGTGAGACGGA,SNAI1_pDS266,8.43530559539795,5598.0,1777,38.453297
ACCAGTGAGAGGCA,DDIT3_pDS263,6.140153884887695,8673.0,2390,38.75951
ACCAGTGAGATACC,ZNF326_pDS262,6.035874843597412,7880.0,2207,37.728428
ACCAGTGATAGCCA,62(mod)_pBA581,4.875926971435547,12536.0,2872,38.911934
ACCAGTGATATGCG,62(mod)_pBA581,7.30124044418335,7308.0,2278,31.17132
ACCAGTGATTCCAT,DDIT3_pDS263,5.268017768859863,12200.0,2982,33.385246
ACCAGTGATTTGTC,DDIT3_pDS263,7.608861446380615,5927.0,1926,35.02615
ACCATTACCCTAAG,DDIT3_pDS263,5.998373508453369,7648.0,2151,35.233364
ACCATTACGACGTT,62(mod)_pBA581,5.492957592010498,9883.0,2593,37.09025
ACCATTACGCTTCC,SNAI1_pDS266,5.534780502319336,11330.0,2838,37.978817
ACCATTACGTATGC,ZNF326_pDS262,5.567634582519531,9858.0,2551,36.31568
ACCATTACTGGAGG,SPI1_pDS255,5.799135208129883,10905.0,2710,33.871265
ACCATTTGCACTAG,EP300_pDS268,6.529265403747559,8375.0,2217,32.083584
ACCATTTGGCGGAA,62(mod)_pBA581,5.855006694793701,10876.0,2606,39.275536
ACCATTTGGGACTT,ZNF326_pDS262,4.744963645935059,13901.0,3042,36.954178
ACCCAAGAAAAGTG,EP300_pDS268,8.400166511535645,7470.0,2107,33.64111
ACCCAAGAAACGAA,BHLHE40_pDS258,6.905043601989746,10679.0,2730,37.18513
ACCCAAGAGAAGGC,DDIT3_pDS263,9.444726943969727,2686.0,1133,39.054356
ACCCAAGAGACACT,62(mod)_pBA581,6.621576309204102,10753.0,2706,32.800148
ACCCAAGATGAGCT,SPI1_pDS255,4.256927013397217,15878.0,3136,34.926632
ACCCAAGATTCCCG,62(mod)_pBA581,5.217736721038818,17732.0,3494,35.49315
ACCCAAGATTGCTT,SPI1_pDS255,5.24475622177124,10103.0,2614,33.834736
ACCCACTGATTCGG,DDIT3_pDS263,6.605769157409668,9282.0,2539,31.95432
ACCCACTGCACCAA,62(mod)_pBA581,5.162079334259033,12836.0,3000,34.894047
ACCCAGCTAACGGG,EP300_pDS268,7.000083923339844,3403.0,1209,39.99412
ACCCAGCTATACCG,BHLHE40_pDS258,5.781313419342041,7660.0,2228,35.61358
ACCCGTACAAAACG,SNAI1_pDS266,6.10515832901001,9945.0,2608,33.68188
ACCCGTACCTAGTG,SNAI1_pDS266,6.116992473602295,8398.0,2226,38.65206
ACCCGTACCTCTCG,SPI1_pDS255,6.7811150550842285,7900.0,2316,36.72152
ACCCGTTGAACCGT,62(mod)_pBA581,5.25148344039917,13058.0,2986,35.70991
ACCCGTTGACCCTC,SPI1_pDS255,5.6356892585754395,10769.0,2702,35.756733
ACCCGTTGGTACCA,62(mod)_pBA581,4.944596767425537,11311.0,2713,36.103252
ACCCGTTGTGACTG,DDIT3_pDS263,6.722525119781494,5185.0,1776,39.30569
ACCCGTTGTGCCCT,ZNF326_pDS262,5.809490203857422,10878.0,2757,35.3709
ACCCTCGAACTTTC,62(mod)_pBA581,4.8212432861328125,15256.0,3260,35.684322
ACCCTCGATACGCA,BHLHE40_pDS258,5.450343608856201,11653.0,2772,38.213337
ACCCTCGATTCCCG,BHLHE40_pDS258,5.990804672241211,7778.0,2166,37.143223
ACCGAAACAACTGC,EP300_pDS268,6.110496520996094,7546.0,2270,30.303432
ACCGAAACGACGTT,SPI1_pDS255,7.663254737854004,5759.0,1785,39.659664
ACCGAAACGGTGGA,62(mod)_pBA581,5.025566577911377,12689.0,2823,40.546932
ACCGCGGACGCTAA,SNAI1_pDS266,5.79941987991333,8825.0,2434,36.101982
ACCGCGGACTGGAT,SNAI1_pDS266,5.586273193359375,11969.0,2891,34.954052
ACCGCGGAGAATGA,SPI1_pDS255,6.172470569610596,9517.0,2496,35.48692
ACCGCGGAGTACAC,SPI1_pDS255,5.393971920013428,9584.0,2645,32.56469
ACCGCGGATATGGC,62(mod)_pBA581,5.310163497924805,9015.0,2419,37.247726
ACCTATTGCGCATA,ZNF326_pDS262,6.223778247833252,7839.0,2163,34.35387
ACCTATTGCTGATG,62(mod)_pBA581,5.57400369644165,10670.0,2661,34.00806
ACCTATTGGTCTTT,62(mod)_pBA581,5.652900695800781,10165.0,2602,36.606003
ACCTCCGACTCTTA,SPI1_pDS255,5.592417240142822,9400.0,2450,34.287235
ACCTCCGAGAGGAC,ZNF326_pDS262,5.1329755783081055,13255.0,3082,34.688797
ACCTCCGAGTTGGT,62(mod)_pBA581,6.267457485198975,7910.0,2374,31.302149
ACCTCCGATACTCT,EP300_pDS268,6.450352191925049,6775.0,2093,31.803423
ACCTCCGATGAAGA,ZNF326_pDS262,4.921689033508301,14392.0,3129,37.16648
ACCTCGTGCAAGCT,SPI1_pDS255,4.735956192016602,13803.0,2976,40.831703
ACCTCGTGCCTACC,SPI1_pDS255,5.881247520446777,8191.0,2321,34.5257
ACCTCGTGTAACGC,ZNF326_pDS262,4.997498035430908,14800.0,3265,33.990948
ACCTCGTGTCGACA,62(mod)_pBA581,6.945378303527832,7816.0,2419,33.34186
ACCTCGTGTGAGGG,EP300_pDS268,6.240839958190918,4274.0,1409,44.57183
ACCTCGTGTGCAGT,BHLHE40_pDS258,6.861838340759277,9088.0,2493,32.482395
ACCTGAGAACACAC,SPI1_pDS255,6.588561058044434,8194.0,2532,29.481392
ACCTGAGACTGGTA,BHLHE40_pDS258,5.056865215301514,12394.0,2897,37.558495
ACCTGAGAGCTTAG,SNAI1_pDS266,5.7467942237854,8841.0,2382,37.122498
ACCTGAGAGGACTT,ZNF326_pDS262,5.3944478034973145,12260.0,2693,37.435772
ACCTGAGATCACCC,BHLHE40_pDS258,5.806433200836182,9953.0,2541,36.983826
ACCTGAGATTTGGG,BHLHE40_pDS258,4.763594627380371,12786.0,3043,34.06069
ACCTGGCTGTCGAT,CREB1_pDS269,5.719666481018066,11017.0,2665,39.081505
ACCTGGCTTACTTC,EP300_pDS268,5.663370132446289,9856.0,2537,37.668663
ACCTTTGAAGGTTC,ZNF326_pDS262,7.100134372711182,11932.0,2768,36.140438
ACCTTTGACGCCTT,CREB1_pDS269,11.189535140991211,6700.0,2605,25.563349
ACCTTTGAGAATAG,62(mod)_pBA581,5.638470649719238,7613.0,2113,37.344017
ACCTTTGAGGGATG,DDIT3_pDS263,6.088497161865234,8936.0,2546,30.819159
ACGAACACCTCATT,62(mod)_pBA581,5.418245792388916,13087.0,3049,34.988922
ACGAACTGACCTGA,ZNF326_pDS262,7.4150614738464355,4537.0,1518,40.2689
ACGAACTGCTTCGC,SNAI1_pDS266,6.439446449279785,8601.0,2459,29.810488
ACGAACTGGAAACA,ZNF326_pDS262,6.689711570739746,12540.0,2676,44.7253
ACGAAGCTACCTTT,62(mod)_pBA581,6.344521999359131,8629.0,2404,37.983776
ACGAAGCTCGCCTT,SPI1_pDS255,5.134884357452393,11070.0,2678,34.588978
ACGAAGCTCGTGAT,BHLHE40_pDS258,5.590132236480713,8285.0,2350,34.78576
ACGAAGCTCTGACA,62(mod)_pBA581,6.969465732574463,4523.0,1513,40.649868
ACGAAGCTGCATAC,DDIT3_pDS263,6.574721336364746,9621.0,2325,39.25379
ACGAAGCTTCCTGC,62(mod)_pBA581,5.409955978393555,10145.0,2532,38.685196
ACGACAACAACGTC,SNAI1_pDS266,5.462916374206543,13492.0,3070,33.713776
ACGACAACCAACCA,EP300_pDS268,4.377849102020264,16823.0,3308,40.49572
ACGACAACCCCGTT,SNAI1_pDS266,7.611433982849121,3647.0,1489,31.368248
ACGACAACCTTATC,62(mod)_pBA581,6.362840175628662,8856.0,2616,29.852095
ACGACAACGTTAGC,SPI1_pDS255,5.983384132385254,10487.0,2781,33.082275
ACGACAACTTTGGG,EP300_pDS268,5.8447723388671875,7580.0,2095,41.67546
ACGACCCTACACGT,CREB1_pDS269,5.01587438583374,19583.0,3670,40.320686
ACGACCCTCTACCC,CREB1_pDS269,4.990306854248047,12361.0,2796,36.243023
ACGACCCTTGATGC,62(mod)_pBA581,5.733764171600342,12732.0,3075,36.63996
ACGAGGGAACGGGA,62(mod)_pBA581,5.297489643096924,13643.0,3156,35.033714
ACGAGGGACAAAGA,62(mod)_pBA581,6.345351696014404,8661.0,2297,37.24313
ACGAGGGAGCTTCC,EP300_pDS268,4.980215072631836,16661.0,3378,36.82252
ACGATCGAATCGTG,ZNF326_pDS262,5.391823768615723,11647.0,2743,36.962307
ACGATCGACGTCTC,SPI1_pDS255,5.437655925750732,12452.0,2938,35.584644
ACGATCGACTCCAC,BHLHE40_pDS258,5.342583656311035,13384.0,3116,31.296227
ACGATCGAGATAGA,BHLHE40_pDS258,9.243748664855957,2899.0,1306,29.713892
ACGATCGAGTCACA,62(mod)_pBA581,6.007383823394775,14080.0,3005,41.32519
ACGATGACCCGCTT,EP300_pDS268,7.410852432250977,7590.0,2083,36.034256
ACGATGACCGTTGA,62(mod)_pBA581,5.625977993011475,11589.0,2906,34.11856
ACGATTCTACGACT,SNAI1_pDS266,4.823320388793945,13026.0,3018,35.334305
ACGATTCTCCTGAA,SPI1_pDS255,6.036412239074707,9867.0,2533,37.549408
ACGCAATGGAAACA,62(mod)_pBA581,5.339804172515869,11799.0,2824,34.935165
ACGCAATGGTGCTA,DDIT3_pDS263,4.469954967498779,12208.0,2689,40.79777
ACGCACCTATCGGT,62(mod)_pBA581,7.5974225997924805,2567.0,1153,29.6455
ACGCACCTTCGATG,62(mod)_pBA581,6.384843826293945,8817.0,2335,33.858715
ACGCCACTCCGATA,ZNF326_pDS262,5.472964286804199,10999.0,2728,36.954544
ACGCCACTGTACCA,62(mod)_pBA581,4.319945812225342,21284.0,3679,38.126556
ACGCCACTTAGCCA,SNAI1_pDS266,6.049439430236816,10968.0,2691,37.0134
ACGCCACTTCGTAG,62(mod)_pBA581,4.982120037078857,10813.0,2562,36.415756
ACGCCGGAACAGCT,EP300_pDS268,6.244394302368164,10389.0,2888,30.310905
ACGCCGGAACCTCC,EP300_pDS268,6.539641857147217,5515.0,1857,39.038986
ACGCCGGACAGTTG,62(mod)_pBA581,5.737537860870361,9003.0,2320,37.54304
ACGCCGGATTCGGA,DDIT3_pDS263,6.465160846710205,9596.0,2721,29.248724
ACGCCTTGAGATCC,BHLHE40_pDS258,4.95786714553833,13355.0,2968,34.691128
ACGCCTTGCGAGAG,BHLHE40_pDS258,6.206302165985107,10297.0,2795,29.82422
ACGCCTTGGCATCA,62(mod)_pBA581,5.4560956954956055,11056.0,2647,41.950073
ACGCCTTGGCTATG,BHLHE40_pDS258,4.751062393188477,16406.0,3430,35.72038
ACGCCTTGTTGGTG,EP300_pDS268,5.290042877197266,12284.0,2832,36.592316
ACGCGGTGACCAAC,SNAI1_pDS266,7.248186111450195,11007.0,2840,36.82202
ACGCGGTGCCGTTC,62(mod)_pBA581,6.602437973022461,9070.0,2560,33.656708
ACGCGGTGCTATGG,EP300_pDS268,5.038518905639648,10791.0,2549,37.957558
ACGCGGTGGACAAA,SPI1_pDS255,6.718056678771973,9721.0,2610,35.846535
ACGCTCACCCTTCG,62(mod)_pBA581,5.624519348144531,8469.0,2181,40.146416
ACGCTCACTGGATC,DDIT3_pDS263,4.671226501464844,18583.0,3538,38.95496
ACGCTGCTAGCACT,EP300_pDS268,5.66247034072876,9427.0,2490,37.65779
ACGGAACTAAAAGC,SPI1_pDS255,6.074410438537598,10167.0,2519,35.72342
ACGGAACTTGCAAC,EP300_pDS268,5.247326850891113,9594.0,2438,40.656593
ACGGAGGAACTACG,DDIT3_pDS263,5.135655403137207,12349.0,2841,34.63158
ACGGAGGACCACCT,62(mod)_pBA581,5.542091369628906,12369.0,2809,44.066288
ACGGAGGACCGTAA,CREB1_pDS269,5.931728839874268,9164.0,2484,34.482758
ACGGAGGAGCGGAA,EP300_pDS268,4.8754682540893555,16296.0,3251,40.015953
ACGGATTGACTACG,SNAI1_pDS266,5.940467357635498,6738.0,2033,34.965866
ACGGATTGATGGTC,SPI1_pDS255,5.59184455871582,10461.0,2762,34.709873
ACGGATTGCACTAG,BHLHE40_pDS258,5.590549468994141,9418.0,2429,38.156918
ACGGATTGCATGGT,EP300_pDS268,5.124545574188232,8821.0,2303,36.000908
ACGGATTGCCTGTC,62(mod)_pBA581,8.038267135620117,2621.0,811,49.065243
ACGGCGTGACCTTT,ZNF326_pDS262,6.045086860656738,10592.0,2555,39.771545
ACGGCGTGCCTACC,SPI1_pDS255,6.4860992431640625,8106.0,2449,29.373304
ACGGCGTGGGGATG,SPI1_pDS255,5.7351837158203125,8608.0,2337,35.358345
ACGGCGTGTGGTAC,EP300_pDS268,5.636293888092041,9143.0,2340,37.828083
ACGGCTCTATCGAC,ZNF326_pDS262,5.112910270690918,9530.0,2414,36.89402
ACGGCTCTGCGAGA,62(mod)_pBA581,6.292552947998047,8573.0,2254,37.851395
ACGGCTCTTGGAAA,CREB1_pDS269,5.686793804168701,9172.0,2474,33.591366
ACGGGAGACGGTAT,DDIT3_pDS263,6.402792930603027,5677.0,1911,31.196054
ACGGGAGACGTACA,62(mod)_pBA581,5.937948226928711,11358.0,2756,38.462894
ACGGGAGAGACTAC,62(mod)_pBA581,5.512557506561279,9743.0,2427,36.832924
ACGGGAGAGGACGA,DDIT3_pDS263,6.371237277984619,6889.0,2026,36.725216
ACGGGAGATGCTTT,BHLHE40_pDS258,5.862987518310547,13861.0,3184,35.27884
ACGGTAACACTGGT,DDIT3_pDS263,6.658586025238037,8718.0,2249,41.488873
ACGGTAACCTATTC,DDIT3_pDS263,8.150301933288574,4448.0,1551,36.6824
ACGGTAACTATCGG,62(mod)_pBA581,5.475318431854248,9940.0,2445,39.9497
ACGGTAACTGGCAT,ZNF326_pDS262,5.742552757263184,7703.0,2121,35.90809
ACGGTAACTTCTGT,EP300_pDS268,6.731164932250977,8514.0,2390,35.071648
ACGGTATGACCAGT,SPI1_pDS255,5.513594627380371,12407.0,3018,33.878635
ACGGTATGATCGAC,62(mod)_pBA581,5.208744525909424,10445.0,2573,40.162758
ACGGTATGATGTCG,SPI1_pDS255,6.33258581161499,8976.0,2428,38.692066
ACGGTATGGCTACA,62(mod)_pBA581,7.22805643081665,6667.0,2178,31.348433
ACGGTATGTCCGAA,SNAI1_pDS266,5.12447452545166,12226.0,2831,39.448715
ACGGTATGTGCATG,62(mod)_pBA581,5.216746807098389,9779.0,2471,36.834034
ACGGTATGTGCCAA,BHLHE40_pDS258,5.9452667236328125,11405.0,2666,37.076977
ACGGTCCTAACAGA,BHLHE40_pDS258,5.465206146240234,10397.0,2643,35.032215
ACGGTCCTAGCGTT,62(mod)_pBA581,6.3487548828125,5143.0,1701,41.473846
ACGGTCCTCGGGAA,DDIT3_pDS263,5.1870951652526855,11118.0,2773,35.554955
ACGGTCCTGTTTCT,CREB1_pDS269,6.115801811218262,6152.0,1845,41.475704
ACGTAGACGTCACA,EP300_pDS268,6.18827486038208,7392.0,2151,33.590366
ACGTAGACGTCTGA,SPI1_pDS255,7.921302318572998,5890.0,2055,31.641487
ACGTAGACTAACGC,EP300_pDS268,5.784955978393555,14523.0,3168,37.76508
ACGTCAGAACACAC,62(mod)_pBA581,6.048360347747803,10123.0,2666,36.4714
ACGTCAGACTGCAA,ZNF326_pDS262,8.227110862731934,2141.0,1042,29.845867
ACGTCAGATTCTAC,BHLHE40_pDS258,4.777660369873047,15024.0,3076,40.08652
ACGTCCTGAAAACG,SNAI1_pDS266,6.5313496589660645,6335.0,2098,33.196526
ACGTCCTGATGGTC,SPI1_pDS255,6.85163688659668,7872.0,2224,34.438515
ACGTCCTGCGTAAC,BHLHE40_pDS258,5.123942852020264,14457.0,3017,41.343292
ACGTCCTGCTGAAC,CREB1_pDS269,5.674389362335205,13006.0,3033,35.908672
ACGTCCTGGTTCGA,EP300_pDS268,13.304268836975098,4941.0,1701,30.115362
ACGTCCTGTGCTCC,SNAI1_pDS266,5.720589637756348,10747.0,2781,35.1633
ACGTCCTGTTCATC,EP300_pDS268,5.287357807159424,9265.0,2692,29.390179
ACGTCGCTAGTGTC,SNAI1_pDS266,5.389315605163574,9231.0,2498,34.611633
ACGTCGCTCCAGTA,CREB1_pDS269,5.016767501831055,16496.0,3318,38.734314
ACGTCGCTGGAGCA,BHLHE40_pDS258,6.065077304840088,10073.0,2658,34.59744
ACGTCGCTGTTAGC,62(mod)_pBA581,6.824312686920166,8975.0,2463,36.49326
ACGTGATGACCTGA,62(mod)_pBA581,4.306558132171631,21291.0,3645,41.966843
ACGTGATGAGGCGA,CREB1_pDS269,4.509093761444092,15497.0,3142,36.14015
ACGTGATGCATTGG,62(mod)_pBA581,6.217122554779053,11681.0,2713,40.29276
ACGTGATGCCTCCA,DDIT3_pDS263,6.16895055770874,9450.0,2395,34.285713
ACGTGATGCGTAGT,62(mod)_pBA581,6.420603275299072,10614.0,2596,39.39708
ACGTGCCTATGACC,62(mod)_pBA581,7.3538737297058105,7876.0,2216,38.606068
ACGTGCCTGACGAG,SNAI1_pDS266,6.018243789672852,10129.0,2628,37.604897
ACGTTACTAGAGGC,EP300_pDS268,5.195718288421631,14857.0,3265,34.658863
ACGTTACTGCGATT,SNAI1_pDS266,4.960424423217773,10509.0,2596,35.946716
ACGTTACTGTACAC,SNAI1_pDS266,6.023415565490723,8296.0,2304,31.830782
ACGTTACTTCAGGT,ZNF326_pDS262,4.268436908721924,17574.0,3288,35.22249
ACGTTGGAAAAGTG,62(mod)_pBA581,6.718818187713623,10872.0,2758,35.18808
ACGTTGGAAACCAC,EP300_pDS268,4.966516017913818,14246.0,3098,36.768215
ACGTTGGAACGGAG,BHLHE40_pDS258,5.354893684387207,10415.0,2782,31.806835
ACGTTGGACTATGG,SPI1_pDS255,5.976823329925537,13709.0,3190,35.054703
ACGTTGGAGGACGA,EP300_pDS268,5.334757328033447,10273.0,2729,35.40977
ACGTTGGATCCAAG,62(mod)_pBA581,4.812168121337891,10845.0,2719,38.471466
ACGTTTACAAACAG,EP300_pDS268,5.881207466125488,9240.0,2421,36.103897
ACGTTTACCCTGAA,62(mod)_pBA581,5.798053741455078,10200.0,2670,34.0
ACGTTTACGTATGC,62(mod)_pBA581,5.383483409881592,14957.0,3191,40.683292
ACTAAAACACCTGA,EP300_pDS268,5.534911155700684,9833.0,2537,32.37059
ACTAAAACAGCTCA,62(mod)_pBA581,4.79514217376709,11326.0,2726,37.750507
ACTAAAACCTTGGA,SNAI1_pDS266,6.856935501098633,5614.0,1731,41.307446
ACTAAAACGAATGA,62(mod)_pBA581,5.006413459777832,12892.0,2946,36.102062
ACTACGGAACTGGT,ZNF326_pDS262,6.277822971343994,10577.0,2609,36.188316
ACTACGGAGACAAA,ZNF326_pDS262,4.903853416442871,12603.0,2787,38.300404
ACTACGGAGGTACT,62(mod)_pBA581,5.496732711791992,9764.0,2481,39.881195
ACTACTACAAACGA,62(mod)_pBA581,5.968408107757568,9800.0,2759,26.734694
ACTACTACACCAAC,SPI1_pDS255,6.19565486907959,11025.0,2866,35.918365
ACTACTACACCATG,62(mod)_pBA581,5.517333030700684,12046.0,2825,37.536316
ACTACTACATGTCG,SNAI1_pDS266,7.2537994384765625,7996.0,2348,34.85057
ACTACTACCGTAAC,62(mod)_pBA581,6.733737945556641,9679.0,2631,33.5881
ACTACTACCGTAGT,DDIT3_pDS263,6.815707683563232,10003.0,2847,31.640509
ACTACTACGAAGGC,BHLHE40_pDS258,4.477127552032471,12138.0,2933,34.86284
ACTACTACGATACC,SNAI1_pDS266,5.620875358581543,12384.0,2924,35.343994
ACTACTACTTTGTC,62(mod)_pBA581,4.7275590896606445,11739.0,2875,34.139694
ACTAGGTGCCTTTA,CREB1_pDS269,5.484459400177002,8591.0,2378,34.3499
ACTAGGTGCGGGAA,62(mod)_pBA581,7.07216739654541,5090.0,1757,34.616898
ACTAGGTGGGAAAT,SNAI1_pDS266,5.194751739501953,13712.0,2970,36.391483
ACTATCACACTGGT,62(mod)_pBA581,4.058473587036133,18746.0,3400,40.296597
ACTATCACAGAGAT,CREB1_pDS269,7.889819145202637,4231.0,1551,41.006855
ACTATCACCTGTAG,62(mod)_pBA581,5.818109035491943,8846.0,2403,36.8189
ACTATCACCTTATC,62(mod)_pBA581,5.345049858093262,12472.0,2936,36.903713
ACTATCACGAACTC,62(mod)_pBA581,5.325067520141602,12484.0,2889,34.043575
ACTCAGGAAAGCCT,DDIT3_pDS263,5.200169086456299,13062.0,2903,39.197674
ACTCAGGAACTTTC,62(mod)_pBA581,4.772597789764404,13850.0,2964,39.83106
ACTCAGGACCTTGC,DDIT3_pDS263,6.249166965484619,9459.0,2706,30.348837
ACTCAGGACTGCAA,EP300_pDS268,5.722708702087402,10620.0,2641,38.150833
ACTCAGGAGGTCAT,62(mod)_pBA581,6.3570027351379395,7690.0,2209,35.812744
ACTCAGGATGTGAC,62(mod)_pBA581,5.340424537658691,11999.0,2786,39.244938
ACTCCCGAATCAGC,CREB1_pDS269,6.082589626312256,6487.0,2074,35.34217
ACTCCCGAGCATAC,SNAI1_pDS266,6.8154754638671875,7434.0,2367,28.167877
ACTCCCGAGTCAAC,EP300_pDS268,6.036745071411133,9167.0,2593,33.42424
ACTCCCGATGGTTG,EP300_pDS268,5.517074108123779,9386.0,2511,39.047516
ACTCCTCTACACGT,ZNF326_pDS262,4.233059406280518,15537.0,3340,37.375298
ACTCCTCTCTAGCA,BHLHE40_pDS258,6.346861362457275,8939.0,2394,34.686802
ACTCCTCTGAACTC,SNAI1_pDS266,5.830602645874023,14918.0,3049,41.09525
ACTCCTCTGGTGTT,62(mod)_pBA581,10.936978340148926,6400.0,2037,34.244648
ACTCCTCTTACAGC,62(mod)_pBA581,5.687648773193359,13163.0,2873,41.814175
ACTCCTCTTGAACC,62(mod)_pBA581,6.0881476402282715,9065.0,2439,35.719803
ACTCCTCTTGCTAG,EP300_pDS268,5.943606376647949,11350.0,2705,41.51542
ACTCGAGAACACTG,EP300_pDS268,5.425881385803223,13010.0,2966,37.322266
ACTCGAGAAGCCAT,62(mod)_pBA581,6.541515827178955,6477.0,2124,30.399876
ACTCGAGATCGTTT,62(mod)_pBA581,4.024112701416016,13963.0,2920,37.20547
ACTCGCACAGAGAT,SPI1_pDS255,6.335564136505127,9999.0,2687,35.41354
ACTCGCACCCTTAT,62(mod)_pBA581,6.268887996673584,8910.0,2366,36.898216
ACTCGCACGAAACA,DDIT3_pDS263,5.1434102058410645,7997.0,2200,36.588722
ACTCGCACGAGGGT,BHLHE40_pDS258,5.416833400726318,9052.0,2354,38.09103
ACTCGCACGCAAGG,SNAI1_pDS266,6.007320404052734,6192.0,1905,32.42894
ACTCGCACGGAGTG,62(mod)_pBA581,6.255307197570801,7739.0,2249,35.418015
ACTCGCACGGTACT,SPI1_pDS255,6.583094596862793,7438.0,2183,34.955635
ACTCTATGAGTTCG,62(mod)_pBA581,6.3932695388793945,7672.0,2293,36.874348
ACTCTATGGCCAAT,62(mod)_pBA581,5.984490871429443,5443.0,1647,41.24885
ACTCTATGGTGTAC,62(mod)_pBA581,6.008986949920654,10613.0,2779,33.00047
ACTCTATGTTCCAT,CREB1_pDS269,5.500834941864014,10969.0,2476,40.091156
ACTCTCCTACCTAG,62(mod)_pBA581,5.849975109100342,10391.0,2506,40.69868
ACTCTCCTCACACA,SNAI1_pDS266,5.949535369873047,7338.0,2229,35.45925
ACTCTCCTCTGTTT,ZNF326_pDS262,10.727182388305664,2972.0,1510,22.240915
ACTCTCCTTACTGG,62(mod)_pBA581,6.805598258972168,8676.0,2230,37.090824
ACTGAGACCGGTAT,ZNF326_pDS262,4.7177581787109375,11779.0,2826,36.43773
ACTGAGACTTACTC,SPI1_pDS255,5.304067134857178,14555.0,3214,33.56235
ACTGCCACACACGT,BHLHE40_pDS258,5.428622722625732,14783.0,2979,37.11696
ACTGCCACACTTTC,ZNF326_pDS262,5.860498428344727,8407.0,2349,38.26118
ACTGCCACAGCACT,62(mod)_pBA581,8.400022506713867,4138.0,1510,39.63267
ACTGCCTGAGAATG,EP300_pDS268,8.27974796295166,4011.0,1438,38.96784
ACTGCCTGGGCGAA,62(mod)_pBA581,6.350142955780029,10054.0,2471,38.889996
ACTGCCTGGGTTAC,62(mod)_pBA581,7.161623001098633,4597.0,1617,37.63862
ACTGCCTGTGTGGT,SNAI1_pDS266,6.1908440589904785,7845.0,2211,35.551308
ACTGCCTGTTTGTC,62(mod)_pBA581,4.347878456115723,14373.0,3050,41.366356
ACTGGCCTTGTGGT,62(mod)_pBA581,9.125750541687012,4286.0,1372,40.573963
ACTGTGGAACGCAT,DDIT3_pDS263,7.323729991912842,5309.0,1873,33.509136
ACTGTGGACTCAAG,SNAI1_pDS266,6.058981418609619,6517.0,1966,39.352562
ACTGTGGACTGTTT,CREB1_pDS269,5.07573938369751,11407.0,2677,36.465637
ACTGTGGAGCAGAG,CREB1_pDS269,7.799977779388428,10727.0,2865,34.61359
ACTGTGGAGCTCCT,EP300_pDS268,4.434919834136963,18954.0,3459,37.944496
ACTGTGGAGGTTAC,62(mod)_pBA581,5.774052143096924,10102.0,2551,36.068493
ACTGTTACAAGGGC,EP300_pDS268,6.039944171905518,9920.0,2645,35.419815
ACTGTTACAAGGTA,CREB1_pDS269,6.5160675048828125,8894.0,2369,36.110176
ACTGTTACCGATAC,ZNF326_pDS262,5.625417709350586,9047.0,2371,33.558086
ACTGTTACGCCAAT,SNAI1_pDS266,6.201811790466309,10556.0,2652,34.729065
ACTGTTACGGGCAA,ZNF326_pDS262,6.1545610427856445,8228.0,2407,28.196402
ACTGTTACTTTGGG,CREB1_pDS269,5.257958889007568,14035.0,3111,36.84098
ACTTAAGACAGGAG,BHLHE40_pDS258,6.1604413986206055,9643.0,2536,37.569977
ACTTAAGACTAGAC,SNAI1_pDS266,5.085609436035156,12877.0,2896,39.038597
ACTTAAGATCAGAC,EP300_pDS268,4.968221187591553,11556.0,2751,37.66009
ACTTAAGATCCTTA,CREB1_pDS269,5.0087571144104,11776.0,2800,36.379078
ACTTAAGATCTACT,62(mod)_pBA581,6.306036472320557,7418.0,2214,35.0364
ACTTAAGATTCACT,CREB1_pDS269,5.710186004638672,8560.0,2193,41.840908
ACTTAGCTGGGATG,BHLHE40_pDS258,5.50161075592041,8349.0,2295,35.87256
ACTTCAACCCCGTT,CREB1_pDS269,6.3120317459106445,9029.0,2310,36.135105
ACTTCAACGTGTCA,62(mod)_pBA581,6.254785060882568,8243.0,2213,39.31344
ACTTCAACTGTAGC,62(mod)_pBA581,5.476908206939697,10694.0,2584,35.209423
ACTTCCCTAAGATG,DDIT3_pDS263,5.504711151123047,10107.0,2519,34.965866
ACTTCTGAACACCA,BHLHE40_pDS258,6.620841026306152,11645.0,2978,36.771145
ACTTCTGAACGTGT,62(mod)_pBA581,5.315631866455078,10315.0,2604,36.839554
ACTTCTGACGACAT,SNAI1_pDS266,6.436502456665039,10567.0,2684,38.875744
ACTTCTGACTGCAA,ZNF326_pDS262,5.81751823425293,10001.0,2596,38.10619
ACTTCTGATTCTCA,62(mod)_pBA581,6.080127239227295,8866.0,2340,37.446426
ACTTGACTACGTTG,SPI1_pDS255,5.690810203552246,9717.0,2523,34.65061
ACTTGACTAGCGTT,SPI1_pDS255,6.0633745193481445,11612.0,2875,33.264446
ACTTGACTAGGAGC,SPI1_pDS255,4.5791192054748535,13281.0,2956,38.169086
ACTTGACTCAACTG,62(mod)_pBA581,5.290228843688965,11084.0,2794,34.082092
ACTTGACTCCCAAA,62(mod)_pBA581,4.755132675170898,17432.0,3405,40.64705
ACTTGACTGGACAG,BHLHE40_pDS258,7.112457275390625,6546.0,2094,35.029026
ACTTGACTTTGCGA,CREB1_pDS269,6.615818023681641,3817.0,1492,35.166275
ACTTGGGAGAGGGT,SNAI1_pDS266,4.701416969299316,10812.0,2719,35.978542
ACTTGTACTGCAGT,SNAI1_pDS266,5.593438148498535,11219.0,2782,35.734024
ACTTTGTGGACGAG,BHLHE40_pDS258,5.21490478515625,13885.0,3028,34.84805
ACTTTGTGTCTAGG,62(mod)_pBA581,5.9523606300354,10030.0,2662,34.253815
AGAAACGAAGACTC,SNAI1_pDS266,6.198395252227783,7928.0,2369,34.127884
AGAAACGAGGGATG,ZNF326_pDS262,5.12695837020874,12771.0,2932,36.058258
AGAAACGAGGTAGG,62(mod)_pBA581,4.778143882751465,22454.0,3842,41.591698
AGAAACGATATCTC,SPI1_pDS255,6.153035640716553,9898.0,2691,33.259243
AGAAAGTGCCTATT,62(mod)_pBA581,5.144612789154053,12312.0,2882,35.50195
AGAAAGTGGGTTTG,SPI1_pDS255,6.477700710296631,6190.0,1940,36.542812
AGAAAGTGTGGAGG,SNAI1_pDS266,5.3544392585754395,12334.0,2808,38.0381
AGAACAGAGGTTCA,SPI1_pDS255,4.674030303955078,15177.0,3238,42.00817
AGAACAGATTTACC,SPI1_pDS255,5.207955360412598,8895.0,2404,34.525013
AGAACGCTATGACC,CREB1_pDS269,6.032271385192871,7585.0,2077,39.063942
AGAACGCTGACACT,62(mod)_pBA581,4.633449554443359,18980.0,3543,38.604996
AGAACGCTGGATCT,BHLHE40_pDS258,5.473167419433594,12028.0,2829,35.957764
AGAACGCTGTGTTG,ZNF326_pDS262,6.326070785522461,9773.0,2465,38.489872
AGAAGATGCAGAGG,62(mod)_pBA581,5.905639171600342,7690.0,2309,32.9909
AGAAGATGCTAAGC,SPI1_pDS255,5.319751739501953,15936.0,3345,39.750267
AGAAGATGCTGAGT,ZNF326_pDS262,6.748389720916748,7421.0,2173,38.170303
AGAAGATGTGTGAC,EP300_pDS268,4.907863616943359,11257.0,2747,35.124813
AGAATACTACGTTG,CREB1_pDS269,4.709269046783447,12918.0,2925,39.43335
AGAATACTCAGGAG,62(mod)_pBA581,6.259068965911865,10124.0,2557,38.390125
AGAATACTCAGTCA,ZNF326_pDS262,5.603294372558594,11966.0,2911,36.667503
AGAATACTCCACCT,EP300_pDS268,5.345732688903809,10559.0,2541,41.63273
AGAATACTGACGGA,SNAI1_pDS266,5.993673801422119,6754.0,2086,36.674564
AGAATACTGAGGCA,SPI1_pDS255,9.337859153747559,2169.0,1002,31.705069
AGAATACTTCAGAC,DDIT3_pDS263,6.8604936599731445,9756.0,2625,34.296844
AGAATGGAGAGGGT,CREB1_pDS269,4.873974323272705,12311.0,2836,33.91813
AGAATGGATCGTGA,SPI1_pDS255,5.9959716796875,9612.0,2598,35.868095
AGAATGGATTCGCC,BHLHE40_pDS258,7.4076828956604,3781.0,1443,34.541126
AGAATTTGAACGTC,62(mod)_pBA581,6.591196537017822,8619.0,2405,32.21204
AGAATTTGAGTGTC,DDIT3_pDS263,6.081359386444092,7921.0,2180,39.149097
AGAATTTGGTCACA,62(mod)_pBA581,5.882662296295166,12219.0,2866,38.870705
AGACACACAGGCGA,DDIT3_pDS263,7.337120532989502,7751.0,2490,26.822346
AGACACACCACACA,BHLHE40_pDS258,4.593156337738037,14758.0,3054,36.436314
AGACACACTATGCG,CREB1_pDS269,5.3811235427856445,7994.0,2177,36.568283
AGACACACTGACAC,SNAI1_pDS266,5.3747453689575195,13285.0,3104,36.01054
AGACCTGAGTAAAG,SNAI1_pDS266,5.2069902420043945,9493.0,2409,36.7534
AGACGTACTTCGGA,62(mod)_pBA581,7.441550254821777,4748.0,1790,33.087616
AGACTCGACAGTCA,62(mod)_pBA581,5.566401958465576,11997.0,2768,36.86974
AGACTCGACGTAAC,62(mod)_pBA581,5.329021453857422,10707.0,2508,40.56225
AGACTCGAGCATAC,DDIT3_pDS263,5.104974269866943,9957.0,2442,36.657627
AGACTCGAGGAAAT,ZNF326_pDS262,5.899024486541748,12268.0,2912,34.05868
AGACTCGAGGTTAC,CREB1_pDS269,5.847343921661377,10192.0,2587,37.584618
AGACTCGAGTTCTT,EP300_pDS268,6.105038642883301,7667.0,2355,31.589931
AGACTGACGTCTGA,62(mod)_pBA581,5.5959014892578125,8347.0,2445,31.700012
AGACTGACTATCGG,EP300_pDS268,6.591337203979492,8368.0,2363,36.6352
AGACTGACTGATGC,SPI1_pDS255,5.552363395690918,11245.0,2860,28.06331
AGACTTCTAAGCAA,62(mod)_pBA581,7.515711307525635,3738.0,1437,39.154854
AGACTTCTATTCCT,EP300_pDS268,5.894920825958252,7104.0,2135,36.866554
AGACTTCTGAATAG,EP300_pDS268,5.890949249267578,8893.0,2391,40.61165
AGACTTCTGGAGCA,SNAI1_pDS266,5.162241458892822,10231.0,2560,37.16771
AGACTTCTTACTGG,62(mod)_pBA581,5.737198352813721,7631.0,2296,34.621937
AGACTTCTTAGACC,62(mod)_pBA581,5.931850433349609,10442.0,2476,39.57675
AGAGAAACGTCATG,SPI1_pDS255,5.177690029144287,10297.0,2530,34.514908
AGAGAAACTAGAAG,SPI1_pDS255,6.066730499267578,7569.0,2182,36.26635
AGAGAAACTCCGAA,EP300_pDS268,5.0802764892578125,10326.0,2686,37.083656
AGAGAAACTCTTTG,SPI1_pDS255,6.7041778564453125,7110.0,2091,35.072422
AGAGAAACTGCTAG,62(mod)_pBA581,6.495327472686768,9045.0,2440,37.02189
AGAGAATGCTGTTT,CREB1_pDS269,5.406557083129883,10634.0,2611,39.646416
AGAGAATGGGATTC,SPI1_pDS255,5.9489336013793945,9495.0,2369,40.73723
AGAGAATGGTATGC,EP300_pDS268,6.936313629150391,6461.0,1894,42.377342
AGAGAATGTTGTGG,ZNF326_pDS262,4.818451881408691,8825.0,2392,35.13881
AGAGATGAAAGTAG,EP300_pDS268,5.151952266693115,9954.0,2494,37.729786
AGAGATGAACGGGA,BHLHE40_pDS258,5.1432600021362305,12520.0,2928,33.99361
AGAGATGAAGAACA,CREB1_pDS269,5.249562740325928,14219.0,2983,38.427456
AGAGATGAGTCTAG,SPI1_pDS255,6.178196430206299,8314.0,2447,32.77604
AGAGCGGAATCACG,BHLHE40_pDS258,5.887265205383301,9427.0,2469,36.193913
AGAGCGGAATGTGC,62(mod)_pBA581,5.515035152435303,8462.0,2263,37.48523
AGAGCGGAGAACCT,DDIT3_pDS263,4.2708330154418945,24892.0,3885,43.2617
AGAGCGGATTGACG,62(mod)_pBA581,7.261819839477539,5617.0,1860,35.991455
AGAGCTACAAAAGC,SPI1_pDS255,5.251250743865967,14791.0,3167,36.715794
AGAGCTACACGCAT,DDIT3_pDS263,4.675879955291748,14745.0,3001,38.440147
AGAGCTACCTGCTC,62(mod)_pBA581,6.925574779510498,7026.0,2225,29.461998
AGAGCTACGCGTTA,62(mod)_pBA581,10.28552532196045,5672.0,1993,24.229618
AGAGCTACTTGACG,SNAI1_pDS266,5.525706768035889,7001.0,2181,34.318768
AGAGGTCTAGTAGA,62(mod)_pBA581,4.924123287200928,12776.0,2966,34.3613
AGAGGTCTGGAGGT,62(mod)_pBA581,5.970972537994385,10507.0,2733,32.616352
AGAGGTCTGTCCTC,EP300_pDS268,5.873843193054199,10285.0,2635,36.525375
AGAGGTCTTCTTTG,62(mod)_pBA581,5.4750657081604,9936.0,2636,35.38291
AGAGTCACCAGAAA,SPI1_pDS255,7.595478057861328,4488.0,1695,31.439394
AGAGTCACCCCTCA,62(mod)_pBA581,6.35341215133667,6931.0,2185,33.314095
AGAGTCACCTCCCA,ZNF326_pDS262,7.571874141693115,6807.0,2448,22.972973
AGAGTCACGAGGGT,62(mod)_pBA581,4.9498114585876465,10626.0,2697,37.92227
AGAGTCACGGGATG,62(mod)_pBA581,6.364290237426758,8693.0,2493,35.093166
AGAGTCACTCTAGG,ZNF326_pDS262,4.537689208984375,12868.0,2752,41.09419
AGAGTCACTGTCCC,SNAI1_pDS266,6.220530986785889,11149.0,2858,33.886448
AGAGTCTGAATGCC,62(mod)_pBA581,5.825185298919678,11780.0,2846,36.926994
AGAGTCTGACTGTG,62(mod)_pBA581,6.236865997314453,9529.0,2330,42.524395
AGAGTCTGCGCCTT,62(mod)_pBA581,5.937873840332031,10406.0,2636,37.42072
AGAGTCTGGCGTTA,SNAI1_pDS266,6.820661544799805,7336.0,2020,40.362595
AGAGTCTGTCTAGG,CREB1_pDS269,5.525319576263428,10258.0,2630,34.798714
AGAGTCTGTTTGCT,SPI1_pDS255,5.6181230545043945,11277.0,2693,36.300762
AGAGTGCTCGTAGT,62(mod)_pBA581,7.5941243171691895,3424.0,1293,38.726635
AGAGTGCTGATAAG,SNAI1_pDS266,6.300052642822266,9075.0,2351,39.400616
AGAGTGCTGCGAAG,BHLHE40_pDS258,5.698716163635254,8383.0,2256,37.619274
AGAGTGCTTTCCCG,BHLHE40_pDS258,5.734851837158203,9183.0,2423,39.179184
AGATATACACGGAG,ZNF326_pDS262,6.564730167388916,9403.0,2660,31.50787
AGATATACACTAGC,62(mod)_pBA581,5.975737571716309,7826.0,2252,38.32098
AGATATACCGATAC,SPI1_pDS255,5.576169490814209,11881.0,2819,36.97189
AGATATACGCGTTA,ZNF326_pDS262,6.837766170501709,8571.0,2327,36.856842
AGATATTGACGTTG,DDIT3_pDS263,7.701582908630371,7454.0,2278,32.143814
AGATATTGGGGAGT,BHLHE40_pDS258,5.7208571434021,11540.0,2759,36.99307
AGATATTGTAGTCG,62(mod)_pBA581,6.743293762207031,9563.0,2658,32.17982
AGATATTGTGCTCC,SPI1_pDS255,6.657455921173096,8369.0,2532,30.863903
AGATATTGTTTACC,62(mod)_pBA581,4.4036545753479,13800.0,3053,36.615944
AGATCGTGACGCAT,CREB1_pDS269,5.355942249298096,7197.0,2032,38.932888
AGATCGTGCTCTTA,CREB1_pDS269,6.001899242401123,8287.0,2298,34.78943
AGATCGTGCTGATG,62(mod)_pBA581,5.718931198120117,9011.0,2414,37.986904
AGATCTCTGATAGA,BHLHE40_pDS258,6.088169097900391,10799.0,2716,38.46866
AGATCTCTTTGCAG,62(mod)_pBA581,5.075141906738281,14675.0,3043,41.639412
AGATTAACAAGCAA,EP300_pDS268,6.402324199676514,8373.0,2342,35.196465
AGATTCCTATCAGC,62(mod)_pBA581,6.844522476196289,8021.0,2319,34.858498
AGATTCCTGGAAAT,EP300_pDS268,5.3080902099609375,9783.0,2617,35.12215
AGATTCCTGGGCAA,SPI1_pDS255,7.069530487060547,8020.0,2230,35.872818
AGATTCCTTCGTGA,SNAI1_pDS266,6.19995641708374,7514.0,2334,28.147459
AGATTCCTTCGTTT,ZNF326_pDS262,6.507012844085693,8050.0,2342,31.78882
AGCAAAGAGGAGCA,SPI1_pDS255,6.524399280548096,8042.0,2196,40.027355
AGCAAAGATCTATC,62(mod)_pBA581,6.315048694610596,8569.0,2258,38.055782
AGCAAAGATCTCGC,SNAI1_pDS266,5.144164562225342,13444.0,2911,39.86612
AGCAAAGATGATGC,62(mod)_pBA581,6.881756782531738,8216.0,2354,31.726908
AGCAACACGGACGA,BHLHE40_pDS258,7.04326868057251,6201.0,1757,47.0408
AGCAACACGGTAAA,62(mod)_pBA581,5.8105316162109375,13220.0,3000,40.01513
AGCAACACGTTGGT,62(mod)_pBA581,5.8308916091918945,10415.0,2638,36.341816
AGCAACACTTTGCT,62(mod)_pBA581,5.837788105010986,10833.0,2754,35.474937
AGCAAGCTAGTACC,SPI1_pDS255,6.663949966430664,7165.0,2310,29.002094
AGCAAGCTCGTTGA,EP300_pDS268,5.9045257568359375,7417.0,2158,36.079277
AGCAAGCTCTTGAG,62(mod)_pBA581,7.604405403137207,4205.0,1437,41.74988
AGCAAGCTTCTCCG,EP300_pDS268,8.112292289733887,7240.0,2086,38.31492
AGCAAGCTTTCTCA,SPI1_pDS255,6.105465412139893,10267.0,2711,31.077133
AGCACAACAGCCTA,BHLHE40_pDS258,7.221724987030029,5208.0,1666,37.5192
AGCACAACCCTCGT,62(mod)_pBA581,5.923201084136963,10477.0,2865,29.197289
AGCACAACCTAGAC,CREB1_pDS269,5.15425968170166,14000.0,3027,36.833084
AGCACAACGCGTTA,BHLHE40_pDS258,6.269184112548828,9810.0,2494,37.410805
AGCACAACGTGAGG,SPI1_pDS255,5.9266676902771,8226.0,2398,34.69065
AGCACAACTCAAGC,EP300_pDS268,5.969655513763428,6729.0,2083,35.800266
AGCACTGAAGATCC,62(mod)_pBA581,5.753732204437256,10459.0,2565,37.70915
AGCACTGACAGGAG,BHLHE40_pDS258,5.175187587738037,15258.0,3257,38.62236
AGCACTGACGATAC,62(mod)_pBA581,5.985418319702148,4765.0,1570,39.550987
AGCACTGAGAAGGC,EP300_pDS268,5.50963020324707,10263.0,2539,36.792362
AGCACTGAGTTCAG,CREB1_pDS269,5.932261943817139,11175.0,2718,37.673378
AGCACTGATCTATC,ZNF326_pDS262,4.882338523864746,14696.0,3189,38.316547
AGCACTGATGCCCT,62(mod)_pBA581,5.558103561401367,10314.0,2680,33.737274
AGCACTGATTCTAC,EP300_pDS268,4.685776710510254,12604.0,2704,39.777866
AGCATGACTTCGTT,62(mod)_pBA581,6.001535892486572,8511.0,2344,36.336937
AGCATTCTACGTTG,BHLHE40_pDS258,10.15369701385498,5884.0,2074,28.008158
AGCATTCTCCTCCA,BHLHE40_pDS258,5.757363796234131,10182.0,2643,34.570812
AGCATTCTGGACTT,EP300_pDS268,6.790165901184082,8816.0,2377,36.25227
AGCATTCTTAGAGA,62(mod)_pBA581,5.961214542388916,12373.0,3033,32.506264
AGCCAATGCGTTGA,SNAI1_pDS266,6.992774963378906,8909.0,2529,36.64422
AGCCAATGTCACGA,62(mod)_pBA581,6.927740097045898,8936.0,2399,36.35855
AGCCACCTAGGCGA,DDIT3_pDS263,6.600556373596191,7584.0,2417,26.209623
AGCCACCTCCCGTT,SNAI1_pDS266,6.288175106048584,10562.0,2790,35.548615
AGCCACCTCGCCTT,ZNF326_pDS262,5.829429626464844,12409.0,2924,35.31308
AGCCACCTGTCACA,SNAI1_pDS266,5.7647199630737305,11712.0,2949,30.90847
AGCCACCTGTTCTT,62(mod)_pBA581,7.265655517578125,5912.0,2101,30.158998
AGCCGGACAAGTAG,62(mod)_pBA581,6.507917881011963,9428.0,2515,38.201294
AGCCGGACATCTCT,62(mod)_pBA581,6.060478687286377,10471.0,2693,35.35479
AGCCGGACGTATCG,SNAI1_pDS266,5.901451110839844,11095.0,2649,41.511986
AGCCGGTGATAAGG,SPI1_pDS255,8.01919174194336,3834.0,1482,34.194054
AGCCGGTGGCGTTA,EP300_pDS268,4.86285924911499,11227.0,2753,34.30124
AGCCGGTGGCTTAG,SPI1_pDS255,5.759137153625488,11983.0,2850,34.34866
AGCCGTCTAGAGAT,EP300_pDS268,6.6643757820129395,6100.0,2056,36.409836
AGCCGTCTCTAGTG,CREB1_pDS269,5.394762992858887,11910.0,2870,36.036263
AGCCGTCTGGTACT,EP300_pDS268,4.312168598175049,19409.0,3627,36.570663
AGCCTCACAGGCGA,EP300_pDS268,5.156366348266602,15223.0,3011,44.189713
AGCCTCACATCGTG,BHLHE40_pDS258,6.421306610107422,10596.0,2711,36.81578
AGCCTCACCGTTAG,62(mod)_pBA581,5.290525913238525,9952.0,2515,37.435947
AGCCTCACGGGAGT,BHLHE40_pDS258,6.0361409187316895,10396.0,2659,37.043095
AGCCTCTGCTTATC,EP300_pDS268,5.060867786407471,14676.0,3030,40.065414
AGCCTCTGGACGGA,62(mod)_pBA581,6.56345272064209,8758.0,2436,35.978535
AGCCTCTGGCATAC,EP300_pDS268,6.208159923553467,9725.0,2597,32.195374
AGCCTCTGGGCAAG,62(mod)_pBA581,4.949101448059082,15937.0,3231,39.919685
AGCCTCTGGGTATC,CREB1_pDS269,4.914215564727783,14893.0,3071,36.8043
AGCCTCTGGGTTTG,EP300_pDS268,8.210857391357422,5074.0,1654,37.406387
AGCCTCTGGTGAGG,62(mod)_pBA581,6.64976692199707,7517.0,2387,28.620827
AGCCTCTGTGAGCT,SPI1_pDS255,5.199206352233887,15391.0,3258,38.247143
AGCCTCTGTGGGAG,SPI1_pDS255,6.14444637298584,10747.0,2869,33.206177
AGCGAACTATGTCG,SNAI1_pDS266,9.586883544921875,2029.0,972,32.08477
AGCGAACTCCTCCA,EP300_pDS268,7.715917110443115,7256.0,2203,35.979053
AGCGAACTCGACAT,SPI1_pDS255,4.894281387329102,13042.0,2940,36.62015
AGCGAACTCTTTAC,SPI1_pDS255,5.690133094787598,8475.0,2360,35.315636
AGCGAACTGCGAGA,62(mod)_pBA581,6.585407257080078,7991.0,2234,38.918785
AGCGAACTGTAGGG,62(mod)_pBA581,6.083829879760742,8094.0,2421,29.873981
AGCGAACTTCCTTA,DDIT3_pDS263,4.9430832862854,14781.0,3096,40.63726
AGCGAACTTGGGAG,ZNF326_pDS262,5.803772449493408,9569.0,2562,36.764553
AGCGATACCCCTCA,SPI1_pDS255,7.081615447998047,8638.0,2412,35.119804
AGCGATACCTTAGG,62(mod)_pBA581,4.899582386016846,13396.0,2994,35.76441
AGCGATACGGCATT,62(mod)_pBA581,4.866282939910889,16413.0,3347,36.550297
AGCGATACGTCGTA,62(mod)_pBA581,7.8835978507995605,6357.0,1984,39.35819
AGCGATACGTGTCA,62(mod)_pBA581,5.335464954376221,9196.0,2377,34.67812
AGCGATACTGTCCC,62(mod)_pBA581,7.085987567901611,6195.0,1878,41.904762
AGCGATTGCTCTAT,62(mod)_pBA581,4.812260150909424,16339.0,3334,39.179928
AGCGATTGGCGATT,EP300_pDS268,5.255543231964111,8420.0,2266,36.04085
AGCGATTGGTACGT,EP300_pDS268,4.894473552703857,11931.0,2780,38.048943
AGCGATTGGTCACA,DDIT3_pDS263,6.4087653160095215,8064.0,2381,33.44494
AGCGATTGTAGAAG,SNAI1_pDS266,5.932238578796387,10202.0,2524,39.815723
AGCGATTGTAGACC,BHLHE40_pDS258,5.75068998336792,11242.0,2784,30.323786
AGCGATTGTATCTC,EP300_pDS268,5.555418014526367,9855.0,2615,35.7585
AGCGCCGACGTTAG,62(mod)_pBA581,7.545464038848877,5183.0,1687,39.467594
AGCGCCGAGCTTAG,62(mod)_pBA581,6.336019515991211,7779.0,2180,37.892033
AGCGCCGAGTCTAG,EP300_pDS268,5.352604389190674,7976.0,2228,36.735207
AGCGCTCTGGACAG,BHLHE40_pDS258,5.597336769104004,7217.0,2172,33.531937
AGCGGCACAGCAAA,62(mod)_pBA581,6.094094753265381,8626.0,2345,36.86102
AGCGGCACCACTAG,SNAI1_pDS266,9.056905746459961,4857.0,1766,33.98518
AGCGGCACCTGTAG,EP300_pDS268,5.2200093269348145,10992.0,2694,35.319263
AGCGGCACGGTACT,DDIT3_pDS263,5.917439937591553,7870.0,2389,31.558887
AGCGGCTGAAGCCT,62(mod)_pBA581,7.468966007232666,3071.0,1147,43.11299
AGCGGCTGTTGGTG,DDIT3_pDS263,6.0048604011535645,6867.0,2032,35.357506
AGCGGGCTCATCAG,62(mod)_pBA581,5.9215240478515625,6274.0,1866,37.248962
AGCGGGCTTCTTCA,EP300_pDS268,7.739487171173096,7408.0,2421,30.476448
AGCGGGCTTGGAGG,DDIT3_pDS263,5.2613525390625,11767.0,2853,35.421093
AGCGTAACCGCAAT,ZNF326_pDS262,8.791625022888184,3558.0,1450,32.012367
AGCGTAACGTAAAG,CREB1_pDS269,6.133153915405273,9237.0,2503,35.206234
AGCTCGCTATTCCT,BHLHE40_pDS258,5.132107734680176,12264.0,2795,35.322895
AGCTCGCTCTGTCC,EP300_pDS268,7.402580738067627,7074.0,2307,28.387735
AGCTCGCTGAACCT,BHLHE40_pDS258,7.285838603973389,5646.0,1922,36.875664
AGCTGAACCACTGA,62(mod)_pBA581,5.44232177734375,11536.0,2773,37.562836
AGCTGAACGACGGA,BHLHE40_pDS258,5.577000141143799,14444.0,3116,38.76082
AGCTGAACGCTAAC,EP300_pDS268,4.846333026885986,12033.0,2849,38.909664
AGCTGAACGTATGC,ZNF326_pDS262,6.579983234405518,7034.0,2121,33.617626
AGCTGAACTGCTCC,62(mod)_pBA581,4.788427829742432,13126.0,3060,35.12113
AGCTGAACTGGGAG,DDIT3_pDS263,6.448022365570068,7440.0,2291,29.946236
AGCTGAACTTACTC,SNAI1_pDS266,6.698943614959717,6943.0,2050,40.803688
AGCTGCCTAAGTGA,SPI1_pDS255,16.64785385131836,2351.0,1096,27.86746
AGCTGCCTCAGCTA,BHLHE40_pDS258,5.739804267883301,12333.0,2898,29.82001
AGCTGCCTCTTGGA,BHLHE40_pDS258,4.974486351013184,8251.0,2287,35.26845
AGCTGCCTGAGGGT,EP300_pDS268,6.399433612823486,8710.0,2416,36.532722
AGCTGCCTTCGCTC,SPI1_pDS255,6.463623523712158,7725.0,2291,33.769093
AGCTGCCTTTCGCC,SNAI1_pDS266,5.071651458740234,8963.0,2364,37.82216
AGCTGTGACACCAA,ZNF326_pDS262,4.452569007873535,13547.0,2991,37.129993
AGCTGTGACGTTGA,DDIT3_pDS263,6.927470684051514,7704.0,2135,37.72385
AGCTTACTCTCTCG,ZNF326_pDS262,5.740638256072998,9722.0,2699,28.283451
AGCTTTACCCTAAG,SPI1_pDS255,7.706244945526123,6906.0,2337,31.171276
AGCTTTACTATCTC,SNAI1_pDS266,5.5320844650268555,9852.0,2528,36.93666
AGCTTTACTTGGTG,EP300_pDS268,5.914609909057617,9328.0,2418,36.413334
AGGAAATGAGATGA,BHLHE40_pDS258,5.6746134757995605,8936.0,2582,32.47175
AGGAAATGCACCAA,62(mod)_pBA581,5.496440887451172,10037.0,2507,37.82626
AGGAAATGTTCGTT,62(mod)_pBA581,5.632662296295166,9590.0,2536,36.37027
AGGAACCTCAGGAG,BHLHE40_pDS258,4.940613746643066,13096.0,2864,40.10079
AGGAACCTCGATAC,62(mod)_pBA581,5.719593524932861,9189.0,2478,39.14463
AGGAACCTGGTTAC,62(mod)_pBA581,5.050212383270264,13698.0,3045,36.02453
AGGAACCTTCTCGC,62(mod)_pBA581,6.864142894744873,5728.0,1897,30.551676
AGGAATGAACGGAG,BHLHE40_pDS258,7.18271541595459,4418.0,1499,40.153915
AGGAATGAACGGGA,BHLHE40_pDS258,5.501096248626709,12301.0,3009,33.89968
AGGAATGACCTAAG,ZNF326_pDS262,6.965421676635742,6490.0,2136,32.865948
AGGAATGATGACTG,DDIT3_pDS263,5.552433967590332,8643.0,2392,33.206062
AGGAATGATGTCGA,SNAI1_pDS266,6.734177589416504,8569.0,2413,35.03326
AGGAATGATTTGGG,EP300_pDS268,4.808587551116943,14319.0,2978,38.030727
AGGACACTACTTTC,62(mod)_pBA581,4.605839729309082,20334.0,3690,41.644535
AGGACACTATCTTC,BHLHE40_pDS258,5.489386081695557,11286.0,2708,38.832287
AGGACACTCTACCC,ZNF326_pDS262,5.2077412605285645,13376.0,3019,34.322666
AGGACACTGACAAA,DDIT3_pDS263,6.117883205413818,9272.0,2562,30.99655
AGGACACTGCGGAA,CREB1_pDS269,7.282880783081055,6286.0,2127,32.27808
AGGACACTGGTATC,DDIT3_pDS263,5.465028285980225,9732.0,2441,37.14168
AGGACACTTGAACC,62(mod)_pBA581,5.081893444061279,11020.0,2714,36.47582
AGGACTTGTAGTCG,ZNF326_pDS262,7.156325340270996,7536.0,2301,32.33382
AGGAGTCTTGGATC,62(mod)_pBA581,5.331146240234375,11090.0,2689,38.16952
AGGATAGAGACAGG,EP300_pDS268,5.5541768074035645,10333.0,2616,37.985096
AGGATAGAGGTAAA,SNAI1_pDS266,7.119638442993164,9298.0,2573,31.361584
AGGATGCTACCTAG,BHLHE40_pDS258,5.9671311378479,8813.0,2461,34.528538
AGGATGCTACCTTT,SPI1_pDS255,6.748282432556152,9570.0,2695,34.660397
AGGATGCTCTTTAC,62(mod)_pBA581,5.327624320983887,10552.0,2524,36.529896
AGGATGCTGTTCTT,DDIT3_pDS263,4.713361740112305,15915.0,3280,36.52529
AGGCAACTAACCTG,62(mod)_pBA581,5.364875793457031,22745.0,4124,31.454697
AGGCAACTAGAGGC,62(mod)_pBA581,5.807765007019043,10029.0,2715,33.8618
AGGCAACTGCCCTT,62(mod)_pBA581,5.582590103149414,10132.0,2686,29.89538
AGGCAACTGGTGGA,SPI1_pDS255,8.785416603088379,5263.0,1894,31.49696
AGGCAACTTTGTGG,SPI1_pDS255,6.528143405914307,7496.0,2250,32.07044
AGGCAGGAACCATG,SNAI1_pDS266,5.760024547576904,9531.0,2440,34.644844
AGGCAGGAGCGTTA,DDIT3_pDS263,4.730793476104736,13329.0,2958,38.88972
AGGCAGGATGCTTT,62(mod)_pBA581,12.01996898651123,4747.0,1751,25.536842
AGGCAGGATTCACT,62(mod)_pBA581,4.75083065032959,14729.0,3137,34.39473
AGGCCTCTGCAAGG,DDIT3_pDS263,5.070908546447754,9062.0,2362,37.530346
AGGCCTCTGCATCA,62(mod)_pBA581,4.988673686981201,12286.0,3068,34.437572
AGGCCTCTGCGATT,DDIT3_pDS263,6.620907783508301,7252.0,2187,33.177055
AGGCTAACACCATG,BHLHE40_pDS258,6.4945173263549805,9322.0,2593,30.558832
AGGCTAACCTCAAG,EP300_pDS268,5.469277858734131,11663.0,2694,35.32539
AGGGACGAAAAACG,SPI1_pDS255,6.102949142456055,8966.0,2410,35.02119
AGGGACGAAATCGC,SNAI1_pDS266,4.999480724334717,9535.0,2522,30.60304
AGGGACGACAGATC,62(mod)_pBA581,5.237324237823486,10136.0,2526,37.00306
AGGGACGAGCGGAA,62(mod)_pBA581,9.990592002868652,5618.0,2000,30.11212
AGGGACGATTCATC,SPI1_pDS255,5.9520978927612305,8217.0,2247,33.880978
AGGGACGATTGCTT,SNAI1_pDS266,6.303749084472656,10128.0,2761,29.265404
AGGGAGTGAAAAGC,BHLHE40_pDS258,7.344018459320068,8166.0,2414,30.219175
AGGGAGTGAGCGGA,SPI1_pDS255,5.646780014038086,6605.0,2154,30.643452
AGGGAGTGCGGGAA,CREB1_pDS269,4.946459770202637,14114.0,3021,39.433228
AGGGAGTGGAGCTT,SPI1_pDS255,6.363532066345215,8839.0,2421,35.399933
AGGGAGTGTCAAGC,62(mod)_pBA581,5.766135215759277,11590.0,2811,36.764454
AGGGAGTGTTTGGG,SPI1_pDS255,8.124164581298828,4841.0,1739,32.61723
AGGGCCACCCACAA,BHLHE40_pDS258,6.21956205368042,8480.0,2519,32.897064
AGGGCCACCCCTAC,BHLHE40_pDS258,6.104887008666992,10280.0,2778,30.541777
AGGGCCACCCTCAC,ZNF326_pDS262,5.233314514160156,11081.0,2723,35.33977
AGGGCCACCGGGAA,62(mod)_pBA581,5.69238805770874,8508.0,2168,40.275
AGGGCCACCGTGTA,SNAI1_pDS266,5.341584205627441,9877.0,2514,37.319023
AGGGCCACGCTGAT,EP300_pDS268,6.324366092681885,5600.0,1876,33.40475
AGGGCCTGAAGAGT,62(mod)_pBA581,8.302450180053711,5216.0,1812,31.940184
AGGGCCTGAGCTAC,SNAI1_pDS266,5.672645092010498,12962.0,3135,31.890766
AGGGCCTGCAAAGA,BHLHE40_pDS258,6.23263692855835,9471.0,2513,37.2638
AGGGCCTGCAGTTG,CREB1_pDS269,5.323010444641113,11161.0,2685,36.896336
AGGGCCTGCTTCCG,62(mod)_pBA581,8.529921531677246,3457.0,1266,42.31993
AGGGCGCTAAAAGC,62(mod)_pBA581,5.531375408172607,8800.0,2341,36.052723
AGGGCGCTGCGGAA,62(mod)_pBA581,7.1909966468811035,2755.0,1116,37.313976
AGGGTGGAAAGGTA,SNAI1_pDS266,5.515069961547852,9172.0,2379,35.90275
AGGGTGGACAGTTG,62(mod)_pBA581,5.606190204620361,10177.0,2523,38.667847
AGGGTGGACCGCTT,CREB1_pDS269,5.591758728027344,9189.0,2298,36.2281
AGGGTGGACGCAAT,DDIT3_pDS263,10.416319847106934,2173.0,1152,23.19374
AGGGTTTGCGAGTT,SNAI1_pDS266,5.885501861572266,11894.0,2769,39.5998
AGGGTTTGCGCCTT,ZNF326_pDS262,5.027578353881836,13129.0,2955,34.838905
AGGGTTTGCTCCAC,BHLHE40_pDS258,5.451121807098389,12987.0,2851,39.56729
AGGTACACAACAGA,62(mod)_pBA581,5.706022262573242,9441.0,2479,37.739647
AGGTACACCCTTCG,EP300_pDS268,4.760508060455322,18421.0,3705,31.420662
AGGTACACCTTCGC,DDIT3_pDS263,5.880320072174072,10180.0,2869,29.174852
AGGTACACGCTTCC,ZNF326_pDS262,5.1748223304748535,9962.0,2567,36.03694
AGGTACACTGCACA,62(mod)_pBA581,5.810268878936768,12726.0,2941,37.337944
AGGTACTGCGGAGA,ZNF326_pDS262,6.032810688018799,8816.0,2341,36.240925
AGGTACTGTGACTG,CREB1_pDS269,5.681748867034912,12803.0,3191,33.822727
AGGTACTGTGGTAC,EP300_pDS268,5.816725254058838,8605.0,2341,36.28123
AGGTCATGACTCAG,SPI1_pDS255,6.226548194885254,7659.0,2319,28.136833
AGGTCATGACTTTC,SPI1_pDS255,5.314058780670166,13795.0,3129,33.95187
AGGTCATGATGTCG,EP300_pDS268,7.086017608642578,8458.0,2491,33.80232
AGGTCATGCTCAGA,EP300_pDS268,8.260892868041992,4709.0,1705,32.193672
AGGTCATGGCGTTA,BHLHE40_pDS258,5.24283504486084,10408.0,2536,38.06687
AGGTCATGTGCTGA,SNAI1_pDS266,6.135561466217041,10255.0,2701,34.067863
AGGTCATGTGTCGA,62(mod)_pBA581,5.745269298553467,10364.0,2412,41.07091
AGGTCTGAAGGAGC,SPI1_pDS255,6.214627742767334,12062.0,3112,32.299786
AGGTCTGAGACAGG,ZNF326_pDS262,6.899539470672607,9777.0,2525,36.652695
AGGTGGGAAGAGGC,62(mod)_pBA581,7.095037937164307,7652.0,2001,43.700993
AGGTGGGACAATCG,EP300_pDS268,5.557686805725098,10393.0,2577,35.29921
AGGTGTTGACCAAC,SPI1_pDS255,5.105173110961914,12743.0,2811,39.124294
AGGTGTTGCTTCTA,CREB1_pDS269,5.516275882720947,7664.0,2245,36.868885
AGGTGTTGGGCATT,CREB1_pDS269,5.738398551940918,7639.0,2171,36.182747
AGGTGTTGTGTCGA,62(mod)_pBA581,6.127737998962402,8967.0,2449,36.199398
AGGTGTTGTTTGTC,EP300_pDS268,5.446191787719727,10018.0,2426,37.801956
AGGTTCGAAGACTC,SPI1_pDS255,7.068370819091797,7054.0,2209,35.11483
AGGTTCGACTTGAG,EP300_pDS268,5.341059684753418,8310.0,2205,38.86883
AGGTTCGAGGTTAC,DDIT3_pDS263,6.8254780769348145,7645.0,2446,28.567692
AGGTTGTGAGGGTG,SPI1_pDS255,6.158078193664551,10098.0,2741,35.30402
AGGTTGTGGCAGTT,SPI1_pDS255,6.068039894104004,8463.0,2318,34.71582
AGGTTGTGGCGAGA,ZNF326_pDS262,4.8922271728515625,11769.0,2668,36.35823
AGGTTGTGTAACCG,SPI1_pDS255,6.298154354095459,8472.0,2244,35.115677
AGTAAGGACGAGAG,CREB1_pDS269,5.296952724456787,9417.0,2491,37.134968
AGTAAGGATTCTCA,SPI1_pDS255,16.08200454711914,4310.0,1758,22.848528
AGTAATACGGTTAC,BHLHE40_pDS258,5.490028381347656,10280.0,2609,38.11284
AGTAATTGACACGT,CREB1_pDS269,5.663680076599121,10439.0,2621,34.91379
AGTAATTGCAGAAA,SPI1_pDS255,5.426859378814697,12392.0,2805,37.2337
AGTAATTGTGAGAA,ZNF326_pDS262,11.744029998779297,10244.0,2864,30.977943
AGTACGTGAGCCTA,62(mod)_pBA581,4.9646172523498535,15100.0,3180,38.357616
AGTACGTGCACTGA,EP300_pDS268,4.930357933044434,14487.0,3110,37.27913
AGTACGTGGCGTAT,EP300_pDS268,5.593010425567627,8944.0,2602,32.107323
AGTACTCTATCTTC,SNAI1_pDS266,5.886168003082275,11237.0,2831,33.502403
AGTACTCTTCGTAG,DDIT3_pDS263,4.688505172729492,9266.0,2476,37.112957
AGTAGAGAACCGAT,BHLHE40_pDS258,5.068789958953857,17313.0,3446,39.34038
AGTAGAGAGTTTCT,SPI1_pDS255,5.474734306335449,11482.0,2738,39.075153
AGTAGAGATCGTTT,ZNF326_pDS262,6.375718116760254,8784.0,2466,36.23947
AGTAGAGATCTGGA,62(mod)_pBA581,5.046848773956299,12336.0,2807,36.324577
AGTAGGCTACCATG,62(mod)_pBA581,5.490785121917725,7167.0,2113,35.551834
AGTAGGCTACGGTT,EP300_pDS268,5.857587814331055,10684.0,2734,36.96181
AGTATAACACGCAT,BHLHE40_pDS258,5.337658882141113,12668.0,2975,37.18819
AGTATAACAGATCC,62(mod)_pBA581,5.009906768798828,10920.0,2603,35.70186
AGTATAACCCATAG,EP300_pDS268,5.748043060302734,8351.0,2376,37.42067
AGTATCCTATCGAC,62(mod)_pBA581,5.844091415405273,7074.0,2188,34.082558
AGTATCCTGTAGGG,BHLHE40_pDS258,5.276460647583008,16123.0,3307,35.92781
AGTATCCTTATCTC,62(mod)_pBA581,5.10084867477417,10579.0,2538,41.667454
AGTATCCTTGCCAA,CREB1_pDS269,6.0867486000061035,8666.0,2337,38.056774
AGTCACGAAATGCC,BHLHE40_pDS258,5.913146018981934,11750.0,2829,37.307465
AGTCACGAACAGCT,62(mod)_pBA581,4.788420677185059,17860.0,3508,39.81523
AGTCACGATCCTGC,62(mod)_pBA581,5.345489025115967,10793.0,2702,36.09747
AGTCACGATTGCGA,CREB1_pDS269,5.545116901397705,11770.0,2752,30.35684
AGTCAGACACGGAG,62(mod)_pBA581,8.987151145935059,5203.0,1820,34.99904
AGTCAGACAGTACC,62(mod)_pBA581,4.976617813110352,12407.0,2702,37.414364
AGTCAGACGAACTC,62(mod)_pBA581,5.749072074890137,10831.0,2652,36.21342
AGTCAGACGCAGAG,ZNF326_pDS262,5.440680503845215,7119.0,2131,36.367466
AGTCCAGAAACGAA,EP300_pDS268,5.884311676025391,9547.0,2425,36.01131
AGTCCAGAACAGTC,62(mod)_pBA581,5.731208801269531,12374.0,2870,34.07952
AGTCCAGACCACCT,ZNF326_pDS262,6.4418230056762695,9705.0,2595,35.59654
AGTCCAGACCATAG,62(mod)_pBA581,5.576968669891357,14522.0,3296,35.268196
AGTCCAGAGTACGT,CREB1_pDS269,4.57887601852417,17506.0,3374,36.714645
AGTCGAACACACGT,DDIT3_pDS263,4.9526686668396,12019.0,2948,35.294117
AGTCGAACATCACG,SNAI1_pDS266,6.184917449951172,8651.0,2439,31.557045
AGTCGAACTAGCCA,EP300_pDS268,5.349562168121338,10471.0,2634,34.807106
AGTCGAACTCTCTA,SNAI1_pDS266,6.949912071228027,7700.0,2133,39.493507
AGTCGAACTTCATC,DDIT3_pDS263,4.434542179107666,17717.0,3509,35.555054
AGTCGCCTAACCGT,62(mod)_pBA581,6.032605171203613,8976.0,2501,33.355614
AGTCGCCTACTACG,DDIT3_pDS263,4.62186861038208,9557.0,2515,33.06477
AGTCGCCTATGTGC,ZNF326_pDS262,5.924781322479248,10144.0,2651,38.840694
AGTCGCCTTTTCGT,SPI1_pDS255,5.620869159698486,9552.0,2706,34.481316
AGTCTACTCGTCTC,62(mod)_pBA581,5.560381889343262,9267.0,2393,39.04176
AGTCTACTGTATGC,CREB1_pDS269,5.391577243804932,11072.0,2726,41.763004
AGTCTACTTTGGCA,ZNF326_pDS262,5.258857250213623,11328.0,2798,35.91102
AGTCTTACGAGATA,ZNF326_pDS262,6.6763458251953125,7916.0,2354,33.527035
AGTGAAGAACGCTA,62(mod)_pBA581,9.588589668273926,5628.0,2075,25.06662
AGTGAAGAACGGTT,SNAI1_pDS266,5.78696870803833,7577.0,2180,37.204697
AGTGAAGAGACTAC,SPI1_pDS255,5.234023571014404,11803.0,2873,36.092518
AGTGACACACGACT,62(mod)_pBA581,4.847902774810791,17347.0,3264,40.400024
AGTGACACCCTTGC,BHLHE40_pDS258,6.574636936187744,10928.0,2858,32.07979
AGTGACACGGGTGA,62(mod)_pBA581,4.703864574432373,13816.0,3005,32.141563
AGTGACACGTGTTG,62(mod)_pBA581,5.926116943359375,6069.0,1874,36.21684
AGTGACACGTTCGA,ZNF326_pDS262,6.146251678466797,10708.0,2647,38.631058
AGTGACACTAACGC,BHLHE40_pDS258,6.952906131744385,3125.0,1322,31.104
AGTGACACTGAGCT,SNAI1_pDS266,4.812350749969482,13979.0,2998,41.69111
AGTGACTGATGCCA,BHLHE40_pDS258,4.842583656311035,16154.0,3179,36.51501
AGTGACTGCCTCGT,SPI1_pDS255,5.007123947143555,13693.0,3102,33.676525
AGTGACTGCTCAGA,ZNF326_pDS262,5.7997636795043945,9622.0,2541,36.77265
AGTGACTGGAGACG,62(mod)_pBA581,6.362794876098633,8588.0,2124,39.15929
AGTGACTGGTCACA,BHLHE40_pDS258,5.284184455871582,13095.0,3070,35.379917
AGTGCAACCTTATC,SNAI1_pDS266,7.610774993896484,4773.0,1588,39.67323
AGTGCAACCTTCCG,62(mod)_pBA581,5.686130523681641,8692.0,2227,39.645653
AGTGCAACTCCTTA,EP300_pDS268,5.583494663238525,7138.0,1813,44.824203
AGTGCAACTTATCC,62(mod)_pBA581,8.321901321411133,4435.0,1638,34.656143
AGTGCAACTTTGCT,62(mod)_pBA581,5.9668097496032715,8396.0,2356,34.33369
AGTGTGACACACTG,DDIT3_pDS263,5.512275695800781,8026.0,2250,38.108883
AGTGTGACACCACA,62(mod)_pBA581,5.728598594665527,10891.0,2706,37.449505
AGTGTGACCAACCA,62(mod)_pBA581,7.290284633636475,7519.0,2363,30.256683
AGTGTTCTCTTCGC,BHLHE40_pDS258,5.010242462158203,12327.0,2882,36.56202
AGTGTTCTGACACT,EP300_pDS268,6.1488871574401855,10966.0,2782,34.76477
AGTGTTCTTCGTTT,EP300_pDS268,5.730889797210693,9016.0,2266,35.692104
AGTTAAACAAGAAC,BHLHE40_pDS258,5.893252849578857,9477.0,2478,37.86008
AGTTAAACAAGAGT,EP300_pDS268,5.2749714851379395,12486.0,2899,36.576965
AGTTAAACAGCTAC,ZNF326_pDS262,5.253949165344238,11319.0,2715,34.83523
AGTTAAACCAGCTA,62(mod)_pBA581,8.08156967163086,4754.0,1688,36.937317
AGTTAAACGACGGA,62(mod)_pBA581,5.488451957702637,9500.0,2427,37.505264
AGTTAAACGGTTTG,EP300_pDS268,5.630538463592529,14087.0,3170,36.9934
AGTTAAACTATGGC,ZNF326_pDS262,5.730320453643799,9458.0,2533,36.07528
AGTTATGATCCTAT,DDIT3_pDS263,9.852893829345703,7252.0,2387,27.138725
AGTTATGATTGCGA,ZNF326_pDS262,6.6860880851745605,7294.0,2271,33.232796
AGTTCTACACCACA,ZNF326_pDS262,5.072629451751709,12284.0,2923,36.18528
AGTTCTACGCCATA,DDIT3_pDS263,5.342334747314453,9569.0,2570,38.18182
AGTTCTACGTCTTT,BHLHE40_pDS258,6.06734037399292,7575.0,2238,36.62046
AGTTCTACTTCTAC,EP300_pDS268,6.199723720550537,8397.0,2284,39.04966
AGTTCTTGCTAAGC,62(mod)_pBA581,5.859133243560791,10803.0,2643,35.40683
AGTTCTTGGTCACA,SNAI1_pDS266,6.858179569244385,7902.0,2254,37.851177
AGTTGTCTAAGTAG,EP300_pDS268,5.513699531555176,8930.0,2477,37.166855
AGTTGTCTACGGAG,ZNF326_pDS262,6.466135501861572,6023.0,1879,35.663292
AGTTGTCTCATGAC,SPI1_pDS255,6.08565616607666,11137.0,2699,40.74706
AGTTGTCTCTGACA,BHLHE40_pDS258,6.115347385406494,11029.0,2835,35.615196
AGTTGTCTTTTGGG,BHLHE40_pDS258,5.884753704071045,11907.0,3066,30.024355
AGTTTAGAACCGAT,62(mod)_pBA581,6.569468021392822,9034.0,2540,34.624752
AGTTTCACCAACCA,62(mod)_pBA581,4.94871711730957,18405.0,3442,39.26107
AGTTTCACGAAGGC,DDIT3_pDS263,5.646983623504639,9177.0,2325,37.818695
AGTTTCACTAAGCC,EP300_pDS268,7.062836170196533,7598.0,2332,31.639906
AGTTTCACTTTCGT,62(mod)_pBA581,7.347828388214111,5028.0,1814,31.20525
AGTTTGCTCCGAAT,62(mod)_pBA581,5.609546184539795,8855.0,2420,36.31436
AGTTTGCTTGTCGA,ZNF326_pDS262,6.146648406982422,8657.0,2390,37.16068
AGTTTGCTTTGGTG,ZNF326_pDS262,6.434672832489014,8371.0,2276,38.891544
AGTTTGCTTTTCTG,SPI1_pDS255,5.930629253387451,10094.0,2542,38.44858
ATAAACACAACGGG,EP300_pDS268,10.742141723632812,2716.0,1247,32.179676
ATAAACACACCTCC,62(mod)_pBA581,4.847740650177002,12518.0,2763,38.656334
ATAAACACCCTATT,BHLHE40_pDS258,6.666249752044678,8855.0,2404,36.103897
ATAAACACTCGCTC,SNAI1_pDS266,5.727897644042969,7864.0,2380,31.841303
ATAAACACTCTTCA,SPI1_pDS255,5.119055271148682,14177.0,3257,31.882627
ATAAACACTTTGCT,62(mod)_pBA581,4.787315845489502,12440.0,2955,32.77331
ATAACAACCCTTGC,ZNF326_pDS262,11.252547264099121,7364.0,2426,34.87583
ATAACAACTTCGGA,CREB1_pDS269,6.057692050933838,10356.0,2657,34.601273
ATAACATGCCGATA,SPI1_pDS255,5.599923133850098,11091.0,2853,32.434868
ATAACATGCGTAGT,62(mod)_pBA581,6.48259973526001,7498.0,2380,28.981062
ATAACATGGAGGAC,ZNF326_pDS262,5.249385833740234,14729.0,3161,38.14923
ATAACCCTGGAGTG,ZNF326_pDS262,5.326574325561523,10198.0,2702,33.81055
ATAACCCTTCGATG,EP300_pDS268,5.195103645324707,10927.0,2740,36.76215
ATAACCCTTCGCCT,ZNF326_pDS262,5.5708136558532715,11158.0,2738,34.04732
ATAAGTACAGAGTA,EP300_pDS268,5.99910306930542,8866.0,2491,35.630497
ATAAGTACCATGGT,EP300_pDS268,7.147583961486816,6484.0,2093,35.82665
ATAAGTACGAGCAG,CREB1_pDS269,6.575016021728516,9595.0,2426,36.998436
ATAAGTACTTGAGC,ZNF326_pDS262,5.187182426452637,9199.0,2453,38.221546
ATAAGTTGACGCAT,SNAI1_pDS266,5.430227279663086,12201.0,3123,33.42075
ATAAGTTGTCCAGA,SPI1_pDS255,7.0536580085754395,7650.0,2485,27.408182
ATAAGTTGTGCTCC,SNAI1_pDS266,4.960812568664551,17731.0,3390,38.134445
ATAAGTTGTTGCTT,EP300_pDS268,5.534727573394775,9351.0,2409,38.78315
ATAATCGACGACAT,SPI1_pDS255,5.441188335418701,11975.0,2738,37.870564
ATACAATGACCTGA,SPI1_pDS255,5.88356351852417,7852.0,2300,35.69791
ATACAATGACGTAC,62(mod)_pBA581,6.779594898223877,4328.0,1503,38.65527
ATACAATGAGACTC,DDIT3_pDS263,4.817838191986084,13018.0,2833,38.546627
ATACAATGCACAAC,CREB1_pDS269,4.950100421905518,11064.0,2790,37.731586
ATACAATGGACGTT,SPI1_pDS255,6.337027549743652,9081.0,2624,29.619026
ATACAATGGGTTCA,62(mod)_pBA581,6.025641441345215,8976.0,2612,33.132797
ATACAATGGTTTCT,62(mod)_pBA581,6.067465305328369,13427.0,3108,36.866016
ATACAATGTCGCCT,SPI1_pDS255,4.802031517028809,13012.0,3019,34.865135
ATACAATGTGTCTT,EP300_pDS268,6.131703853607178,10481.0,2717,30.87562
ATACAATGTTCCAT,EP300_pDS268,5.980910301208496,10014.0,2575,36.37544
ATACACCTAACTGC,62(mod)_pBA581,5.475149154663086,9874.0,2618,35.868355
ATACACCTCTACGA,DDIT3_pDS263,6.649922847747803,8622.0,2485,31.466017
ATACACCTTGACCA,DDIT3_pDS263,5.215112209320068,13123.0,3029,37.020954
ATACACCTTTCACT,SNAI1_pDS266,5.5409135818481445,10972.0,2766,36.848343
ATACACCTTTCATC,DDIT3_pDS263,4.971219539642334,13419.0,2946,39.378586
ATACCACTAAACAG,EP300_pDS268,7.283194541931152,6228.0,1968,36.62492
ATACCACTCACTCC,62(mod)_pBA581,6.059632301330566,12233.0,2905,39.07144
ATACCACTGATAAG,SNAI1_pDS266,5.726579666137695,9021.0,2476,35.57255
ATACCGGACTCGAA,CREB1_pDS269,6.033121109008789,8312.0,2446,31.94177
ATACCGGAGTTGAC,EP300_pDS268,7.610089302062988,4289.0,1526,39.0676
ATACCTACATCGTG,DDIT3_pDS263,5.74082088470459,12180.0,2896,35.35254
ATACCTACCTCAGA,62(mod)_pBA581,5.1751813888549805,11119.0,2739,37.3741
ATACCTACGCGAAG,62(mod)_pBA581,6.605650424957275,4335.0,1443,42.675896
ATACCTACTACAGC,ZNF326_pDS262,9.20159912109375,8405.0,2139,37.83012
ATACCTTGGCCTTC,62(mod)_pBA581,5.042697906494141,12941.0,2917,38.072792
ATACCTTGTGCCAA,DDIT3_pDS263,5.231070041656494,13381.0,2946,36.83306
ATACCTTGTGCGTA,CREB1_pDS269,6.517595291137695,6636.0,2150,32.881252
ATACCTTGTGTGGT,DDIT3_pDS263,7.8056254386901855,9463.0,2434,34.058968
ATACCTTGTTGACG,BHLHE40_pDS258,5.059273719787598,15384.0,3362,34.54238
ATACGGACATGACC,CREB1_pDS269,6.464742183685303,7895.0,2306,30.436985
ATACGGACGAAAGT,ZNF326_pDS262,4.630716800689697,19909.0,3703,38.143555
ATACGGACGATAGA,62(mod)_pBA581,6.47279167175293,7238.0,2212,35.29493
ATACGTCTAACGGG,SPI1_pDS255,5.616314888000488,10670.0,2798,30.95305
ATACGTCTTGTCAG,62(mod)_pBA581,5.394649028778076,8866.0,2360,35.72073
ATACGTCTTTGGCA,SNAI1_pDS266,5.672865390777588,9554.0,2476,34.645176
ATACTCTGGGAAAT,DDIT3_pDS263,4.967509746551514,12558.0,2880,37.03615
ATAGAACTCGAGAG,62(mod)_pBA581,5.63231897354126,12882.0,2877,37.91337
ATAGAACTGTAAGA,EP300_pDS268,5.613922119140625,10318.0,2646,37.642956
ATAGAACTGTAGGG,BHLHE40_pDS258,5.943522930145264,11279.0,2772,40.053192
ATAGAACTTAAGGA,62(mod)_pBA581,5.598305702209473,10513.0,2691,34.58575
ATAGATACGTAGCT,EP300_pDS268,6.331486701965332,8782.0,2541,31.302664
ATAGATACTAGAGA,62(mod)_pBA581,6.156611919403076,11040.0,2809,31.078512
ATAGATACTGTGCA,BHLHE40_pDS258,6.4128546714782715,8640.0,2386,36.64352
ATAGATTGACTACG,62(mod)_pBA581,6.581085205078125,8679.0,2524,32.845623
ATAGATTGACTAGC,62(mod)_pBA581,7.990143775939941,2565.0,1116,35.47758
ATAGATTGCTGACA,62(mod)_pBA581,4.6460137367248535,19523.0,3455,46.038414
ATAGATTGGAGATA,ZNF326_pDS262,6.621744632720947,7946.0,2414,34.00025
ATAGATTGGCAGTT,ZNF326_pDS262,5.371237754821777,10465.0,2650,36.49914
ATAGATTGTCCCAC,DDIT3_pDS263,5.2552876472473145,11700.0,2683,39.60684
ATAGATTGTCTTAC,EP300_pDS268,5.74199104309082,9542.0,2464,36.71138
ATAGCCGAACTGTG,62(mod)_pBA581,4.6883158683776855,13884.0,2970,37.666546
ATAGCCGATCCCAC,62(mod)_pBA581,5.626072406768799,12091.0,2808,37.264305
ATAGCCGATCGATG,ZNF326_pDS262,4.588374137878418,12086.0,2909,34.207478
ATAGCGTGACCTGA,CREB1_pDS269,5.782840251922607,9478.0,2513,33.224308
ATAGCGTGCAACCA,62(mod)_pBA581,5.187941074371338,8811.0,2349,40.206535
ATAGCGTGGTAAAG,SPI1_pDS255,5.630123138427734,10021.0,2640,34.54745
ATAGCGTGTTCCCG,62(mod)_pBA581,6.068118095397949,7676.0,2224,35.656593
ATAGCTCTCCAACA,SNAI1_pDS266,5.390998840332031,13801.0,2995,34.92719
ATAGCTCTCTGATG,DDIT3_pDS263,4.900814533233643,10765.0,2648,37.488388
ATAGCTCTTTCTCA,SPI1_pDS255,6.9227705001831055,5859.0,1910,34.80116
ATAGGAGAAGTCAC,SPI1_pDS255,5.437723636627197,14327.0,3095,39.130436
ATAGGAGACGGTAT,SPI1_pDS255,7.02183723449707,7279.0,2412,27.49004
ATAGGAGACTCTCG,62(mod)_pBA581,5.630529403686523,8707.0,2289,40.656944
ATAGGAGATGTCTT,62(mod)_pBA581,5.566184043884277,8116.0,2371,29.398718
ATAGGCTGAAGATG,DDIT3_pDS263,7.594747066497803,3883.0,1458,40.200874
ATAGGCTGGCGAAG,SPI1_pDS255,4.790963172912598,13738.0,2959,38.964916
ATAGGCTGGTGTCA,SPI1_pDS255,7.72102165222168,11652.0,2985,37.36056
ATAGTCCTAGTCAC,62(mod)_pBA581,5.8829731941223145,10306.0,2594,36.60619
ATAGTCCTCCTTCG,62(mod)_pBA581,5.159274101257324,10579.0,2524,38.569134
ATAGTCCTGACGAG,62(mod)_pBA581,5.191375732421875,13086.0,2967,33.896103
ATAGTCCTGGAAGC,EP300_pDS268,6.718736171722412,10683.0,2699,41.46387
ATAGTCCTGTAAAG,SPI1_pDS255,5.8071722984313965,7108.0,2281,31.330894
ATAGTCCTGTGTCA,ZNF326_pDS262,6.854214191436768,6216.0,1895,35.987774
ATAGTCCTGTTTCT,BHLHE40_pDS258,5.959866523742676,7435.0,2277,31.714863
ATAGTTGACCAGTA,CREB1_pDS269,4.922200679779053,7031.0,2098,37.22088
ATATACGACGTACA,62(mod)_pBA581,6.4544901847839355,8348.0,2447,33.133686
ATATACGATCTTAC,62(mod)_pBA581,5.010871410369873,9641.0,2493,34.51566
ATATACGATTTGCT,DDIT3_pDS263,5.716712951660156,12430.0,2922,35.336227
ATATAGTGCTTGAG,SPI1_pDS255,6.921313285827637,9688.0,2692,29.78943
ATATAGTGGTCAAC,SPI1_pDS255,4.95189905166626,12670.0,2831,33.898975
ATATAGTGGTCTGA,CREB1_pDS269,5.407139301300049,13991.0,2928,36.680725
ATATAGTGTAAAGG,SPI1_pDS255,6.074891090393066,6580.0,2026,33.71828
ATATAGTGTGTCAG,SPI1_pDS255,5.7763285636901855,10642.0,2534,39.54144
ATATGAACAGTGCT,62(mod)_pBA581,6.355408668518066,8747.0,2347,37.711475
ATATGAACTAAAGG,62(mod)_pBA581,5.5487961769104,11940.0,2858,34.611843
ATATGAACTCCAAG,BHLHE40_pDS258,5.614418983459473,9408.0,2436,36.22449
ATATGAACTTTGTC,SPI1_pDS255,5.367095470428467,14049.0,3021,39.480427
ATATGCCTAAACAG,DDIT3_pDS263,6.8474273681640625,7185.0,2181,36.487614
ATATGCCTAAGGCG,SNAI1_pDS266,6.851998329162598,6725.0,2039,31.137547
ATATGCCTTCTGGA,62(mod)_pBA581,5.662163734436035,10250.0,2672,35.030727
ATATGCCTTGCAAC,SNAI1_pDS266,6.346651554107666,8267.0,2492,30.567316
ATATGCCTTGCTTT,CREB1_pDS269,6.250669002532959,9404.0,2697,28.902596
ATCAAATGATACCG,CREB1_pDS269,5.133907318115234,11185.0,2665,38.19401
ATCAAATGCAGAAA,BHLHE40_pDS258,5.095776557922363,13845.0,3059,35.991333
ATCAAATGCTAAGC,CREB1_pDS269,7.010339260101318,6584.0,2105,31.014582
ATCAAATGGGAACG,DDIT3_pDS263,5.574624538421631,11403.0,2675,38.893272
ATCAAATGTCTGGA,62(mod)_pBA581,4.932617664337158,8076.0,2165,39.982666
ATCAACCTAAAACG,CREB1_pDS269,5.690542221069336,8681.0,2346,38.797375
ATCAACCTACACCA,ZNF326_pDS262,4.770837306976318,18296.0,3345,40.503906
ATCAACCTGAGCTT,62(mod)_pBA581,5.055713653564453,12664.0,2866,38.28964
ATCAACCTGAGGTG,62(mod)_pBA581,5.5067138671875,13488.0,3017,40.55156
ATCAACCTGGACTT,62(mod)_pBA581,6.666841983795166,8797.0,2413,35.6672
ATCACACTACCATG,DDIT3_pDS263,4.973555564880371,12521.0,2783,36.466736
ATCACACTCGGAGA,62(mod)_pBA581,4.63424015045166,14460.0,3089,37.5631
ATCACACTCTTGAG,62(mod)_pBA581,5.9950690269470215,9373.0,2450,36.381096
ATCACACTGCCCTT,BHLHE40_pDS258,5.862672805786133,7443.0,2174,36.316
ATCACACTGTCACA,CREB1_pDS269,5.46350622177124,11983.0,2883,35.88952
ATCACACTGTTTGG,DDIT3_pDS263,6.160206317901611,10136.0,2581,37.934097
ATCACGGAAACGAA,EP300_pDS268,5.961536884307861,7323.0,2170,35.90059
ATCACGGAAAGCAA,ZNF326_pDS262,6.357908725738525,8655.0,2533,33.00982
ATCACGGACTAGAC,EP300_pDS268,5.65540075302124,8535.0,2343,37.117752
ATCACGGAGGTTTG,EP300_pDS268,5.864556789398193,6763.0,2197,28.626348
ATCACGGAGTTCGA,SPI1_pDS255,4.696199417114258,15483.0,3218,40.464966
ATCACTACAAAGCA,62(mod)_pBA581,5.182605743408203,11991.0,2869,34.676006
ATCACTACAGCACT,62(mod)_pBA581,6.213559150695801,9602.0,2735,31.073624
ATCACTACATGGTC,CREB1_pDS269,8.09512996673584,3001.0,1152,34.955013
ATCACTACCCCAAA,CREB1_pDS269,5.513604640960693,10477.0,2666,34.150997
ATCACTACGTCTAG,CREB1_pDS269,5.379482269287109,11580.0,2855,34.21416
ATCACTACTAAGCC,ZNF326_pDS262,4.595152854919434,15882.0,3354,33.88742
ATCACTACTACGCA,ZNF326_pDS262,6.524305820465088,7529.0,2194,37.64112
ATCACTTGCAGAAA,CREB1_pDS269,5.658555030822754,8233.0,2348,35.758533
ATCACTTGCCCGTT,ZNF326_pDS262,5.619621753692627,12192.0,2646,40.557606
ATCACTTGGACGTT,EP300_pDS268,5.2674736976623535,13776.0,3020,38.864693
ATCACTTGGCCCTT,CREB1_pDS269,5.3483781814575195,9802.0,2606,34.179928
ATCACTTGGTGAGG,SPI1_pDS255,6.526641845703125,7965.0,2372,33.446327
ATCACTTGTACGAC,62(mod)_pBA581,5.390634536743164,10407.0,2625,38.800808
ATCACTTGTTCATC,ZNF326_pDS262,5.204261779785156,10547.0,2650,33.05205
ATCAGGTGAAAGTG,62(mod)_pBA581,5.871791362762451,12201.0,2876,37.649567
ATCAGGTGGAACCT,62(mod)_pBA581,5.804249286651611,11528.0,2805,38.176613
ATCAGGTGGACACT,CREB1_pDS269,5.719498634338379,11485.0,2669,37.628418
ATCAGGTGTTCAGG,SPI1_pDS255,6.456806659698486,10723.0,2815,34.999535
ATCATCTGAGGTTC,SNAI1_pDS266,4.463138103485107,15975.0,3240,37.107983
ATCATCTGCTGTTT,DDIT3_pDS263,4.612977504730225,16614.0,3310,35.25942
ATCATCTGGAACCT,62(mod)_pBA581,5.690776348114014,9645.0,2557,30.388802
ATCATGCTCGACTA,ZNF326_pDS262,5.729793548583984,12183.0,2947,34.925716
ATCATGCTCGTTGA,DDIT3_pDS263,6.852596759796143,8872.0,2450,36.192516
ATCATGCTGAGCAG,SPI1_pDS255,6.003474712371826,10700.0,2725,33.0
ATCATGCTGCTAAC,DDIT3_pDS263,6.098673343658447,9743.0,2513,36.549316
ATCCAGGAAAACAG,SNAI1_pDS266,6.454298496246338,10110.0,2666,32.096935
ATCCAGGACTGAAC,62(mod)_pBA581,4.3619279861450195,18397.0,3338,39.683662
ATCCAGGAGCTCCT,EP300_pDS268,4.729254722595215,12959.0,2993,34.856083
ATCCAGGATCTCTA,SNAI1_pDS266,5.198556423187256,11311.0,2758,37.05799
ATCCATACATCGTG,SPI1_pDS255,5.409843921661377,12764.0,2979,35.882168
ATCCATACCTGTGA,CREB1_pDS269,5.6789655685424805,10525.0,2650,39.521187
ATCCATACGTGCTA,DDIT3_pDS263,6.607347011566162,8960.0,2588,28.169643
ATCCATACTACGCA,62(mod)_pBA581,5.3839216232299805,11016.0,2713,36.153217
ATCCCGTGAATGCC,CREB1_pDS269,5.192683219909668,12085.0,2872,35.448902
ATCCCGTGACACAC,SNAI1_pDS266,6.283834457397461,7760.0,2252,34.445877
ATCCCGTGGACACT,BHLHE40_pDS258,6.696896553039551,5444.0,1802,36.994858
ATCCCGTGGTAGCT,SPI1_pDS255,7.760439872741699,6502.0,2245,30.898186
ATCCCGTGTCCGTC,SNAI1_pDS266,6.808852672576904,6780.0,1931,40.059
ATCCGCACCGACTA,EP300_pDS268,4.710803508758545,11264.0,2747,36.28939
ATCCGCACGAGGCA,BHLHE40_pDS258,6.298272609710693,9494.0,2501,39.414368
ATCCGCACGGAACG,SPI1_pDS255,5.582767963409424,11342.0,2859,33.853477
ATCCTAACGCTTAG,ZNF326_pDS262,5.874053478240967,9667.0,2484,38.16075
ATCCTAACGTTTCT,ZNF326_pDS262,6.023660659790039,8757.0,2504,34.02992
ATCCTAACTGCAAC,SPI1_pDS255,5.345868110656738,11824.0,2730,39.058006
ATCGACGAAGTAGA,SPI1_pDS255,6.063326358795166,13675.0,3134,33.187103
ATCGACGAATGTCG,62(mod)_pBA581,7.393692493438721,4003.0,1398,41.793655
ATCGACGACAGTTG,ZNF326_pDS262,7.0943779945373535,7097.0,2210,31.407637
ATCGACGACCTCCA,SNAI1_pDS266,5.410425662994385,5579.0,1857,35.32891
ATCGACGAGTAAGA,DDIT3_pDS263,5.249958515167236,10984.0,2763,37.077835
ATCGACGAGTGCAT,CREB1_pDS269,7.638785362243652,4367.0,1469,41.14011
ATCGACGAGTTCGA,ZNF326_pDS262,4.7237749099731445,14178.0,3166,34.82861
ATCGACGATTCCAT,62(mod)_pBA581,5.2619476318359375,11426.0,2731,38.08857
ATCGAGTGAGCCAT,ZNF326_pDS262,5.690240859985352,8617.0,2386,41.482944
ATCGCAGAAGGTCT,62(mod)_pBA581,5.534961700439453,9064.0,2446,34.443954
ATCGCAGAGTAAGA,DDIT3_pDS263,5.217683792114258,11904.0,2726,37.130375
ATCGCCACCCGAAT,62(mod)_pBA581,4.713203430175781,15003.0,3031,37.916557
ATCGCCACTGCCCT,SPI1_pDS255,8.264596939086914,4542.0,1692,33.766235
ATCGCCTGACGACT,62(mod)_pBA581,5.27003288269043,5124.0,1545,43.188915
ATCGCCTGCAATCG,EP300_pDS268,5.012089729309082,10980.0,2600,38.069218
ATCGCCTGGATAGA,BHLHE40_pDS258,5.836188316345215,10544.0,2649,37.354195
ATCGCCTGTGTCTT,ZNF326_pDS262,7.084514141082764,6559.0,1858,43.66519
ATCGCGCTCATGAC,EP300_pDS268,5.780639171600342,10062.0,2641,35.406937
ATCGCGCTTGCTCC,62(mod)_pBA581,5.36894416809082,11396.0,2970,28.174082
ATCGCGCTTTCACT,DDIT3_pDS263,5.312741279602051,10903.0,2715,36.07264
ATCGGAACATCTTC,62(mod)_pBA581,6.596475124359131,7414.0,2269,30.294039
ATCGGAACCCACAA,62(mod)_pBA581,6.081631660461426,9057.0,2417,36.888596
ATCGGAACCCTTTA,SPI1_pDS255,7.528321266174316,6807.0,2266,32.789776
ATCGGAACGTCATG,62(mod)_pBA581,5.492846488952637,13914.0,3092,35.51563
ATCGGTGAACACTG,DDIT3_pDS263,5.385400295257568,10681.0,2722,37.65565
ATCGGTGACAACCA,DDIT3_pDS263,4.916996955871582,9680.0,2578,34.008263
ATCGTTTGAAGAGT,62(mod)_pBA581,7.11495304107666,5390.0,1643,46.763123
ATCGTTTGCCAATG,DDIT3_pDS263,5.457956314086914,9922.0,2670,34.56616
ATCGTTTGCGCCTT,SPI1_pDS255,6.046558380126953,7400.0,2252,32.864864
ATCGTTTGGAAGGC,SNAI1_pDS266,4.986834526062012,6292.0,1923,34.758423
ATCTACACACTCAG,ZNF326_pDS262,6.734652519226074,7861.0,2310,33.083183
ATCTACACGAACCT,ZNF326_pDS262,7.1557183265686035,7569.0,2261,32.54524
ATCTACTGAGCACT,62(mod)_pBA581,4.947080135345459,10199.0,2495,36.12119
ATCTACTGCCGTTC,CREB1_pDS269,4.979506969451904,13342.0,3002,33.240894
ATCTACTGCTACGA,SPI1_pDS255,5.2522969245910645,10593.0,2706,31.895412
ATCTACTGTAGAAG,62(mod)_pBA581,6.188072204589844,10080.0,2485,39.156746
ATCTCAACCGATAC,EP300_pDS268,5.3459038734436035,10656.0,2614,33.727478
ATCTCAACTATCGG,62(mod)_pBA581,4.905879497528076,14233.0,3121,35.848263
ATCTCAACTTCTAC,CREB1_pDS269,5.78631591796875,8632.0,2277,38.716404
ATCTGACTCCACCT,SNAI1_pDS266,4.56912088394165,15039.0,3160,34.915886
ATCTGACTCGAGTT,62(mod)_pBA581,5.720835208892822,7311.0,2200,34.19505
ATCTGACTGTTGGT,SNAI1_pDS266,6.168317794799805,10566.0,2654,41.251064
ATCTGGGAAGGCGA,62(mod)_pBA581,5.171865940093994,12519.0,2887,37.231407
ATCTGGGAATGCTG,62(mod)_pBA581,4.7259202003479,15061.0,2901,43.706017
ATCTGGGAATTCGG,62(mod)_pBA581,4.931797504425049,14462.0,3237,35.970127
ATCTGGGATCGTGA,SNAI1_pDS266,5.838999271392822,10543.0,2661,35.957508
ATCTGTTGCATTGG,SNAI1_pDS266,7.598710060119629,7346.0,2257,34.944187
ATCTGTTGTCGTAG,SNAI1_pDS266,7.286174774169922,8922.0,2360,43.308674
ATCTTGACATCACG,62(mod)_pBA581,6.5816731452941895,5847.0,1900,33.538567
ATCTTGACCGAATC,ZNF326_pDS262,6.625965118408203,7336.0,2294,32.006542
ATCTTGACCTTGAG,62(mod)_pBA581,5.308283805847168,12447.0,2866,37.10131
ATCTTGACGCAGTT,DDIT3_pDS263,4.4910101890563965,15027.0,2898,35.556
ATCTTGACGTATCG,BHLHE40_pDS258,6.612659454345703,6900.0,2072,36.057972
ATCTTGACTGCGTA,SPI1_pDS255,5.819759845733643,8899.0,2294,38.539326
ATGAAACTACAGCT,62(mod)_pBA581,5.172529220581055,16513.0,3434,38.327377
ATGAAACTAGAGAT,SNAI1_pDS266,5.625884532928467,10926.0,2688,35.960094
ATGAAACTAGGAGC,62(mod)_pBA581,4.315249443054199,14078.0,3079,35.786335
ATGAAACTCAAGCT,DDIT3_pDS263,5.783360004425049,10614.0,2678,36.8664
ATGAAACTGCAGTT,SNAI1_pDS266,5.568094253540039,9784.0,2469,37.618805
ATGAAGGAATCGTG,62(mod)_pBA581,4.824315547943115,12274.0,2716,40.622456
ATGAAGGATGCCAA,62(mod)_pBA581,4.823069095611572,14466.0,3141,36.976357
ATGAAGGATTGCTT,EP300_pDS268,6.442175388336182,7898.0,2311,33.603443
ATGACGTGTCAGTG,62(mod)_pBA581,5.201071739196777,7258.0,2098,37.517223
ATGAGAGAAGACTC,SPI1_pDS255,7.8732686042785645,5197.0,1783,36.82894
ATGAGAGAGTTGCA,EP300_pDS268,5.0576677322387695,14735.0,2988,40.32707
ATGAGCACAAGTAG,DDIT3_pDS263,6.062633514404297,8086.0,2294,37.793716
ATGAGCACCTCGAA,SPI1_pDS255,5.424500465393066,11869.0,2965,34.7599
ATGAGCACGCCTTC,SNAI1_pDS266,4.911267280578613,14184.0,3172,36.362354
ATGATAACAGTCTG,62(mod)_pBA581,5.436047077178955,13037.0,2973,37.056072
ATGATAACCCGTAA,62(mod)_pBA581,6.204387187957764,9079.0,2391,39.594803
ATGATAACCTAAGC,EP300_pDS268,5.902585029602051,10171.0,2619,36.161636
ATGATAACGGCAAG,62(mod)_pBA581,7.587896823883057,4186.0,1540,35.968475
ATGATAACGTTGTG,62(mod)_pBA581,16.09691047668457,3163.0,1574,15.3141775
ATGATAACGTTTGG,DDIT3_pDS263,5.367238998413086,16493.0,3333,39.592556
ATGATATGACCGAT,SPI1_pDS255,5.5925211906433105,8927.0,2518,32.01165
ATGATATGCACCAA,62(mod)_pBA581,6.231799125671387,7836.0,2258,34.03522
ATGATATGCCTACC,BHLHE40_pDS258,6.111639022827148,9826.0,2636,34.89366
ATGATATGGCCCTT,BHLHE40_pDS258,5.592094898223877,12105.0,3007,33.035934
ATGATATGTGCTGA,DDIT3_pDS263,5.834283351898193,10847.0,2606,38.158016
ATGATATGTTCGCC,EP300_pDS268,5.069805145263672,10454.0,2596,37.130558
ATGATATGTTTGCT,62(mod)_pBA581,5.804493427276611,10848.0,2637,34.02157
ATGCACGAAAGCCT,BHLHE40_pDS258,4.7309346199035645,17476.0,3385,35.761288
ATGCACGACCTGTC,62(mod)_pBA581,5.61822509765625,13144.0,3068,38.024956
ATGCACGACTGAGT,62(mod)_pBA581,5.344976902008057,13401.0,2963,38.80764
ATGCACGATAAGGA,62(mod)_pBA581,4.350581645965576,14260.0,3199,35.014027
ATGCACGATCGATG,EP300_pDS268,5.671236515045166,9006.0,2470,36.08705
ATGCACGATGGTCA,EP300_pDS268,6.912951946258545,4944.0,1686,38.09909
ATGCACGATTTCGT,62(mod)_pBA581,5.233052730560303,10727.0,2539,36.30686
ATGCAGACAGTTCG,62(mod)_pBA581,6.143641471862793,7161.0,2129,34.92529
ATGCAGACGTGAGG,CREB1_pDS269,5.824195384979248,8335.0,2241,38.80024
ATGCAGACTCCGAA,SPI1_pDS255,5.179917812347412,15213.0,3283,38.467102
ATGCAGTGGACACT,CREB1_pDS269,4.505552768707275,17751.0,3398,39.14709
ATGCAGTGGGTACT,EP300_pDS268,4.62913179397583,15603.0,3029,37.915787
ATGCAGTGTGCTTT,62(mod)_pBA581,5.176621437072754,12016.0,2683,39.51398
ATGCCAGAAAGGTA,ZNF326_pDS262,4.85798454284668,10229.0,2489,36.627567
ATGCCAGAACCGAT,SNAI1_pDS266,5.676385879516602,11384.0,2738,35.874912
ATGCCAGAAGCTAC,ZNF326_pDS262,6.678018093109131,10122.0,2605,39.34005
ATGCCAGACGTAAC,BHLHE40_pDS258,7.258706569671631,7388.0,2294,32.65665
ATGCCAGAGTTGTG,CREB1_pDS269,4.916520118713379,11522.0,2753,33.318867
ATGCCAGATGGTCA,SNAI1_pDS266,6.1089067459106445,11038.0,2650,35.936226
ATGCCGCTCCGAAT,DDIT3_pDS263,7.036550045013428,6774.0,2101,31.03041
ATGCCGCTCGTAAC,SPI1_pDS255,5.060345649719238,12758.0,2907,36.84458
ATGCCGCTCTCAGA,CREB1_pDS269,6.590836524963379,9297.0,2286,44.568726
ATGCCGCTGCGAGA,SNAI1_pDS266,6.058638572692871,9251.0,2474,36.30174
ATGCCGCTGTTGAC,CREB1_pDS269,13.200965881347656,8127.0,2333,32.242588
ATGCGATGCTGACA,SNAI1_pDS266,6.558175563812256,7221.0,2152,34.810303
ATGCGATGGCGTAT,DDIT3_pDS263,6.648268222808838,4634.0,1588,35.53398
ATGCGATGTCCCGT,ZNF326_pDS262,5.906574249267578,13574.0,2963,35.638535
ATGCGATGTGGATC,ZNF326_pDS262,5.703368663787842,13240.0,2884,35.362537
ATGCGCCTACGGGA,62(mod)_pBA581,5.725237846374512,7671.0,2202,33.04654
ATGCGCCTCAATCG,62(mod)_pBA581,6.998055934906006,7510.0,2281,31.850866
ATGCGCCTTCACGA,ZNF326_pDS262,5.42428731918335,11775.0,2646,38.029724
ATGCGCCTTCCGAA,DDIT3_pDS263,5.104079723358154,12091.0,2733,36.556118
ATGCGCCTTCTGGA,BHLHE40_pDS258,5.3598504066467285,10322.0,2482,38.810307
ATGCGCCTTGCTCC,ZNF326_pDS262,6.063165187835693,8561.0,2313,36.864853
ATGCTTTGACCACA,BHLHE40_pDS258,4.803863525390625,16733.0,3385,37.47684
ATGCTTTGAGCACT,BHLHE40_pDS258,4.823523044586182,12874.0,2861,37.688366
ATGCTTTGCAGTTG,ZNF326_pDS262,6.4738640785217285,7379.0,2309,31.82003
ATGGACACATGCCA,DDIT3_pDS263,6.2336626052856445,5606.0,1845,30.806278
ATGGACACTGAGCT,CREB1_pDS269,5.7096757888793945,9625.0,2546,36.135063
ATGGGTACAAGATG,62(mod)_pBA581,7.35555362701416,7489.0,2349,32.550068
ATGGGTACACGCTA,62(mod)_pBA581,5.559878826141357,11275.0,2680,37.93348
ATGGGTACCACAAC,SPI1_pDS255,5.8521504402160645,10177.0,2624,32.838753
ATGGGTACCATTCT,EP300_pDS268,4.843733310699463,14453.0,3180,34.435757
ATGGGTACCGTAAC,SNAI1_pDS266,5.342032432556152,9496.0,2496,35.646587
ATGGTGACACTACG,EP300_pDS268,8.99252700805664,7014.0,1979,38.579983
ATGGTGACAGGTCT,SNAI1_pDS266,5.052077770233154,11688.0,2580,37.833675
ATGGTGACCAACCA,SPI1_pDS255,5.736867427825928,10112.0,2697,32.51928
ATGGTGACGGGACA,ZNF326_pDS262,5.2799577713012695,9333.0,2559,32.261868
ATGGTGACTGGAAA,ZNF326_pDS262,5.750850677490234,9348.0,2472,35.397945
ATGTAAACAAGCCT,62(mod)_pBA581,5.210233688354492,12862.0,3081,35.333904
ATGTAAACACCTTT,EP300_pDS268,5.794333457946777,10209.0,2674,35.318314
ATGTAAACCACTAG,EP300_pDS268,5.291248321533203,10941.0,2696,35.755417
ATGTAAACCGAACT,SNAI1_pDS266,5.856932640075684,9575.0,2668,32.30994
ATGTAAACGCTCCT,SNAI1_pDS266,5.691356658935547,8877.0,2384,41.000225
ATGTAAACTCTACT,ZNF326_pDS262,5.499134540557861,17871.0,3686,32.553715
ATGTAAACTCTGGA,SNAI1_pDS266,4.4146294593811035,17481.0,3417,38.4259
ATGTACCTCAGTCA,62(mod)_pBA581,5.8304572105407715,10631.0,2565,39.80062
ATGTACCTCGTAGT,62(mod)_pBA581,4.8836469650268555,9792.0,2575,33.83374
ATGTACCTGGCATT,SNAI1_pDS266,5.12445068359375,14133.0,3143,36.033676
ATGTACCTTGCTCC,EP300_pDS268,7.93624210357666,2448.0,1051,31.699347
ATGTCACTATACCG,62(mod)_pBA581,7.14546537399292,4469.0,1560,35.399418
ATGTCACTCAGTCA,SNAI1_pDS266,5.545350074768066,9009.0,2423,37.129536
ATGTCACTGAATCC,EP300_pDS268,5.362307071685791,10361.0,2584,37.32265
ATGTCACTGTGTAC,62(mod)_pBA581,7.478394508361816,4992.0,1708,36.91907
ATGTCACTTTGCAG,SNAI1_pDS266,5.04840087890625,11400.0,2798,34.786423
ATGTCACTTTTCAC,SPI1_pDS255,6.396998882293701,8142.0,2333,35.441483
ATGTCGGACACTAG,CREB1_pDS269,6.372509002685547,7686.0,2334,32.81291
ATGTCGGAGAAACA,SNAI1_pDS266,6.846462726593018,6420.0,2011,33.535824
ATGTCGGAGTTCGA,ZNF326_pDS262,5.18834924697876,12477.0,2858,40.258076
ATGTTAGAATTTCC,ZNF326_pDS262,4.973667621612549,11527.0,2771,35.013447
ATGTTAGACAGTTG,BHLHE40_pDS258,6.447798728942871,6944.0,2039,37.264217
ATGTTAGACCATAG,SPI1_pDS255,8.781601905822754,9465.0,2704,35.89987
ATGTTAGACCCAAA,SNAI1_pDS266,5.211085319519043,10339.0,2572,35.419285
ATGTTAGAGTGAGG,62(mod)_pBA581,7.3729119300842285,6631.0,2144,34.76097
ATGTTCACCTTGAG,ZNF326_pDS262,5.714682102203369,9612.0,2506,34.994278
ATGTTCACGAGAGC,SNAI1_pDS266,7.289061546325684,3970.0,1427,38.866497
ATGTTCACGGTTAC,SNAI1_pDS266,4.736506462097168,16086.0,3234,37.51088
ATGTTCACTCGCCT,DDIT3_pDS263,4.703711986541748,13058.0,2877,38.275387
ATGTTCACTTAGGC,62(mod)_pBA581,5.8381547927856445,8381.0,2390,34.29185
ATGTTGCTAAGCCT,CREB1_pDS269,5.508138179779053,8943.0,2294,38.18629
ATGTTGCTGAGGGT,EP300_pDS268,5.402914047241211,11345.0,2715,41.36624
ATGTTGCTGATAGA,SPI1_pDS255,5.148307800292969,13175.0,3092,35.612904
ATGTTGCTGGAGTG,ZNF326_pDS262,5.495063781738281,10888.0,2675,38.427628
ATGTTGCTGTCAAC,CREB1_pDS269,5.995952606201172,12827.0,3051,35.323925
ATGTTGCTGTCGAT,SPI1_pDS255,6.211938381195068,9004.0,2550,32.363396
ATTAACGACAGTCA,CREB1_pDS269,4.5707855224609375,14629.0,3201,33.622692
ATTAACGACCGATA,62(mod)_pBA581,5.121209621429443,15666.0,3126,43.35865
ATTAACGAGCAGTT,EP300_pDS268,5.638486385345459,10437.0,2644,36.13719
ATTAAGACCTGCTC,SNAI1_pDS266,5.08339786529541,10842.0,2599,37.203728
ATTACCACCGACTA,EP300_pDS268,6.978969097137451,7973.0,2349,35.490345
ATTACCACCGCTAA,EP300_pDS268,5.297759532928467,14775.0,3085,41.100433
ATTACCACCGGTAT,ZNF326_pDS262,5.089547157287598,10894.0,2593,37.28658
ATTACCACGAGGTG,ZNF326_pDS262,6.7089972496032715,7489.0,2347,29.01589
ATTACCACGTGCTA,EP300_pDS268,4.502224922180176,11863.0,2790,36.69083
ATTACCACGTTCAG,62(mod)_pBA581,5.4869608879089355,9775.0,2563,36.143223
ATTACCTGAGCGGA,BHLHE40_pDS258,6.42888879776001,9730.0,2655,31.6444
ATTACCTGCCCACT,BHLHE40_pDS258,7.152013301849365,6272.0,1795,45.10523
ATTACCTGGTTAGC,62(mod)_pBA581,4.534781455993652,14528.0,3243,34.820015
ATTACCTGTAAAGG,62(mod)_pBA581,3.8129842281341553,2907.0,713,54.385963
ATTACCTGTCCTGC,EP300_pDS268,6.759303569793701,8988.0,2466,39.530483
ATTACCTGTCGTTT,62(mod)_pBA581,5.426699638366699,9395.0,2420,34.51836
ATTAGATGAGGTCT,EP300_pDS268,4.815206050872803,12987.0,3005,35.340313
ATTAGATGATGTGC,EP300_pDS268,8.400797843933105,3565.0,1647,22.524544
ATTAGATGGAACTC,BHLHE40_pDS258,5.110722064971924,10179.0,2533,35.29123
ATTAGATGGCAAGG,62(mod)_pBA581,6.140350818634033,8271.0,2348,37.286907
ATTAGATGTGGCAT,EP300_pDS268,7.239422798156738,6282.0,2147,28.47366
ATTAGTGACGTCTC,EP300_pDS268,9.605525016784668,6206.0,2042,31.517885
ATTAGTGAGCTGTA,EP300_pDS268,5.348490238189697,10976.0,2632,38.267445
ATTAGTGATTCCAT,ZNF326_pDS262,5.971728801727295,8032.0,2302,34.848106
ATTATGGACCTTGC,BHLHE40_pDS258,5.384339332580566,8560.0,2255,40.280373
ATTATGGACGTGTA,BHLHE40_pDS258,5.516727447509766,9242.0,2434,38.48734
ATTATGGACTCATT,SPI1_pDS255,5.133116722106934,11975.0,2944,33.333332
ATTCAAGACGATAC,BHLHE40_pDS258,6.946664810180664,7525.0,2317,32.141907
ATTCAAGATTGTCT,ZNF326_pDS262,5.69935417175293,7043.0,1982,39.372425
ATTCAGCTACGACT,62(mod)_pBA581,6.4769721031188965,10159.0,2582,35.774036
ATTCAGCTAGGTTC,SPI1_pDS255,4.980295658111572,16367.0,3275,37.398422
ATTCAGCTCCCTTG,62(mod)_pBA581,4.62654972076416,19120.0,3588,40.130753
ATTCAGCTGAGGGT,CREB1_pDS269,5.353291034698486,12649.0,3025,36.714363
ATTCAGCTTGCCCT,ZNF326_pDS262,5.814559459686279,8127.0,2303,32.976498
ATTCCAACAAACAG,ZNF326_pDS262,5.610299110412598,9219.0,2395,34.287884
ATTCCAACAGAATG,62(mod)_pBA581,5.791951656341553,10938.0,2678,34.9424
ATTCCAACCACTTT,BHLHE40_pDS258,4.96348762512207,14419.0,3205,35.578056
ATTCCAACGAGCAG,62(mod)_pBA581,5.626958847045898,9876.0,2456,34.16017
ATTCCAACTCTTTG,62(mod)_pBA581,5.421738624572754,16005.0,3156,42.230553
ATTCCATGCCTTGC,62(mod)_pBA581,5.858935356140137,11500.0,2739,32.901485
ATTCCATGGCCTTC,62(mod)_pBA581,4.726909637451172,18001.0,3624,36.179314
ATTCCATGGGATTC,62(mod)_pBA581,5.485245227813721,10358.0,2713,30.21819
ATTCGACTGGGCAA,62(mod)_pBA581,5.299067497253418,11640.0,2875,36.649483
ATTCGACTGTTAGC,SNAI1_pDS266,9.675899505615234,8053.0,2475,33.875576
ATTCGACTTTCCAT,BHLHE40_pDS258,6.761579513549805,9917.0,2632,34.634
ATTCTGACCAGCTA,DDIT3_pDS263,4.815191745758057,19458.0,3726,36.127243
ATTCTGACCCGTTC,62(mod)_pBA581,4.4562668800354,13004.0,2921,34.994232
ATTCTGACCGTGAT,DDIT3_pDS263,5.05026388168335,14235.0,3251,33.515984
ATTCTGACGGTGTT,EP300_pDS268,5.074721336364746,12482.0,2910,36.77802
ATTCTGACTAGAGA,ZNF326_pDS262,5.1027750968933105,14933.0,3084,36.668007
ATTCTGACTGTGCA,SPI1_pDS255,5.350808143615723,9483.0,2542,36.423073
ATTCTTCTAGCCTA,CREB1_pDS269,5.658679008483887,12405.0,2883,35.50701
ATTCTTCTGAACTC,CREB1_pDS269,6.854039669036865,9556.0,2549,36.193367
ATTCTTCTGTATCG,SNAI1_pDS266,5.532395839691162,14717.0,3222,35.822517
ATTCTTCTTGGGAG,62(mod)_pBA581,5.547473907470703,11062.0,2668,38.148617
ATTGAAACCGACTA,BHLHE40_pDS258,6.446252346038818,8339.0,2365,35.471878
ATTGAATGGAAAGT,DDIT3_pDS263,4.788442134857178,11202.0,2815,33.34821
ATTGAATGGAAGGC,62(mod)_pBA581,6.197936058044434,8128.0,2375,34.567596
ATTGAATGGAGACG,CREB1_pDS269,4.840118885040283,13713.0,3097,38.179962
ATTGAATGGTCAAC,DDIT3_pDS263,4.519196033477783,13133.0,3004,35.467907
ATTGAATGGTCTTT,62(mod)_pBA581,5.548196792602539,9491.0,2482,38.794647
ATTGAATGGTTGAC,CREB1_pDS269,4.975953578948975,15364.0,3339,35.355377
ATTGATGAGTATGC,BHLHE40_pDS258,6.199570655822754,12604.0,3236,33.193176
ATTGCACTTCTCAT,62(mod)_pBA581,5.700219631195068,8279.0,2281,42.08238
ATTGCGGACCAGTA,62(mod)_pBA581,6.39661979675293,9135.0,2410,36.186516
ATTGCGGATGACAC,DDIT3_pDS263,5.317543029785156,11540.0,2658,35.511265
ATTGCTACCAATCG,62(mod)_pBA581,5.4560699462890625,10624.0,2654,37.261177
ATTGCTACGTGCTA,ZNF326_pDS262,5.407495021820068,10158.0,2513,37.999607
ATTGCTACTAACGC,EP300_pDS268,4.845741271972656,12478.0,2752,36.48822
ATTGCTTGAAGAAC,EP300_pDS268,5.97435998916626,7373.0,2053,37.43388
ATTGCTTGAGTCAC,62(mod)_pBA581,5.8771138191223145,8373.0,2462,30.06091
ATTGCTTGCCCGTT,DDIT3_pDS263,7.119938373565674,3094.0,1236,39.334194
ATTGCTTGCTTCTA,DDIT3_pDS263,5.323487758636475,12290.0,2797,39.472828
ATTGCTTGGACGAG,62(mod)_pBA581,11.017030715942383,6504.0,1820,40.16595
ATTGCTTGGTACAC,EP300_pDS268,6.429846286773682,7788.0,2367,35.07961
ATTGCTTGGTCTAG,DDIT3_pDS263,5.206301689147949,10276.0,2608,35.714287
ATTGGGTGAAAGCA,ZNF326_pDS262,5.377647399902344,11111.0,2677,37.96238
ATTGGGTGAGTGCT,CREB1_pDS269,6.290585994720459,8681.0,2444,33.77491
ATTGGGTGCTTCCG,EP300_pDS268,5.346007823944092,11338.0,2722,40.227554
ATTGGTCTCAACTG,SPI1_pDS255,6.435001373291016,5862.0,2004,30.615726
ATTGTAGAACGTAC,62(mod)_pBA581,6.901806354522705,6734.0,2137,36.649837
ATTGTCTGGCAGAG,DDIT3_pDS263,6.182948589324951,9581.0,2572,35.747833
ATTGTCTGGGTTAC,BHLHE40_pDS258,5.373992919921875,13872.0,3084,37.680218
ATTGTCTGTCTGGA,62(mod)_pBA581,6.583835124969482,6328.0,1981,35.382427
ATTGTCTGTTGGTG,SPI1_pDS255,9.92048454284668,2678.0,1148,33.532486
ATTTAGGAACGCAT,ZNF326_pDS262,6.3725080490112305,8187.0,2256,35.588665
ATTTAGGACGACTA,ZNF326_pDS262,5.468379497528076,10031.0,2482,36.556675
ATTTAGGAGAGCAG,DDIT3_pDS263,6.50193977355957,6285.0,2048,31.259943
ATTTAGGAGCGTTA,62(mod)_pBA581,6.229281902313232,8045.0,2239,37.812305
ATTTAGGAGGAGTG,62(mod)_pBA581,4.901211261749268,14109.0,3067,36.742504
ATTTCCGACCTCCA,62(mod)_pBA581,5.953293323516846,8697.0,2351,36.84755
ATTTCCGAGTCTTT,EP300_pDS268,6.039119243621826,10730.0,2760,31.891891
ATTTCCGAGTTAGC,EP300_pDS268,6.095795631408691,8445.0,2446,35.09769
ATTTCCGATGTCAG,CREB1_pDS269,5.693412780761719,8966.0,2369,36.761097
ATTTCGTGAAGGCG,SPI1_pDS255,7.113824844360352,5448.0,1912,31.43696
ATTTCGTGACCTAG,62(mod)_pBA581,5.1414713859558105,7710.0,2023,37.496758
ATTTCGTGCCAACA,62(mod)_pBA581,6.168699264526367,7033.0,2149,36.229206
ATTTCGTGGGACGA,BHLHE40_pDS258,5.761396408081055,9975.0,2520,36.65163
ATTTCGTGTCTACT,SNAI1_pDS266,5.491661071777344,8937.0,2285,37.473427
ATTTCTCTAGTGCT,ZNF326_pDS262,7.202881813049316,6450.0,1825,38.155037
ATTTCTCTATTCGG,CREB1_pDS269,6.046490669250488,5484.0,1788,34.712852
ATTTCTCTTGCCTC,DDIT3_pDS263,5.29709529876709,9147.0,2453,37.898994
ATTTGCACACTGTG,62(mod)_pBA581,6.778337001800537,8614.0,2309,36.15045
ATTTGCACGGTTAC,BHLHE40_pDS258,4.275844573974609,24796.0,4007,42.8341
ATTTGCACTGACAC,SPI1_pDS255,8.25128173828125,6933.0,2273,31.439285
CAAACTCTGTCGAT,62(mod)_pBA581,5.215110778808594,11530.0,2775,37.761208
CAAACTCTGTTTGG,DDIT3_pDS263,5.146042823791504,11288.0,2715,37.027195
CAAACTCTTTGCGA,BHLHE40_pDS258,5.544922351837158,11683.0,2950,35.23622
CAAAGCACTTGACG,DDIT3_pDS263,5.132237434387207,10376.0,2609,35.38595
CAAAGCTGAGGTCT,SPI1_pDS255,5.921233177185059,11981.0,3009,31.536343
CAAAGCTGCTGACA,BHLHE40_pDS258,6.499505043029785,11076.0,2617,42.466373
CAAAGCTGTCCTAT,BHLHE40_pDS258,5.30769681930542,11365.0,2798,37.248173
CAAATATGACTCTT,ZNF326_pDS262,6.575837135314941,8701.0,2262,28.548443
CAAATATGGCGTTA,EP300_pDS268,5.1221923828125,11000.0,2684,36.01818
CAAATATGTCTTCA,EP300_pDS268,7.271468162536621,7857.0,2421,33.333332
CAAATTGAGCCCTT,SNAI1_pDS266,6.238255023956299,8293.0,2458,32.975643
CAACAGACCTCGAA,62(mod)_pBA581,5.884527206420898,9093.0,2404,35.92788
CAACAGACCTGAGT,CREB1_pDS269,5.842565536499023,13109.0,3098,36.262394
CAACAGACTGGTGT,62(mod)_pBA581,4.515504360198975,15940.0,3331,35.44947
CAACCAGACGACTA,62(mod)_pBA581,5.530023097991943,10534.0,2452,37.75985
CAACCGCTACGTGT,62(mod)_pBA581,5.526096343994141,11407.0,2780,39.545895
CAACCGCTCCTCGT,DDIT3_pDS263,5.857365608215332,6961.0,2193,29.593449
CAACCGCTGCTGAT,62(mod)_pBA581,6.685780048370361,7427.0,2082,42.31857
CAACGATGAAGATG,SPI1_pDS255,6.468899726867676,9117.0,2586,34.485027
CAACGATGAAGCAA,SNAI1_pDS266,5.743620872497559,9044.0,2432,34.11101
CAACGTGAATAAGG,DDIT3_pDS263,5.790420055389404,9016.0,2414,35.688145
CAACGTGATGAGGG,EP300_pDS268,4.83689546585083,11334.0,2597,42.201836
CAACTTTGCGTACA,SNAI1_pDS266,6.622950077056885,13422.0,3166,35.294994
CAACTTTGGACGAG,62(mod)_pBA581,5.104684829711914,20392.0,3617,38.081696
CAACTTTGTGCATG,EP300_pDS268,5.6198883056640625,12617.0,2837,41.01609
CAAGAAGACACCAA,EP300_pDS268,6.15548038482666,5839.0,2027,27.932865
CAAGAAGAGGCATT,62(mod)_pBA581,5.144160270690918,9212.0,2430,37.7551
CAAGAAGAGTCTTT,EP300_pDS268,6.276318073272705,12437.0,2971,35.640778
CAAGAAGATTGTCT,SNAI1_pDS266,5.349921703338623,9693.0,2375,39.337666
CAAGACACGAATCC,EP300_pDS268,5.494225978851318,11575.0,2800,36.665226
CAAGACTGGATAGA,62(mod)_pBA581,8.76552677154541,3449.0,1435,33.748913
CAAGACTGGGATCT,EP300_pDS268,5.322843551635742,10227.0,2491,38.63903
CAAGACTGTTCAGG,BHLHE40_pDS258,5.4641242027282715,8839.0,2500,36.271072
CAAGACTGTTTGCT,SPI1_pDS255,6.014729022979736,10559.0,2697,37.348484
CAAGCATGAAAACG,EP300_pDS268,6.306260585784912,9090.0,2480,36.149616
CAAGCATGACCCAA,DDIT3_pDS263,5.2975006103515625,11942.0,2876,38.000336
CAAGCCCTCTAGTG,SNAI1_pDS266,5.904317378997803,6589.0,2003,37.01624
CAAGCCCTCTTTAC,CREB1_pDS269,6.043468475341797,9871.0,2533,34.754864
CAAGCCCTGAGCAG,62(mod)_pBA581,5.020713806152344,13907.0,3150,34.47904
CAAGCCCTTGACCA,SPI1_pDS255,4.814257621765137,12107.0,2791,38.387844
CAAGCCCTTGCCTC,BHLHE40_pDS258,6.383307456970215,9253.0,2538,30.499136
CAAGCTGAAGAATG,62(mod)_pBA581,5.264742851257324,7796.0,2170,35.01796
CAAGCTGAGCGAAG,SPI1_pDS255,5.316281318664551,12555.0,2906,33.96512
CAAGCTGATACTGG,BHLHE40_pDS258,5.456961631774902,11027.0,2565,41.467175
CAAGCTGATAGAAG,62(mod)_pBA581,6.889791011810303,4034.0,1463,36.09321
CAAGGACTAGTGCT,SPI1_pDS255,5.758296966552734,10882.0,2754,41.70725
CAAGGACTCCCGTT,62(mod)_pBA581,5.98757266998291,7844.0,2244,34.765427
CAAGGACTCCTCGT,SPI1_pDS255,5.5806989669799805,11482.0,2797,34.018463
CAAGGACTCTGCTC,62(mod)_pBA581,5.431819438934326,10291.0,2638,34.000584
CAAGGACTGCTCCT,SNAI1_pDS266,5.356537818908691,11218.0,2705,35.086468
CAAGGACTTAGACC,CREB1_pDS269,5.910081386566162,9722.0,2580,32.318455
CAAGGACTTGTTCT,ZNF326_pDS262,5.6596832275390625,10520.0,2520,37.34436
CAAGGACTTTCACT,62(mod)_pBA581,5.880463123321533,12145.0,2862,35.24084
CAAGGTTGAAGAGT,CREB1_pDS269,5.697720527648926,12882.0,2939,38.39944
CAAGGTTGTCTACT,EP300_pDS268,5.8146162033081055,10071.0,2511,33.578236
CAAGTCGAAAGTGA,62(mod)_pBA581,6.110466957092285,7508.0,2254,33.57752
CAAGTCGAGAGATA,62(mod)_pBA581,6.082386016845703,11479.0,2951,29.697708
CAAGTCGAGCATCA,62(mod)_pBA581,5.691410064697266,13189.0,3162,32.97445
CAAGTCGATCCTTA,SPI1_pDS255,9.53538703918457,5597.0,1877,36.13145
CAAGTCGATGCTCC,DDIT3_pDS263,5.796273708343506,10454.0,2610,37.241776
CAAGTCGATGGTAC,SNAI1_pDS266,5.088936805725098,11068.0,2664,40.27828
CAAGTCGATTTGTC,62(mod)_pBA581,6.327807426452637,8098.0,2237,36.881096
CAAGTTCTGACAAA,CREB1_pDS269,5.936522960662842,9292.0,2470,37.580715
CAAGTTCTGCGAGA,62(mod)_pBA581,6.022252559661865,9425.0,2461,37.74666
CAAGTTCTGGGCAA,ZNF326_pDS262,6.07164192199707,12037.0,2908,37.991196
CAAGTTCTGGTCTA,BHLHE40_pDS258,5.695247173309326,9575.0,2542,35.62402
CAAGTTCTTGCAAC,CREB1_pDS269,4.922996520996094,13477.0,3046,36.885063
CAATAAACAGTCTG,SNAI1_pDS266,6.236635684967041,8710.0,2358,36.061996
CAATAAACCTTTAC,EP300_pDS268,4.974853038787842,14906.0,3265,33.44962
CAATAAACGACACT,ZNF326_pDS262,6.291197299957275,11857.0,2997,33.111298
CAATATGAAGAACA,CREB1_pDS269,4.57151985168457,19240.0,3629,40.618504
CAATCGGAAAAAGC,EP300_pDS268,5.3531341552734375,9111.0,2280,38.93339
CAATCGGAAAGCAA,BHLHE40_pDS258,5.791898727416992,9978.0,2530,34.382202
CAATCGGAAGCCAT,SNAI1_pDS266,6.87116003036499,4850.0,1688,35.168007
CAATCGGAGGAAAT,SNAI1_pDS266,5.728927135467529,9140.0,2404,36.969364
CAATCGGAGGGCAA,SPI1_pDS255,8.348271369934082,8151.0,2409,35.8317
CAATCGGATATTCC,ZNF326_pDS262,5.042049407958984,13891.0,3084,37.690758
CAATCTACAGCCTA,62(mod)_pBA581,4.973984241485596,10237.0,2518,34.293808
CAATCTACATTGGC,ZNF326_pDS262,5.445271968841553,11263.0,2890,33.948864
CAATCTACCAGATC,62(mod)_pBA581,6.725433349609375,12302.0,2779,33.024467
CAATCTACCGGTAT,ZNF326_pDS262,5.472192764282227,7818.0,2220,36.88923
CAATCTACCGTGTA,BHLHE40_pDS258,5.979584693908691,8731.0,2425,34.917545
CAATCTACGAACTC,SNAI1_pDS266,5.793167591094971,10019.0,2520,37.06957
CAATCTACGAATAG,SNAI1_pDS266,7.27029275894165,6216.0,1965,34.781208
CAATCTACTAGACC,CREB1_pDS269,5.609492778778076,10638.0,2745,36.642227
CAATCTACTGCAGT,ZNF326_pDS262,5.41959810256958,14354.0,3071,39.21282
CAATGGACACACGT,DDIT3_pDS263,8.837846755981445,10581.0,2893,35.837112
CAATGGACGAGACG,EP300_pDS268,5.4728169441223145,10321.0,2653,36.76969
CAATGGACGGGACA,SPI1_pDS255,6.030529022216797,10589.0,2745,35.310226
CAATGGACTGCCCT,62(mod)_pBA581,6.0791497230529785,11738.0,3039,29.457365
CAATTCACCGTTAG,62(mod)_pBA581,5.996308326721191,9620.0,2492,37.95469
CAATTCTGACGACT,62(mod)_pBA581,6.1171698570251465,11857.0,2900,34.629333
CAATTCTGATCACG,SPI1_pDS255,5.420047760009766,9433.0,2568,33.697266
CAATTCTGGGCAAG,SNAI1_pDS266,5.013907432556152,12599.0,2990,30.722221
CAATTCTGTCAGGT,EP300_pDS268,5.763360500335693,10589.0,2569,35.627953
CAATTCTGTGAGAA,62(mod)_pBA581,7.053432464599609,6294.0,1917,39.675983
CACAACGACTCGAA,62(mod)_pBA581,6.683730602264404,7302.0,2438,27.554094
CACAACGACTTGTT,62(mod)_pBA581,4.974178791046143,14988.0,3106,36.375767
CACAATCTCTTCTA,62(mod)_pBA581,5.629032135009766,9436.0,2594,31.422213
CACAATCTCTTGAG,CREB1_pDS269,6.138431072235107,13379.0,3226,35.640087
CACAATCTGGAACG,62(mod)_pBA581,4.1391754150390625,21300.0,3576,41.57161
CACACCTGCGCAAT,SNAI1_pDS266,5.283441543579102,17090.0,3355,41.442863
CACACCTGGATAAG,SPI1_pDS255,5.966244220733643,8871.0,2531,32.93879
CACACCTGGCGTAT,EP300_pDS268,4.859538555145264,12621.0,2870,36.77997
CACACCTGGCTCCT,SNAI1_pDS266,11.461602210998535,3871.0,1651,28.512396
CACACCTGTCGTAG,62(mod)_pBA581,6.370594501495361,9028.0,2328,39.078423
CACACCTGTCTCGC,62(mod)_pBA581,6.67771053314209,7868.0,2433,30.948145
CACAGAACACCTCC,SNAI1_pDS266,5.781391143798828,9537.0,2690,27.576807
CACAGAACACTCAG,62(mod)_pBA581,5.951751232147217,9983.0,2604,37.133125
CACAGAACAGCTAC,ZNF326_pDS262,6.7970991134643555,7045.0,1980,40.931026
CACAGAACCCCGTT,CREB1_pDS269,9.559396743774414,3090.0,1229,40.394566
CACAGAACCCGTAA,SNAI1_pDS266,5.347310543060303,10412.0,2489,37.702873
CACAGAACGCTGAT,DDIT3_pDS263,6.403600692749023,8340.0,2338,35.515587
CACAGATGACCCAA,62(mod)_pBA581,4.760790824890137,11716.0,2734,33.771442
CACAGATGTCTTAC,62(mod)_pBA581,7.269920825958252,6994.0,2180,37.66085
CACAGATGTGTCGA,62(mod)_pBA581,4.466395378112793,15249.0,3088,35.805626
CACAGCCTAGAATG,62(mod)_pBA581,5.367212295532227,10967.0,2631,35.123554
CACAGCCTCAAGCT,SPI1_pDS255,5.454287052154541,12229.0,2864,37.17393
CACAGCCTCCTACC,EP300_pDS268,3.9245901107788086,22606.0,3753,42.962044
CACAGCCTGTTACG,62(mod)_pBA581,6.210650444030762,8132.0,2315,35.079308
CACAGCCTTCAGTG,62(mod)_pBA581,5.44605016708374,13075.0,2870,35.133068
CACAGCCTTCGCCT,SNAI1_pDS266,5.994812488555908,9519.0,2462,37.409393
CACAGTGAACCAGT,EP300_pDS268,6.181413650512695,5432.0,1825,35.088364
CACAGTGAAGCACT,DDIT3_pDS263,5.507757663726807,9994.0,2471,38.393036
CACAGTGACAAAGA,62(mod)_pBA581,6.140274524688721,8002.0,2232,39.177704
CACATACTGCTGTA,SPI1_pDS255,5.645840167999268,10233.0,2756,33.51573
CACATACTGTTGAC,62(mod)_pBA581,5.421947956085205,9280.0,2512,33.728447
CACATACTGTTTGG,CREB1_pDS269,5.632623195648193,9493.0,2676,32.139473
CACATACTTGACCA,SPI1_pDS255,6.075047016143799,11517.0,2846,33.87167
CACATGGACCTACC,DDIT3_pDS263,6.381180763244629,9131.0,2441,38.856644
CACATGGACGTAGT,62(mod)_pBA581,7.257699966430664,5471.0,1904,32.59002
CACATGGACTCTTA,62(mod)_pBA581,5.981559753417969,9856.0,2702,32.859898
CACATGGAGGACAG,SNAI1_pDS266,5.116235256195068,11071.0,2770,34.39617
CACATGGAGGTACT,BHLHE40_pDS258,5.368717670440674,12824.0,2979,36.228947
CACATGGATCCGTC,SPI1_pDS255,6.5613908767700195,8058.0,2169,37.999504
CACCACTGCTCAGA,62(mod)_pBA581,6.428743362426758,7229.0,2225,33.22728
CACCACTGTTACTC,DDIT3_pDS263,6.029922962188721,9399.0,2301,41.844875
CACCACTGTTCTGT,62(mod)_pBA581,6.680853366851807,7445.0,2226,29.989256
CACCCATGCATGAC,SNAI1_pDS266,5.146931171417236,12230.0,2769,34.840557
CACCCATGGGTGAG,62(mod)_pBA581,8.750386238098145,2878.0,1083,39.0625
CACCCATGGTTCGA,DDIT3_pDS263,5.556681156158447,10282.0,2533,43.405952
CACCCATGTTTGCT,BHLHE40_pDS258,5.3974385261535645,11761.0,2842,36.8251
CACCGGGATAAGCC,62(mod)_pBA581,5.109506130218506,15622.0,3319,34.611446
CACCGGGATCTATC,62(mod)_pBA581,6.318653583526611,7574.0,2412,28.980724
CACCGTACCACCAA,SNAI1_pDS266,6.138034343719482,8806.0,2313,40.631386
CACCGTACCCTTTA,BHLHE40_pDS258,4.577744007110596,18921.0,3437,40.02748
CACCGTTGACGTGT,DDIT3_pDS263,5.59104585647583,13480.0,3068,39.614243
CACCGTTGGTCTTT,62(mod)_pBA581,6.178529739379883,9975.0,2493,37.002506
CACCGTTGTAGAAG,62(mod)_pBA581,5.342258453369141,8925.0,2409,34.976475
CACCGTTGTCCAAG,BHLHE40_pDS258,6.448952674865723,7331.0,2130,38.453144
CACCTGACCTAGCA,SNAI1_pDS266,8.070167541503906,8793.0,2474,33.99659
CACCTGACGACAGG,62(mod)_pBA581,5.152344226837158,11180.0,2589,40.92657
CACCTGACGCCAAT,62(mod)_pBA581,6.2152628898620605,11004.0,2935,30.116322
CACCTGACTTCATC,SNAI1_pDS266,8.919944763183594,8230.0,2222,33.288788
CACGAAACACGCTA,62(mod)_pBA581,6.042442798614502,5596.0,1793,39.77841
CACGAAACCGATAC,62(mod)_pBA581,5.973677635192871,11403.0,2762,37.60961
CACGAAACCGGAGA,62(mod)_pBA581,5.623926162719727,11640.0,2732,36.191048
CACGACCTCTTCTA,BHLHE40_pDS258,5.701206207275391,13088.0,2901,36.117054
CACGATGAAGATCC,62(mod)_pBA581,5.449418067932129,11324.0,2644,38.40516
CACGATGAAGCGGA,SPI1_pDS255,6.105615615844727,11462.0,2928,36.46833
CACGATGAGCTACA,62(mod)_pBA581,5.826738357543945,9657.0,2489,36.74019
CACGATGATACGCA,ZNF326_pDS262,5.466465473175049,14183.0,3089,36.632824
CACGCTACAGGGTG,ZNF326_pDS262,5.0308966636657715,9216.0,2473,33.13802
CACGCTACGGGCAA,SPI1_pDS255,7.024742126464844,8225.0,2372,36.55927
CACGCTACTGTCCC,EP300_pDS268,5.4725236892700195,10366.0,2572,37.36253
CACGCTACTGTGCA,62(mod)_pBA581,5.305969715118408,12192.0,2863,40.08366
CACGCTACTTCGTT,SPI1_pDS255,5.73081111907959,9088.0,2477,34.011883
CACGGGACCCAAGT,ZNF326_pDS262,6.251537799835205,9031.0,2566,32.366295
CACGGGACCTCGCT,62(mod)_pBA581,5.793613910675049,9515.0,2496,37.00473
CACGGGACGAAAGT,CREB1_pDS269,7.348621845245361,3289.0,1402,33.47522
CACGGGACTCAAGC,CREB1_pDS269,5.448367118835449,11410.0,2804,36.683903
CACGGGACTTCCGC,CREB1_pDS269,6.3543620109558105,9090.0,2560,34.785477
CACGGGACTTTCTG,SNAI1_pDS266,5.2820515632629395,9350.0,2538,33.433155
CACGGGACTTTGCT,ZNF326_pDS262,5.051152229309082,11434.0,2809,32.750328
CACGGGTGCTTGTT,EP300_pDS268,5.62669563293457,8761.0,2372,37.507133
CACGGGTGGCCATA,CREB1_pDS269,5.502959728240967,13670.0,3078,37.04652
CACGGGTGGGATCT,CREB1_pDS269,5.320352077484131,10105.0,2665,38.020782
CACGGGTGGGTGGA,62(mod)_pBA581,8.732332229614258,6355.0,2079,36.53241
CACGGGTGTGCCTC,62(mod)_pBA581,5.505566120147705,11380.0,2752,34.074333
CACTAACTCCTCGT,BHLHE40_pDS258,6.597060203552246,10299.0,2523,37.04495
CACTAACTCTCGCT,62(mod)_pBA581,6.715002059936523,9406.0,2449,37.922604
CACTAACTGAATGA,SPI1_pDS255,4.876333713531494,14447.0,3179,34.15698
CACTAACTTCACCC,62(mod)_pBA581,4.385817527770996,16230.0,3332,34.890026
CACTAGGACCAAGT,SPI1_pDS255,7.0208868980407715,9054.0,2645,33.204506
CACTAGGACTGTTT,EP300_pDS268,5.9455718994140625,9552.0,2395,36.275127
CACTAGGAGCTATG,62(mod)_pBA581,5.53419303894043,9456.0,2470,36.865482
CACTAGGAGGGATG,EP300_pDS268,5.540260314941406,8628.0,2399,35.35002
CACTAGGATCGTAG,SPI1_pDS255,5.509829521179199,8708.0,2352,37.857388
CACTAGGATGCGTA,SNAI1_pDS266,6.355399131774902,9132.0,2562,34.6436
CACTAGGATGTCCC,DDIT3_pDS263,5.109531879425049,9624.0,2618,37.302578
CACTATACAAGTGA,SNAI1_pDS266,5.891833305358887,9700.0,2573,32.536083
CACTCCGAACCAGT,EP300_pDS268,5.939724445343018,10725.0,2770,33.9021
CACTCCGACCAACA,62(mod)_pBA581,5.155630111694336,15294.0,3123,38.94482
CACTCCGATAGTCG,DDIT3_pDS263,5.324634552001953,9342.0,2489,37.497322
CACTCTCTAAGCCT,62(mod)_pBA581,6.344904899597168,9483.0,2742,27.836355
CACTCTCTATCAGC,SNAI1_pDS266,5.556983470916748,10107.0,2540,34.659145
CACTCTCTTCCTCG,62(mod)_pBA581,5.192419052124023,12263.0,2787,40.512108
CACTCTCTTTCGTT,ZNF326_pDS262,4.8727240562438965,14373.0,3124,38.38447
CACTGAGAACACGT,DDIT3_pDS263,4.650495529174805,20330.0,3831,35.651745
CACTGAGAGGGATG,62(mod)_pBA581,4.145711898803711,4716.0,1045,53.965225
CACTGAGAGGTTCA,BHLHE40_pDS258,5.262685298919678,13188.0,2968,37.784348
CACTGAGATCTTTG,SNAI1_pDS266,6.029898166656494,9573.0,2558,38.510548
CACTGAGATTTGCT,62(mod)_pBA581,5.57762336730957,10033.0,2631,35.78192
CACTGCACAGAATG,BHLHE40_pDS258,6.329018592834473,12359.0,2811,40.045303
CACTGCACAGATGA,ZNF326_pDS262,5.181238651275635,12925.0,2760,38.024136
CACTGCACTGCCCT,BHLHE40_pDS258,5.84218168258667,8558.0,2270,36.35195
CACTGCACTGTGCA,SPI1_pDS255,5.577592849731445,9738.0,2506,36.034092
CACTGCACTTTCTG,DDIT3_pDS263,5.725242614746094,8370.0,2295,38.757465
CACTGCTGAATGCC,ZNF326_pDS262,6.837433338165283,8905.0,2447,36.619877
CACTGCTGCACTTT,62(mod)_pBA581,5.5712971687316895,12444.0,2884,37.69886
CACTGCTGCCTTTA,BHLHE40_pDS258,5.998722553253174,9799.0,2566,35.575058
CACTGCTGCGTACA,CREB1_pDS269,5.442656993865967,12289.0,2864,34.909267
CACTGCTGGACACT,CREB1_pDS269,5.870874404907227,11641.0,2795,38.112007
CACTGCTGGGCATT,BHLHE40_pDS258,5.412936687469482,9338.0,2451,34.56843
CACTGCTGGGTATC,62(mod)_pBA581,5.181646823883057,12451.0,2942,36.71191
CACTTAACGGGCAA,ZNF326_pDS262,4.116461277008057,18523.0,3347,35.345245
CACTTAACGTTAGC,CREB1_pDS269,4.971841335296631,13496.0,3036,39.37912
CACTTAACTGCGTA,62(mod)_pBA581,4.705436706542969,12007.0,2863,35.01291
CACTTATGCATCAG,DDIT3_pDS263,6.952258586883545,5715.0,1859,36.50044
CACTTATGCCATGA,SPI1_pDS255,5.3131184577941895,14236.0,3098,32.94473
CACTTATGGGAGCA,SNAI1_pDS266,5.632455825805664,11988.0,2892,35.574276
CACTTATGGGCATT,62(mod)_pBA581,6.071320533752441,6888.0,2024,37.639717
CACTTATGTCCAGA,62(mod)_pBA581,5.305497646331787,15450.0,3131,39.071903
CACTTTGACCAAGT,62(mod)_pBA581,5.431934833526611,10852.0,2672,37.15444
CACTTTGATCCGTC,62(mod)_pBA581,5.648465156555176,13029.0,3169,33.60964
CAGAAGCTACACCA,CREB1_pDS269,5.125210762023926,19390.0,3664,39.602886
CAGAAGCTCTGAAC,62(mod)_pBA581,5.3247528076171875,9669.0,2453,39.776608
CAGAAGCTGTGTTG,BHLHE40_pDS258,5.859116077423096,11600.0,2731,36.505474
CAGAAGCTTGAGGG,SPI1_pDS255,5.97016716003418,10625.0,2697,35.695465
CAGAAGCTTTATCC,ZNF326_pDS262,4.958994388580322,12139.0,2752,35.83196
CAGAAGCTTTCTGT,BHLHE40_pDS258,5.476806640625,11842.0,2774,35.458538
CAGACAACACGGGA,62(mod)_pBA581,4.590064525604248,15067.0,3006,36.09212
CAGACAACCTGTGA,CREB1_pDS269,4.750489234924316,9654.0,2428,40.843174
CAGACAACGGTCAT,SPI1_pDS255,4.936108589172363,14300.0,3011,40.25874
CAGACATGCATACG,SPI1_pDS255,6.369515419006348,7308.0,2186,35.298946
CAGACATGCGTAAC,SNAI1_pDS266,5.2662224769592285,10568.0,2583,37.76138
CAGACATGTTCGCC,SPI1_pDS255,5.2022624015808105,10184.0,2563,35.365734
CAGACCCTCCTCCA,62(mod)_pBA581,5.540574550628662,10429.0,2488,38.926174
CAGACCCTCTGAAC,CREB1_pDS269,6.469273090362549,13548.0,3178,32.880657
CAGACCCTCTGACA,SPI1_pDS255,4.736599445343018,12921.0,2864,35.755745
CAGACCCTGTTGGT,DDIT3_pDS263,7.070310115814209,7579.0,2327,34.424065
CAGACCCTTTCGTT,ZNF326_pDS262,6.036746501922607,7949.0,2175,38.90077
CAGACTGAAGAACA,ZNF326_pDS262,5.689248085021973,8181.0,2377,35.04827
CAGACTGAATCGAC,62(mod)_pBA581,5.792555332183838,12301.0,2922,37.14843
CAGACTGACGCCTT,62(mod)_pBA581,6.088252544403076,9859.0,2621,33.35024
CAGACTGACTTCTA,EP300_pDS268,7.546529293060303,12099.0,2881,36.83993
CAGACTGAGACTAC,BHLHE40_pDS258,5.820989608764648,11401.0,2830,33.096554
CAGAGGGAACAGCT,ZNF326_pDS262,5.996179103851318,10928.0,2590,41.299175
CAGAGGGATCTCGC,DDIT3_pDS263,6.395064353942871,2042.0,917,30.06856
CAGATCGACATACG,DDIT3_pDS263,5.310307502746582,11642.0,2752,35.50936
CAGATCGATAAGCC,CREB1_pDS269,6.6683735847473145,7673.0,2292,30.909565
CAGATCGATTCGGA,CREB1_pDS269,4.372618675231934,11922.0,2712,38.94154
CAGATGACCATTGG,62(mod)_pBA581,6.385901927947998,7488.0,2228,34.82906
CAGATGACCTAAGC,62(mod)_pBA581,5.339718341827393,10981.0,2639,40.87598
CAGCAATGAATGCC,EP300_pDS268,6.006669998168945,8762.0,2487,34.48984
CAGCAATGCAGAGG,SPI1_pDS255,6.982602596282959,6966.0,2157,36.0178
CAGCAATGCTTACT,DDIT3_pDS263,5.953795433044434,10283.0,2589,35.738598
CAGCAATGGTACGT,SPI1_pDS255,8.04433536529541,5031.0,1802,32.240112
CAGCACCTAAGCCT,DDIT3_pDS263,4.864842891693115,15410.0,3428,32.193382
CAGCACCTACGTTG,SNAI1_pDS266,8.465394020080566,4481.0,1675,37.603214
CAGCACCTTTCCCG,EP300_pDS268,6.335247039794922,6918.0,1989,41.196877
CAGCATGAAGACTC,SPI1_pDS255,4.972451210021973,9290.0,2527,32.70183
CAGCATGAAGGTCT,SNAI1_pDS266,8.195441246032715,5488.0,1615,42.367943
CAGCATGAGAGAGC,ZNF326_pDS262,5.856976509094238,8878.0,2285,36.355446
CAGCCTACACTGGT,62(mod)_pBA581,4.421766757965088,18822.0,3544,39.947933
CAGCCTACATGTGC,SNAI1_pDS266,7.908602237701416,3892.0,1493,35.842754
CAGCCTACCTTCCG,SNAI1_pDS266,6.25472354888916,10857.0,2623,36.161003
CAGCCTACCTTGTT,SPI1_pDS255,5.1341471672058105,7917.0,2098,37.52684
CAGCCTACGTTGAC,DDIT3_pDS263,5.227302551269531,10802.0,2643,36.58243
CAGCCTACTCGTTT,BHLHE40_pDS258,5.271596908569336,14707.0,3109,34.90175
CAGCCTACTGTGCA,SPI1_pDS255,5.228010177612305,13535.0,2994,34.045067
CAGCCTTGACGTAC,62(mod)_pBA581,5.687448501586914,11422.0,2775,36.33021
CAGCCTTGACTACG,DDIT3_pDS263,6.071766376495361,8967.0,2443,32.917038
CAGCCTTGATGACC,62(mod)_pBA581,4.176606178283691,19671.0,3494,38.806427
CAGCCTTGGAGGCA,CREB1_pDS269,5.3606696128845215,8864.0,2294,41.658207
CAGCGGACAGACTC,SPI1_pDS255,4.803679466247559,9959.0,2576,36.736946
CAGCGGACCCTTTA,SPI1_pDS255,6.07289457321167,8623.0,2357,34.500755
CAGCGTCTAACCAC,DDIT3_pDS263,5.2072649002075195,8878.0,2377,31.944132
CAGCGTCTCAGAAA,ZNF326_pDS262,5.774385929107666,9274.0,2494,34.77464
CAGCGTCTCATTGG,ZNF326_pDS262,4.2667646408081055,17025.0,3246,36.886932
CAGCGTCTTTGGCA,DDIT3_pDS263,6.439186096191406,8842.0,2359,38.905224
CAGCTAGAACCAAC,62(mod)_pBA581,7.256450653076172,8894.0,2608,28.645306
CAGCTAGACGCATA,62(mod)_pBA581,6.920359134674072,7046.0,2268,32.302017
CAGCTAGAGGTGTT,62(mod)_pBA581,5.789355278015137,9422.0,2467,37.051582
CAGCTAGATCAAGC,DDIT3_pDS263,4.650983810424805,13068.0,3010,33.89195
CAGCTAGATCCCAC,62(mod)_pBA581,5.883443832397461,11352.0,2781,35.643826
CAGCTCACCCCTAC,62(mod)_pBA581,6.95648193359375,9621.0,2587,36.44112
CAGCTCACTATGCG,DDIT3_pDS263,7.337546348571777,6318.0,2098,30.151947
CAGCTCTGCTAGAC,SPI1_pDS255,4.764663219451904,17004.0,3475,36.007057
CAGCTCTGGCAGAG,SPI1_pDS255,5.1896772384643555,11650.0,2713,36.274677
CAGGAACTATTCGG,BHLHE40_pDS258,7.6791534423828125,4139.0,1493,38.864735
CAGGAACTGGAAAT,SPI1_pDS255,5.296563148498535,13926.0,3287,33.905365
CAGGCCGACTCTAT,BHLHE40_pDS258,5.733794212341309,8515.0,2372,37.310627
CAGGCCGAGGAGTG,ZNF326_pDS262,6.488166809082031,7801.0,2256,38.09768
CAGGCCGATTCATC,CREB1_pDS269,5.874910831451416,9461.0,2422,37.028427
CAGGGCACAACAGA,SPI1_pDS255,8.902948379516602,4856.0,1681,38.179573
CAGGGCACAGCATC,62(mod)_pBA581,4.869305610656738,19906.0,3590,40.882145
CAGGGCACTTCTAC,BHLHE40_pDS258,5.731776237487793,11647.0,2736,36.962307
CAGGGCACTTGTCT,SPI1_pDS255,6.015192031860352,8748.0,2371,36.987083
CAGGTAACCTCAGA,DDIT3_pDS263,5.339009761810303,12482.0,2884,31.947449
CAGGTAACGGATTC,CREB1_pDS269,5.646682262420654,9035.0,2503,30.48146
CAGGTAACGTCCTC,EP300_pDS268,7.426697731018066,9296.0,2501,35.682014
CAGGTAACTGTGGT,62(mod)_pBA581,5.107956409454346,17013.0,3356,35.257126
CAGGTATGACTAGC,BHLHE40_pDS258,5.031015396118164,16636.0,3315,39.955517
CAGGTATGTAAAGG,62(mod)_pBA581,5.548758506774902,10829.0,2673,38.97507
CAGGTTGAACACTG,SNAI1_pDS266,6.545230865478516,7606.0,2379,29.647646
CAGGTTGACTTCTA,CREB1_pDS269,5.51632022857666,11433.0,2966,31.33036
CAGGTTGAGACGAG,62(mod)_pBA581,5.4980573654174805,8254.0,2235,34.11266
CAGTCAGAACTCTT,BHLHE40_pDS258,5.2007012367248535,11773.0,2756,37.71021
CAGTCAGAGATAAG,CREB1_pDS269,5.061736106872559,14597.0,3082,44.33788
CAGTCAGATTGGCA,CREB1_pDS269,6.842113018035889,7225.0,2137,36.87197
CAGTGATGCCTTAT,DDIT3_pDS263,4.823026180267334,12805.0,2893,37.844593
CAGTGATGCTGAAC,EP300_pDS268,5.82546854019165,10404.0,2481,39.496445
CAGTGATGGGGAGT,SNAI1_pDS266,5.079698085784912,10727.0,2638,37.02806
CAGTGATGTAGAGA,SNAI1_pDS266,6.871329307556152,8915.0,2468,34.96692
CAGTGATGTCACGA,BHLHE40_pDS258,5.463357925415039,12023.0,2801,37.012394
CAGTGATGTTCTTG,CREB1_pDS269,5.97852087020874,9284.0,2403,38.377853
CAGTGTGAAGCGGA,EP300_pDS268,5.993226528167725,9189.0,2385,38.480793
CAGTGTGAAGTACC,62(mod)_pBA581,4.515634059906006,14219.0,3137,37.632744
CAGTGTGAGGGCAA,DDIT3_pDS263,5.133998394012451,9587.0,2538,36.601646
CAGTTACTAAAAGC,ZNF326_pDS262,8.356653213500977,6593.0,2155,34.015774
CAGTTACTAATCGC,DDIT3_pDS263,5.59743595123291,9519.0,2475,34.83559
CAGTTGGAAATGCC,BHLHE40_pDS258,7.212821960449219,16113.0,3602,32.532738
CAGTTGGAGGTAAA,62(mod)_pBA581,5.368372440338135,13237.0,3051,39.601116
CAGTTGGAGTTGAC,62(mod)_pBA581,5.031283378601074,12789.0,2955,37.47459
CAGTTTACCTACCC,62(mod)_pBA581,6.1472392082214355,10985.0,2598,37.256508
CAGTTTACTCCTGC,62(mod)_pBA581,6.065978050231934,8918.0,2401,37.13837
CATAAAACAAGGGC,DDIT3_pDS263,4.652298450469971,11639.0,2781,34.72807
CATAAAACGTTGCA,62(mod)_pBA581,6.537149429321289,7823.0,2195,38.33568
CATAAAACTGCCAA,SNAI1_pDS266,5.781139373779297,11618.0,2787,33.87555
CATAAATGCAACCA,BHLHE40_pDS258,5.956017971038818,12329.0,3045,31.041193
CATAACCTACGTTG,62(mod)_pBA581,6.319141864776611,7667.0,2225,35.646275
CATAACCTCCGAAT,62(mod)_pBA581,6.160912990570068,10862.0,2526,34.128155
CATAACCTTGCAGT,SNAI1_pDS266,6.325064659118652,6579.0,1955,39.945282
CATAACCTTGGCAT,CREB1_pDS269,5.9746317863464355,10185.0,2614,34.973
CATACTACAGCTAC,SNAI1_pDS266,5.174474239349365,14969.0,3264,35.58688
CATACTACATCGTG,CREB1_pDS269,4.69869327545166,15812.0,3153,38.64786
CATACTTGCGAACT,SNAI1_pDS266,7.075442790985107,4169.0,1514,35.380188
CATACTTGCTGACA,62(mod)_pBA581,7.758520126342773,5981.0,2220,27.081244
CATACTTGCTTATC,SNAI1_pDS266,5.602764129638672,12611.0,2969,37.189754
CATAGTCTCGAGTT,62(mod)_pBA581,5.110599517822266,12156.0,2835,36.522167
CATATAGACTTTAC,62(mod)_pBA581,6.2419633865356445,11264.0,2917,31.756037
CATATAGAGACAGG,ZNF326_pDS262,6.096121788024902,12904.0,2816,37.87198
CATCAACTAAAGCA,SPI1_pDS255,8.506847381591797,4224.0,1601,33.830494
CATCAACTCGTACA,62(mod)_pBA581,5.625911235809326,11559.0,2809,33.670734
CATCAACTCGTTGA,EP300_pDS268,4.7710442543029785,14255.0,3119,39.038933
CATCAACTGACAGG,BHLHE40_pDS258,4.01540470123291,26294.0,4126,37.181973
CATCAACTGGAGCA,62(mod)_pBA581,6.6224164962768555,7863.0,2151,35.986774
CATCAACTTCTTTG,BHLHE40_pDS258,5.506937503814697,13864.0,3081,36.783268
CATCAGGAAACCAC,EP300_pDS268,7.7763166427612305,19321.0,3676,36.490192
CATCAGGATAGTCG,SNAI1_pDS266,6.312889575958252,7638.0,2251,34.17125
CATCAGGATTGCGA,ZNF326_pDS262,5.361040115356445,11746.0,2739,38.064022
CATCATACACGTGT,DDIT3_pDS263,6.420152187347412,8298.0,2371,33.887684
CATCATACCGGAGA,SPI1_pDS255,5.8052802085876465,12726.0,3209,32.11283
CATCATACGAGCAG,DDIT3_pDS263,5.364009380340576,8812.0,2315,35.338177
CATCATACGCGAGA,CREB1_pDS269,5.76861047744751,12485.0,2925,36.10733
CATCATACTGACTG,62(mod)_pBA581,6.2936692237854,8913.0,2471,36.026028
CATCATACTGTCTT,EP300_pDS268,6.138805866241455,17262.0,3552,37.689724
CATCATACTTCGTT,62(mod)_pBA581,5.91317892074585,9161.0,2676,27.28662
CATCATACTTCTGT,62(mod)_pBA581,5.538527011871338,10096.0,2581,33.623848
CATCCCGACACTCC,EP300_pDS268,5.6025896072387695,9995.0,2591,35.404163
CATCCCGACGACTA,BHLHE40_pDS258,5.715400218963623,7552.0,2311,31.501589
CATCGCTGCACTGA,DDIT3_pDS263,4.522855758666992,16460.0,3264,33.849705
CATCGCTGCGGTAT,BHLHE40_pDS258,6.357396125793457,8677.0,2322,39.83637
CATCGCTGGTACCA,CREB1_pDS269,7.6411566734313965,5972.0,1882,38.245144
CATCGGCTGGACGA,SNAI1_pDS266,6.051516056060791,9001.0,2596,29.130096
CATCTCCTACTACG,62(mod)_pBA581,5.000880718231201,11391.0,2747,36.862434
CATCTCCTCAGATC,62(mod)_pBA581,6.912145137786865,9213.0,2501,36.980354
CATCTCCTCCCAAA,ZNF326_pDS262,5.591217517852783,11999.0,2836,34.769566
CATCTCCTCGTTAG,EP300_pDS268,4.7498064041137695,11246.0,2628,38.084652
CATCTCCTGCCTTC,SPI1_pDS255,5.902059555053711,11491.0,2719,38.191784
CATCTCCTGGTTTG,SPI1_pDS255,5.202169418334961,8977.0,2436,33.64892
CATCTCCTTAGACC,BHLHE40_pDS258,6.046108245849609,9768.0,2722,28.982391
CATCTCCTTCTTAC,CREB1_pDS269,5.191678047180176,12753.0,2889,35.654354
CATCTTGAAAGGGC,62(mod)_pBA581,5.599841117858887,8752.0,2361,38.53976
CATCTTGAACAGTC,ZNF326_pDS262,4.886669635772705,14046.0,3094,33.51844
CATCTTGAAGGGTG,SPI1_pDS255,6.963751316070557,9845.0,2685,32.66301
CATCTTGAATCAGC,EP300_pDS268,6.4359307289123535,9692.0,2513,38.134544
CATCTTGAATCGAC,SNAI1_pDS266,5.570495128631592,12749.0,3105,28.496353
CATCTTGACGAACT,BHLHE40_pDS258,5.645906448364258,10758.0,2741,32.93057
CATCTTGACTGTGA,62(mod)_pBA581,7.301397323608398,5498.0,1798,39.116203
CATGAGACATCTCT,SPI1_pDS255,6.263040065765381,8259.0,2416,30.282116
CATGAGACATGTGC,62(mod)_pBA581,5.216558933258057,10119.0,2546,38.102768
CATGCCACGAATGA,62(mod)_pBA581,5.02345609664917,14451.0,2944,42.07321
CATGCGCTACAGCT,SPI1_pDS255,6.419325351715088,7609.0,2252,37.187912
CATGCGCTAGGCGA,CREB1_pDS269,4.476832389831543,12928.0,2855,36.44802
CATGCGCTCCCTAC,DDIT3_pDS263,5.116901397705078,8768.0,2303,38.708942
CATGGATGGACAAA,SPI1_pDS255,6.486292362213135,10557.0,2761,36.12769
CATGGCCTCTGTAG,BHLHE40_pDS258,5.757501602172852,9635.0,2358,39.813183
CATGTACTAATCGC,BHLHE40_pDS258,15.469560623168945,3779.0,1521,21.41724
CATGTACTATGTGC,62(mod)_pBA581,5.735659599304199,11887.0,2700,37.163525
CATGTACTCTCTCG,DDIT3_pDS263,8.127792358398438,3665.0,1477,35.00682
CATGTACTGAGCAG,ZNF326_pDS262,6.118686676025391,7314.0,2255,35.005466
CATGTTACGTTCAG,62(mod)_pBA581,6.083745002746582,7745.0,2163,37.146545
CATGTTTGAAGAGT,62(mod)_pBA581,10.887892723083496,5592.0,1902,32.05793
CATGTTTGAAGTAG,ZNF326_pDS262,5.2898759841918945,11432.0,2627,37.255074
CATGTTTGACCGAT,BHLHE40_pDS258,6.338878154754639,9420.0,2700,31.27786
CATGTTTGGGACAG,SPI1_pDS255,5.450883388519287,9860.0,2534,32.24138
CATGTTTGTCAGGT,CREB1_pDS269,4.9516987800598145,11811.0,2755,37.11794
CATTACACATGCTG,DDIT3_pDS263,6.162407875061035,7055.0,2176,31.920624
CATTACACCAACCA,62(mod)_pBA581,9.643939018249512,5200.0,1628,34.493366
CATTACACGAGGAC,SPI1_pDS255,6.006711959838867,12211.0,3058,32.165085
CATTACACTCGCTC,62(mod)_pBA581,5.472871780395508,13377.0,3011,34.00613
CATTACACTGGATC,SPI1_pDS255,7.38881778717041,7082.0,2204,37.856537
CATTAGCTCGTTAG,62(mod)_pBA581,4.968538284301758,9917.0,2514,39.558334
CATTCCCTATGTGC,EP300_pDS268,4.697041034698486,19993.0,3822,35.277348
CATTCCCTCATGGT,62(mod)_pBA581,4.70695161819458,19265.0,3529,37.63625
CATTGACTAACCAC,SPI1_pDS255,5.831587791442871,10966.0,2546,40.399345
CATTGACTACACCA,DDIT3_pDS263,6.347230911254883,8515.0,2486,32.656178
CATTGACTACGTAC,EP300_pDS268,5.281303405761719,11904.0,2855,34.99664
CATTGACTACTAGC,62(mod)_pBA581,5.09102201461792,12581.0,2882,35.964077
CATTGACTAGTCAC,62(mod)_pBA581,4.813867568969727,10960.0,2645,38.4854
CATTGACTCATTTC,BHLHE40_pDS258,5.013998031616211,13605.0,2967,38.894604
CATTGACTCCGTTC,SPI1_pDS255,5.79306697845459,13673.0,2930,39.90054
CATTGACTGGAAGC,62(mod)_pBA581,5.394247055053711,15537.0,3108,42.01313
CATTGACTTGATGC,62(mod)_pBA581,6.776344299316406,6697.0,2098,36.25504
CATTGACTTGGGAG,EP300_pDS268,5.483578205108643,8146.0,2224,36.815617
CATTGACTTGTTTC,SNAI1_pDS266,6.150542259216309,9607.0,2458,37.85387
CATTGGGATGAGCT,EP300_pDS268,6.9303975105285645,5498.0,1725,43.917076
CATTGGGATTCTAC,62(mod)_pBA581,5.083948135375977,16642.0,3375,38.502674
CATTGTACCTGTCC,ZNF326_pDS262,4.978972434997559,13541.0,2982,39.12273
CATTGTACGCGAGA,EP300_pDS268,6.20543909072876,8905.0,2513,31.005053
CATTTCGAATTGGC,62(mod)_pBA581,4.893401622772217,10406.0,2610,34.87076
CATTTCGACCAAGT,SNAI1_pDS266,5.0786285400390625,10273.0,2616,36.347706
CATTTCGAGTCATG,62(mod)_pBA581,5.308727264404297,12958.0,2854,36.368546
CATTTCGAGTCTTT,62(mod)_pBA581,4.911807060241699,17837.0,3471,38.172646
CATTTCGATACGAC,DDIT3_pDS263,6.677230358123779,7628.0,2256,37.821186
CATTTCGATGAAGA,DDIT3_pDS263,5.245871543884277,9232.0,2493,34.326256
CATTTGACGGAACG,SNAI1_pDS266,6.4640913009643555,11459.0,2847,35.430664
CATTTGACGGGCAA,DDIT3_pDS263,6.445794105529785,7696.0,2204,37.889812
CATTTGACTAGACC,62(mod)_pBA581,5.606637954711914,12301.0,2901,38.728558
CATTTGTGACTAGC,CREB1_pDS269,6.3786115646362305,11301.0,2793,35.07918
CATTTGTGAGCGTT,SNAI1_pDS266,9.027620315551758,2588.0,1300,23.136347
CATTTGTGCGAGAG,62(mod)_pBA581,5.36356258392334,11326.0,2769,36.420624
CATTTGTGGGTAGG,62(mod)_pBA581,5.545279502868652,10990.0,2581,36.308224
CATTTGTGTCGTAG,SNAI1_pDS266,5.049107074737549,10266.0,2604,35.508377
CCAAAGTGGGGTGA,62(mod)_pBA581,6.897352695465088,6913.0,2017,40.517864
CCAAAGTGGTCTAG,ZNF326_pDS262,6.626782417297363,5370.0,1776,34.33892
CCAACCTGACCTGA,SNAI1_pDS266,5.552727699279785,11888.0,2810,34.527714
CCAACCTGACGGAG,ZNF326_pDS262,4.501636505126953,14391.0,3077,40.091717
CCAACCTGCCTTGC,ZNF326_pDS262,5.189559459686279,9257.0,2593,31.965
CCAACCTGGAGGTG,SPI1_pDS255,6.179973125457764,9390.0,2545,35.612354
CCAACCTGTGACAC,62(mod)_pBA581,4.65842342376709,18385.0,3651,36.297382
CCAAGAACAGGTCT,SPI1_pDS255,5.371278762817383,10314.0,2535,37.59209
CCAAGAACCTCTAT,62(mod)_pBA581,5.19780158996582,9460.0,2492,34.87315
CCAAGAACTCGCCT,EP300_pDS268,5.258716106414795,11265.0,2802,37.724125
CCAAGAACTTCGTT,CREB1_pDS269,6.196413040161133,9684.0,2497,38.162106
CCAAGATGCACTCC,BHLHE40_pDS258,5.145325660705566,13369.0,2926,37.998356
CCAAGATGCTCTTA,62(mod)_pBA581,5.500018119812012,11236.0,2779,38.57448
CCAAGATGCTTATC,SPI1_pDS255,6.890162944793701,8515.0,2565,28.440582
CCAAGATGGTTGGT,ZNF326_pDS262,5.576462268829346,7954.0,2224,38.282623
CCAAGATGTACGCA,EP300_pDS268,5.526503086090088,10025.0,2530,37.586037
CCAAGATGTGTCTT,62(mod)_pBA581,5.613815784454346,10824.0,2719,35.45824
CCAATGGACAACCA,62(mod)_pBA581,5.065517902374268,10451.0,2751,30.006699
CCAATGGACTAGTG,EP300_pDS268,5.864465236663818,8570.0,2402,38.366394
CCAATGGAGCGATT,DDIT3_pDS263,5.627374172210693,9130.0,2533,30.733845
CCAATGGAGTGCTA,62(mod)_pBA581,4.801207065582275,9793.0,2582,30.092924
CCAATGGATAACGC,SNAI1_pDS266,5.448334693908691,11143.0,2683,36.220047
CCAATGGATTCGTT,CREB1_pDS269,11.743072509765625,6514.0,2068,29.573359
CCAATTTGATACCG,62(mod)_pBA581,5.735385894775391,8718.0,2295,39.71094
CCAATTTGCTTGTT,SNAI1_pDS266,6.767861366271973,8811.0,2408,36.193394
CCACCATGAAGTGA,62(mod)_pBA581,4.695088863372803,19815.0,3442,43.802986
CCACCATGAGTCGT,EP300_pDS268,5.239395618438721,13814.0,3066,33.854507
CCACCATGCCAACA,EP300_pDS268,4.546727180480957,14112.0,3103,33.531746
CCACCATGCTGTAG,BHLHE40_pDS258,4.927296161651611,11712.0,2894,33.1512
CCACCATGGAGCAG,ZNF326_pDS262,4.686875820159912,15232.0,3201,37.98989
CCACCATGTTTCGT,BHLHE40_pDS258,4.675027847290039,12076.0,2707,40.705475
CCACCTGATTGCGA,62(mod)_pBA581,4.724355220794678,14852.0,3184,34.11662
CCACGGGAAGAGGC,62(mod)_pBA581,6.947525501251221,7630.0,2118,39.266056
CCACGGGACAGTTG,SNAI1_pDS266,6.314549922943115,9863.0,2617,39.886444
CCACGGGACTGTAG,62(mod)_pBA581,6.950952529907227,4550.0,1447,42.417583
CCACGGGATCGTGA,SPI1_pDS255,5.740564346313477,10908.0,2701,37.20781
CCACTGACGTATGC,BHLHE40_pDS258,6.6890130043029785,9502.0,2579,34.940014
CCACTGACTCGACA,62(mod)_pBA581,7.517997741699219,7914.0,2201,40.71266
CCACTGACTGTAGC,SPI1_pDS255,6.106993675231934,9998.0,2554,35.183517
CCACTGTGATCGAC,SPI1_pDS255,5.820883750915527,12029.0,2859,35.79385
CCACTGTGATGCTG,62(mod)_pBA581,5.723820209503174,12373.0,3039,34.551037
CCACTGTGGTGCAT,CREB1_pDS269,7.1200456619262695,5835.0,1974,30.299913
CCACTGTGTTCTTG,EP300_pDS268,5.905059337615967,8370.0,2325,37.001194
CCACTTCTAACGTC,CREB1_pDS269,6.850922584533691,3952.0,1624,32.178093
CCACTTCTACTTTC,SNAI1_pDS266,5.510079383850098,9895.0,2457,36.95806
CCACTTCTGTAGGG,EP300_pDS268,6.076593399047852,8022.0,2302,32.805683
CCAGAAACAGAAGT,DDIT3_pDS263,6.064030647277832,8646.0,2354,34.82535
CCAGAAACATCGAC,BHLHE40_pDS258,6.013197422027588,9155.0,2410,35.718185
CCAGAAACCACTAG,EP300_pDS268,5.629611015319824,4637.0,1539,37.912445
CCAGAAACGGTATC,62(mod)_pBA581,6.9390363693237305,6490.0,2089,32.588596
CCAGAAACGGTGGA,EP300_pDS268,5.692314147949219,6494.0,1952,35.41731
CCAGAAACTCACGA,62(mod)_pBA581,4.970699310302734,16264.0,3417,36.837574
CCAGAAACTGCTGA,SPI1_pDS255,5.269561290740967,10296.0,2784,31.92502
CCAGACCTTATCTC,62(mod)_pBA581,6.102332592010498,7634.0,2268,35.1454
CCAGACCTTTAGGC,62(mod)_pBA581,5.380741119384766,13095.0,2966,37.774895
CCAGACCTTTGTCT,62(mod)_pBA581,4.67777156829834,18835.0,3562,39.09535
CCAGATGAATCTCT,CREB1_pDS269,5.9164886474609375,8808.0,2420,38.623978
CCAGATGAGACGTT,62(mod)_pBA581,5.444073677062988,10590.0,2666,36.534466
CCAGATGATCGCTC,DDIT3_pDS263,5.10885763168335,9517.0,2461,37.9006
CCAGATGATGCAAC,EP300_pDS268,6.006295680999756,10442.0,2719,36.257423
CCAGCACTCCTTTA,BHLHE40_pDS258,7.248702049255371,8952.0,2590,30.972858
CCAGCACTGTTACG,SPI1_pDS255,8.20234203338623,3931.0,1611,30.450268
CCAGCACTTCCTAT,62(mod)_pBA581,6.017082214355469,9908.0,2600,37.212353
CCAGCGGACACACA,62(mod)_pBA581,7.177753925323486,7953.0,2517,26.090784
CCAGCGGAGGTCTA,CREB1_pDS269,4.59063720703125,16871.0,3284,40.066383
CCAGCGGATCGCCT,62(mod)_pBA581,7.037929058074951,7492.0,2050,40.771385
CCAGCTACCGCCTT,CREB1_pDS269,5.441827774047852,11695.0,2632,35.131668
CCAGCTACCTAGCA,CREB1_pDS269,4.051325798034668,25101.0,4022,40.273296
CCAGCTACCTCGCT,ZNF326_pDS262,5.55562162399292,11982.0,2772,36.63829
CCAGCTACCTGCAA,ZNF326_pDS262,5.002212047576904,11163.0,2772,34.539593
CCAGGTCTAACGGG,62(mod)_pBA581,8.405648231506348,3788.0,1433,37.434002
CCAGGTCTAGCCAT,62(mod)_pBA581,5.17850399017334,10785.0,2616,35.202522
CCAGGTCTGGTAAA,CREB1_pDS269,5.368766784667969,9881.0,2558,36.9662
CCAGGTCTGTAGGG,EP300_pDS268,6.181838512420654,8265.0,2325,36.684814
CCAGGTCTTAGCGT,BHLHE40_pDS258,5.614268779754639,14642.0,3116,36.094795
CCAGGTCTTGACCA,CREB1_pDS269,6.231517314910889,6732.0,2075,36.38794
CCAGTCACGTCGTA,BHLHE40_pDS258,5.528309345245361,10243.0,2734,30.749706
CCAGTCTGCAATCG,SPI1_pDS255,5.7619948387146,9063.0,2425,35.083847
CCAGTCTGCTTCGC,CREB1_pDS269,7.427749156951904,10129.0,2649,32.685093
CCAGTCTGGGGCAA,EP300_pDS268,6.157218933105469,9252.0,2401,38.841457
CCAGTCTGTCACGA,62(mod)_pBA581,5.717966079711914,10105.0,2503,37.961407
CCAGTGCTGGAAGC,62(mod)_pBA581,5.217930316925049,11561.0,2724,35.273766
CCAGTGCTGGCATT,SNAI1_pDS266,6.794622421264648,8162.0,2477,30.543983
CCATAGGACCTACC,62(mod)_pBA581,5.0487961769104,13225.0,3044,34.62876
CCATAGGATAACGC,SPI1_pDS255,5.264647483825684,13456.0,2976,38.926872
CCATAGGATTCTGT,DDIT3_pDS263,5.33922815322876,11187.0,2684,36.953606
CCATAGGATTGACG,EP300_pDS268,5.263387203216553,9730.0,2392,41.325798
CCATATACACGGAG,62(mod)_pBA581,4.996504306793213,13182.0,2913,38.491882
CCATATACTGCATG,62(mod)_pBA581,4.6729865074157715,14941.0,3029,42.761528
CCATCCGAAGAAGT,62(mod)_pBA581,4.948334217071533,11608.0,2732,36.89697
CCATCCGAAGGTTC,DDIT3_pDS263,6.400861740112305,7608.0,2236,39.31388
CCATCCGAATCTCT,62(mod)_pBA581,6.110771656036377,10837.0,2704,38.383465
CCATCCGACGCCTT,CREB1_pDS269,5.544753074645996,11793.0,2866,34.025776
CCATCCGAGCGAGA,SNAI1_pDS266,6.258899688720703,9118.0,2519,33.39548
CCATCCGAGTTGAC,CREB1_pDS269,5.108625888824463,11932.0,2823,34.67147
CCATCCGATGCGTA,EP300_pDS268,4.417263031005859,16106.0,3363,34.65789
CCATCCGATTACTC,CREB1_pDS269,6.7679290771484375,5730.0,1709,41.692844
CCATCGTGAACCTG,CREB1_pDS269,8.318265914916992,7433.0,2240,29.975794
CCATCGTGGCTAAC,SNAI1_pDS266,6.6259074211120605,7955.0,2491,29.604023
CCATCGTGGGGATG,62(mod)_pBA581,6.211256980895996,6820.0,2040,36.80352
CCATCGTGGTAAAG,EP300_pDS268,4.47334623336792,15984.0,3166,38.044292
CCATCGTGGTGCAT,BHLHE40_pDS258,6.050175189971924,9021.0,2500,36.93604
CCATCGTGTGACAC,DDIT3_pDS263,5.065783977508545,11957.0,2813,38.186836
CCATGCTGCCGTTC,BHLHE40_pDS258,5.374095439910889,12487.0,2903,37.967487
CCATGCTGCTCATT,SNAI1_pDS266,7.860404014587402,5458.0,1825,29.798534
CCATGCTGTCTGGA,CREB1_pDS269,5.539531707763672,11056.0,2690,36.152317
CCATGCTGTGGTGT,DDIT3_pDS263,5.472021579742432,9905.0,2404,39.72741
CCATTAACTATTCC,62(mod)_pBA581,4.370090961456299,16428.0,3181,37.813488
CCATTAACTCAGTG,SPI1_pDS255,7.9923176765441895,6172.0,1947,40.375893
CCCAAAGAGTTCTT,DDIT3_pDS263,5.337423324584961,9700.0,2593,32.659794
CCCAAAGATCCTTA,EP300_pDS268,5.578029632568359,10362.0,2725,35.37927
CCCAAAGATCGATG,62(mod)_pBA581,5.649354457855225,14248.0,3242,31.064009
CCCAACACAGAGAT,62(mod)_pBA581,5.043870449066162,13918.0,3071,34.032616
CCCAACACAGCTAC,SNAI1_pDS266,6.0528669357299805,9155.0,2588,33.966797
CCCAACACTAGTCG,62(mod)_pBA581,4.560266971588135,11489.0,2756,35.169712
CCCAACACTGCAAC,EP300_pDS268,6.138510227203369,12183.0,2857,36.107693
CCCAACACTGCACA,DDIT3_pDS263,5.944302082061768,9742.0,2635,32.1084
CCCAACACTGTCGA,ZNF326_pDS262,5.429018974304199,9571.0,2636,33.80694
CCCAACTGGACAAA,62(mod)_pBA581,9.172764778137207,7881.0,2226,38.056576
CCCAACTGGGACTT,SNAI1_pDS266,4.536187171936035,18761.0,3600,36.145607
CCCAACTGGGGATG,62(mod)_pBA581,5.446398735046387,12606.0,2832,39.10043
CCCAACTGTGACTG,ZNF326_pDS262,4.8746185302734375,13615.0,2927,33.548767
CCCACATGCAATCG,62(mod)_pBA581,7.125797271728516,8389.0,2530,34.409626
CCCACATGGGTGAG,SNAI1_pDS266,5.2415337562561035,12622.0,2850,38.258595
CCCACATGTGGCAT,CREB1_pDS269,5.696910858154297,10356.0,2547,35.6667
CCCAGACTGTCAAC,62(mod)_pBA581,5.355010509490967,12273.0,2836,37.79027
CCCAGACTTCGTTT,BHLHE40_pDS258,4.406142711639404,15800.0,3098,41.18094
CCCAGTTGAGAGAT,62(mod)_pBA581,5.245146751403809,13105.0,2978,41.236168
CCCAGTTGCTTCGC,62(mod)_pBA581,6.32246732711792,9868.0,2481,39.375824
CCCAGTTGTCCCGT,62(mod)_pBA581,5.302810192108154,14247.0,3170,36.6042
CCCATCGAAGCGGA,EP300_pDS268,6.297398090362549,7347.0,2277,32.17202
CCCATCGACTACGA,62(mod)_pBA581,6.1962409019470215,7890.0,2384,32.243347
CCCATCGAGAGATA,ZNF326_pDS262,5.028328895568848,12833.0,2941,37.356815
CCCATCGATACGAC,EP300_pDS268,5.412975311279297,12795.0,2871,39.07471
CCCATGTGACTCAG,EP300_pDS268,5.358423233032227,13764.0,3200,34.248764
CCCATGTGAGAGGC,BHLHE40_pDS258,4.782544136047363,10165.0,2508,37.15691
CCCATGTGGCATAC,BHLHE40_pDS258,6.328123569488525,8495.0,2316,35.338436
CCCATGTGTCGTAG,ZNF326_pDS262,6.162764072418213,8460.0,2337,33.286053
CCCATGTGTGGTGT,BHLHE40_pDS258,5.863009452819824,8961.0,2409,34.378487
CCCATGTGTGTAGC,CREB1_pDS269,5.258298873901367,14237.0,2904,40.53238
CCCGAACTAGTACC,BHLHE40_pDS258,6.985352039337158,8442.0,2474,29.554607
CCCGAACTCCGATA,DDIT3_pDS263,5.75864839553833,9545.0,2675,31.10925
CCCGAACTTAGCGT,SNAI1_pDS266,5.885896682739258,10288.0,2645,34.881912
CCCGAACTTCTTCA,CREB1_pDS269,5.059650421142578,14209.0,3061,36.77247
CCCGAACTTGACTG,SPI1_pDS255,6.0066752433776855,9710.0,2638,30.54583
CCCGATTGACGTTG,62(mod)_pBA581,4.487227916717529,20178.0,3520,43.324413
CCCGATTGCAAGCT,62(mod)_pBA581,5.024106979370117,9653.0,2390,35.15277
CCCGATTGCACTAG,62(mod)_pBA581,6.138875961303711,7643.0,2412,32.41334
CCCGATTGCCCAAA,62(mod)_pBA581,5.431798934936523,10903.0,2640,39.114086
CCCGATTGGAAAGT,62(mod)_pBA581,5.621624946594238,13318.0,2917,39.11248
CCCGATTGGGTTAC,ZNF326_pDS262,4.221633434295654,19454.0,3518,41.039215
CCCGATTGTCTCGC,SPI1_pDS255,5.187737941741943,14802.0,3313,34.285908
CCCGATTGTTCCCG,ZNF326_pDS262,6.184407711029053,7669.0,2108,37.118645
CCCGGAGAAGCTAC,BHLHE40_pDS258,5.835255146026611,11310.0,2814,33.784264
CCCGGAGAGCTCCT,ZNF326_pDS262,6.144493579864502,7437.0,2155,36.721798
CCCGGAGATAAGGA,BHLHE40_pDS258,6.480440616607666,10127.0,2577,34.87706
CCCGGAGATCGCCT,62(mod)_pBA581,5.855599880218506,9273.0,2665,28.84719
CCCGGAGATGCTCC,EP300_pDS268,5.1848344802856445,10428.0,2652,38.75144
CCCTACGAACACAC,BHLHE40_pDS258,5.217191696166992,10597.0,2700,35.091526
CCCTACGACGCTAA,62(mod)_pBA581,6.687715530395508,6928.0,1993,33.97806
CCCTACGAGGTGGA,BHLHE40_pDS258,6.3905534744262695,9703.0,2515,39.987633
CCCTAGTGCCATGA,DDIT3_pDS263,4.6949262619018555,16890.0,3306,40.98875
CCCTAGTGGGGTGA,62(mod)_pBA581,5.224905014038086,15139.0,3392,36.935272
CCCTAGTGGGTGGA,SPI1_pDS255,5.3657660484313965,11233.0,2824,32.722095
CCCTAGTGTTTACC,62(mod)_pBA581,5.518072128295898,9621.0,2562,35.006756
CCCTCAGATAGTCG,ZNF326_pDS262,5.773859024047852,11092.0,2614,38.73963
CCCTGAACCCTTCG,62(mod)_pBA581,5.255123138427734,10254.0,2461,37.000195
CCCTGAACTGCCAA,62(mod)_pBA581,7.46463680267334,4354.0,1614,31.419384
CCCTGATGACTACG,ZNF326_pDS262,6.2931036949157715,7538.0,2071,37.83497
CCCTGATGCGGAGA,62(mod)_pBA581,5.310308933258057,11158.0,2710,37.775585
CCCTGATGGACAAA,BHLHE40_pDS258,6.003520965576172,10004.0,2641,32.10074
CCCTGATGTCTCGC,62(mod)_pBA581,5.833105087280273,9083.0,2384,36.584827
CCCTTACTACGGAG,DDIT3_pDS263,5.8889875411987305,8705.0,2359,37.10085
CCCTTACTAGGGTG,CREB1_pDS269,5.344851493835449,9903.0,2431,39.240635
CCCTTACTCTATTC,DDIT3_pDS263,5.3922295570373535,11187.0,2790,36.401825
CCCTTACTCTGATG,62(mod)_pBA581,5.338666915893555,13748.0,3198,36.87809
CCCTTACTTCTGGA,62(mod)_pBA581,4.8649773597717285,16086.0,3273,41.71951
CCCTTACTTGTGGT,CREB1_pDS269,5.007796287536621,13038.0,3014,35.005367
CCCTTACTTTCCAT,SNAI1_pDS266,4.995845794677734,11239.0,2825,33.268085
CCCTTACTTTTCAC,BHLHE40_pDS258,5.667382717132568,9959.0,2737,29.972889
CCGAAAACTAGTCG,62(mod)_pBA581,5.1588006019592285,8298.0,2297,38.635815
CCGACACTACAGTC,DDIT3_pDS263,4.739625453948975,16144.0,3188,41.65015
CCGACACTCGAATC,ZNF326_pDS262,5.454296588897705,11015.0,2704,37.013165
CCGACACTCTGAGT,BHLHE40_pDS258,5.252302646636963,11646.0,2760,40.254166
CCGACACTGACGTT,BHLHE40_pDS258,5.186763286590576,14825.0,3128,40.10118
CCGACACTTACTTC,ZNF326_pDS262,5.116237163543701,12540.0,2768,34.776714
CCGACACTTGTTCT,SPI1_pDS255,6.250909328460693,4113.0,1401,37.24775
CCGACTACGTCGAT,62(mod)_pBA581,5.430069923400879,9449.0,2424,37.015873
CCGACTACTGCCTC,62(mod)_pBA581,5.607356071472168,10570.0,2598,36.253548
CCGACTACTTGGCA,SPI1_pDS255,7.021229267120361,7408.0,2108,39.357536
CCGATAGAAGTTCG,EP300_pDS268,6.616472244262695,7371.0,2101,39.804638
CCGATAGACAGCTA,SPI1_pDS255,6.205188751220703,8329.0,2403,32.617046
CCGCGAGAATGGTC,CREB1_pDS269,5.185311317443848,11933.0,2735,36.822258
CCGCGAGACCTTTA,CREB1_pDS269,6.945052146911621,4767.0,1608,41.493603
CCGCGAGAGAAGGC,62(mod)_pBA581,5.527013778686523,13405.0,3045,38.065044
CCGCGAGAGACAGG,ZNF326_pDS262,5.7352705001831055,11053.0,2710,38.306343
CCGCTATGCCAGTA,62(mod)_pBA581,10.613569259643555,2413.0,1270,20.63821
CCGGAGACCCTGTC,62(mod)_pBA581,5.13561487197876,15759.0,3298,37.261246
CCGGAGACCCTTTA,DDIT3_pDS263,5.766301155090332,8266.0,2271,34.002663
CCGGAGACGATGAA,62(mod)_pBA581,5.4895219802856445,9404.0,2586,29.870268
CCGGAGACTAACGC,DDIT3_pDS263,6.69126033782959,6468.0,1997,34.32282
CCGGAGACTTGCTT,DDIT3_pDS263,5.622882843017578,8618.0,2452,32.22364
CCGGTACTAAGAAC,EP300_pDS268,6.578536033630371,7043.0,2044,38.202724
CCGGTACTGAACCT,62(mod)_pBA581,6.835892677307129,9392.0,2423,37.489353
CCGGTACTGATAGA,SPI1_pDS255,6.554924488067627,7951.0,2312,33.769337
CCGGTACTTGCCAA,62(mod)_pBA581,7.155318260192871,3363.0,1276,41.599762
CCGTAAGAACCGAT,SNAI1_pDS266,5.102325439453125,12505.0,2926,33.20272
CCGTAAGACCTTTA,EP300_pDS268,6.280758857727051,8807.0,2515,33.59446
CCGTAAGACGAACT,62(mod)_pBA581,5.501501560211182,11904.0,2898,34.744625
CCGTAAGACTCAAG,62(mod)_pBA581,5.446822166442871,10968.0,2595,39.046402
CCGTAAGACTGTGA,ZNF326_pDS262,4.808876037597656,13143.0,2891,35.50179
CCGTAAGAGTGCAT,SPI1_pDS255,7.63497257232666,5304.0,1842,34.709652
CCGTAAGATGGCAT,62(mod)_pBA581,5.9065680503845215,8356.0,2177,37.4297
CCGTACACCATTGG,ZNF326_pDS262,8.414934158325195,6493.0,2145,27.663177
CCGTACACGGTGGA,ZNF326_pDS262,4.612658977508545,15520.0,3050,37.568455
CCGTACACTCGTGA,BHLHE40_pDS258,5.331958293914795,9911.0,2660,33.931995
CCGTACACTCTGGA,SPI1_pDS255,4.379189491271973,16219.0,3132,41.49815
CCTAAACTAAAGTG,EP300_pDS268,5.822175025939941,9789.0,2510,37.497448
CCTAAACTAACCAC,EP300_pDS268,5.605241298675537,8433.0,2382,34.13969
CCTAAACTCACTAG,62(mod)_pBA581,5.658117294311523,12211.0,2885,37.38333
CCTAAACTCAGGAG,EP300_pDS268,4.808028697967529,11185.0,2702,38.122486
CCTAAACTCTCCAC,62(mod)_pBA581,6.879188060760498,9350.0,2552,31.454546
CCTAAACTGACGTT,62(mod)_pBA581,5.942844390869141,9504.0,2533,32.912457
CCTAAACTGGAAAT,ZNF326_pDS262,5.445770263671875,7804.0,2162,39.582264
CCTAAACTGTAGCT,EP300_pDS268,5.431797981262207,14588.0,3234,38.597572
CCTAAACTTGTCCC,62(mod)_pBA581,7.336619853973389,4344.0,1496,38.19061
CCTAAGGACAAAGA,62(mod)_pBA581,7.001250743865967,5060.0,1636,40.988144
CCTAAGGACTGACA,62(mod)_pBA581,7.199292182922363,9219.0,2591,33.38757
CCTAAGGAGCCCTT,EP300_pDS268,4.549507141113281,17956.0,3453,37.9873
CCTAAGGATACTTC,SPI1_pDS255,5.335175514221191,12771.0,3025,36.89609
CCTACCGATTCATC,ZNF326_pDS262,5.366552352905273,11187.0,2858,31.75114
CCTAGAGAGCTACA,62(mod)_pBA581,7.053872585296631,8084.0,2169,40.28946
CCTAGAGAGGAAGC,ZNF326_pDS262,5.399445056915283,10963.0,2675,36.559338
CCTAGAGAGTACCA,62(mod)_pBA581,4.958715915679932,9282.0,2404,35.832794
CCTAGAGAGTCTAG,62(mod)_pBA581,4.5957794189453125,19118.0,3539,39.371273
CCTAGAGATCGCTC,ZNF326_pDS262,5.503561973571777,11459.0,2689,35.58464
CCTATAACCAACTG,SPI1_pDS255,6.643066883087158,8428.0,2603,28.125742
CCTATAACCACTAG,62(mod)_pBA581,6.403278827667236,7375.0,2232,35.552544
CCTATTGAGTACAC,62(mod)_pBA581,6.145348072052002,9564.0,2449,38.016098
CCTCATCTAGCTCA,SNAI1_pDS266,8.914597511291504,7906.0,2471,30.580498
CCTCATCTCTGAGT,SPI1_pDS255,4.02646017074585,23814.0,3944,40.26203
CCTCGAACAACCAC,ZNF326_pDS262,7.2550048828125,4245.0,1506,41.7805
CCTCGAACTCTACT,SPI1_pDS255,5.940106391906738,7886.0,2382,33.17271
CCTCTACTCGACAT,DDIT3_pDS263,4.6639604568481445,23608.0,4004,32.96061
CCTCTACTCGTCTC,62(mod)_pBA581,4.715829849243164,14549.0,3035,37.01718
CCTCTACTGTTACG,CREB1_pDS269,5.388073444366455,9665.0,2565,30.615623
CCTGACTGAAAAGC,62(mod)_pBA581,5.168111801147461,11954.0,2886,31.294964
CCTGACTGCTCGAA,SNAI1_pDS266,4.7964019775390625,17465.0,3436,35.53189
CCTGACTGTAAAGG,ZNF326_pDS262,5.2789082527160645,12102.0,2725,37.5062
CCTGAGCTACTACG,DDIT3_pDS263,5.028374671936035,10658.0,2631,35.603714
CCTGAGCTCACACA,62(mod)_pBA581,5.279468536376953,11863.0,2672,37.778152
CCTGAGCTCGACAT,EP300_pDS268,5.803577899932861,11628.0,2848,35.715515
CCTGAGCTGATAGA,BHLHE40_pDS258,5.701452732086182,8855.0,2354,37.267082
CCTGAGCTGCTCCT,SPI1_pDS255,7.008419036865234,6457.0,2231,28.724064
CCTGAGCTTGAACC,BHLHE40_pDS258,4.912813663482666,12010.0,2753,37.78518
CCTGCAACCCAGTA,ZNF326_pDS262,5.260790824890137,10599.0,2555,36.541183
CCTGCAACGACACT,DDIT3_pDS263,5.847628116607666,8538.0,2310,36.202858
CCTGCAACGTCTAG,62(mod)_pBA581,5.682933807373047,11464.0,2771,37.212143
CCTGCAACTGTCGA,SNAI1_pDS266,6.171537399291992,15062.0,3205,36.473476
CCTGGACTCCAACA,SNAI1_pDS266,5.642037391662598,13034.0,3066,35.926353
CCTGGACTTCCTCG,62(mod)_pBA581,5.1311540603637695,12645.0,2911,38.483437
CCTTAATGACTCAG,ZNF326_pDS262,6.0132365226745605,10079.0,2650,30.995138
CCTTAATGAGAGAT,62(mod)_pBA581,4.778375148773193,22023.0,3869,41.3386
CCTTAATGCAGTCA,62(mod)_pBA581,5.606358528137207,10932.0,2518,37.84303
CCTTAATGCGAGAG,62(mod)_pBA581,6.397453784942627,8780.0,2420,33.56492
CCTTAATGGGTACT,SNAI1_pDS266,7.0361151695251465,4954.0,1709,39.644733
CCTTCACTAATGCC,DDIT3_pDS263,5.769717693328857,10917.0,2588,38.855312
CCTTCACTAGCTAC,62(mod)_pBA581,5.206650257110596,10316.0,2721,29.996122
CCTTCACTCTCCCA,SNAI1_pDS266,4.480374336242676,15336.0,3121,40.545124
CCTTCACTTGCTAG,SPI1_pDS255,5.110976219177246,13027.0,3095,35.956093
CCTTTAGAACCTAG,DDIT3_pDS263,5.1344990730285645,8846.0,2369,35.458347
CCTTTAGAACGGTT,62(mod)_pBA581,7.111078262329102,7778.0,2232,39.328876
CCTTTAGAATGTGC,SPI1_pDS255,6.2354841232299805,7317.0,2041,34.23965
CCTTTAGAATTGGC,62(mod)_pBA581,7.483081340789795,6158.0,2037,30.367002
CCTTTAGAGTAAAG,CREB1_pDS269,4.96923828125,13322.0,2899,37.87435
CCTTTAGAGTCGTA,DDIT3_pDS263,6.541835784912109,7030.0,2187,31.674015
CGAACATGTAGACC,62(mod)_pBA581,5.851502418518066,8238.0,2468,28.854092
CGAACATGTGTTTC,62(mod)_pBA581,6.397223949432373,8459.0,2374,35.72526
CGAAGACTCAGTTG,EP300_pDS268,5.037596225738525,12758.0,2804,41.73068
CGAAGACTTAAGCC,62(mod)_pBA581,5.508679389953613,9049.0,2413,36.287292
CGAAGACTTCGCTC,62(mod)_pBA581,6.247799396514893,10335.0,2663,31.088533
CGAAGGGAATGCCA,62(mod)_pBA581,5.313287258148193,12224.0,2764,34.56851
CGAAGGGACCTTAT,62(mod)_pBA581,5.323068141937256,10700.0,2883,29.766356
CGAAGGGAGCCCTT,SNAI1_pDS266,5.965627670288086,10312.0,2656,36.3654
CGAAGGGATGGAAA,SNAI1_pDS266,5.614640235900879,11400.0,2748,36.289474
CGAAGGGATTCTTG,SPI1_pDS255,5.965769290924072,8608.0,2426,35.609756
CGAAGTACCACACA,SPI1_pDS255,4.672549247741699,17973.0,3435,38.42773
CGAAGTACTTGACG,62(mod)_pBA581,5.008007526397705,11812.0,2711,37.851337
CGAATCGAAGCGGA,EP300_pDS268,3.789750576019287,22553.0,3970,35.015297
CGAATCGAATGCTG,62(mod)_pBA581,5.573784351348877,10121.0,2495,36.37621
CGAATCGAGCAGAG,CREB1_pDS269,6.0162858963012695,7534.0,2083,39.899124
CGAATCGAGCTAAC,BHLHE40_pDS258,7.3287458419799805,7198.0,2348,28.50792
CGAATCGAGCTGTA,62(mod)_pBA581,7.0327982902526855,3417.0,1398,30.436054
CGAATCGAGTGAGG,BHLHE40_pDS258,5.797288417816162,8429.0,2322,35.888004
CGACAAACCACTCC,SPI1_pDS255,5.882993221282959,6302.0,2000,37.569412
CGACAAACCTACGA,ZNF326_pDS262,6.338140487670898,8333.0,2228,39.25357
CGACAAACGATGAA,SNAI1_pDS266,6.462080001831055,13481.0,3106,32.895714
CGACAAACGCATAC,62(mod)_pBA581,5.893094539642334,7806.0,2270,37.338287
CGACAAACGTCGTA,62(mod)_pBA581,6.777077674865723,10339.0,2710,36.570267
CGACAAACTTATCC,DDIT3_pDS263,7.495573043823242,7525.0,2391,29.55089
CGACAAACTTCGTT,62(mod)_pBA581,5.412163257598877,12091.0,2875,35.861385
CGACAAACTTCTAC,SPI1_pDS255,5.8430352210998535,11358.0,2773,36.538124
CGACCACTATCACG,62(mod)_pBA581,8.025067329406738,3725.0,1422,38.872482
CGACCACTCTGATG,62(mod)_pBA581,5.2770514488220215,11076.0,2760,35.581436
CGACCACTGGATCT,62(mod)_pBA581,4.665091514587402,19124.0,3544,41.47234
CGACCGGACGCCTT,CREB1_pDS269,5.543814182281494,8975.0,2427,37.121212
CGACCGGAGCGAGA,62(mod)_pBA581,5.5517401695251465,9198.0,2570,30.198935
CGACCGGAGGTCAT,62(mod)_pBA581,8.117827415466309,7937.0,2223,36.865314
CGACCGGAGTGTAC,62(mod)_pBA581,6.204006671905518,8026.0,2211,38.200848
CGACCGGATACGAC,62(mod)_pBA581,5.236174583435059,9765.0,2427,38.361496
CGACCGGATCGCAA,62(mod)_pBA581,5.505497932434082,9758.0,2454,36.6571
CGACCGGATGTCAG,SNAI1_pDS266,5.804688930511475,9261.0,2463,37.350178
CGACCTACAGTAGA,SPI1_pDS255,5.867204189300537,9933.0,2537,33.541374
CGACCTACCGTGTA,SNAI1_pDS266,6.7626872062683105,9849.0,2636,35.07614
CGACCTACCTCTAT,SPI1_pDS255,5.49295711517334,7443.0,2301,31.855434
CGACCTACGTTAGC,CREB1_pDS269,7.20975399017334,7853.0,2301,36.27913
CGACCTACTACGAC,DDIT3_pDS263,5.697329521179199,17429.0,3542,39.552494
CGACCTACTATCTC,BHLHE40_pDS258,5.41953706741333,12600.0,2973,35.93651
CGACCTTGCTGACA,SNAI1_pDS266,6.735382556915283,9168.0,2395,33.911243
CGACCTTGTATTCC,SNAI1_pDS266,6.383315563201904,10659.0,2627,39.25891
CGACCTTGTCACCC,CREB1_pDS269,5.417103290557861,11458.0,2762,38.11311
CGACCTTGTGGTAC,62(mod)_pBA581,6.586310863494873,8050.0,2352,33.970936
CGACCTTGTTCATC,62(mod)_pBA581,5.629463195800781,10502.0,2629,35.799297
CGACGTCTGGACTT,SPI1_pDS255,4.73021936416626,17021.0,3477,35.73233
CGACGTCTTGTGGT,SNAI1_pDS266,5.399442195892334,12679.0,2876,40.536278
CGACGTCTTTCGGA,DDIT3_pDS263,5.076103687286377,13875.0,2903,39.024216
CGACTCACAGCGGA,BHLHE40_pDS258,6.321561336517334,10513.0,2605,36.754494
CGACTCACCGCTAA,62(mod)_pBA581,7.250777244567871,6015.0,1937,34.962593
CGACTCTGATGCCA,SNAI1_pDS266,4.68286657333374,15245.0,3279,34.822247
CGACTCTGCTAGAC,ZNF326_pDS262,5.79537296295166,8321.0,2242,35.813004
CGACTCTGTACTCT,SPI1_pDS255,4.9122467041015625,13178.0,2917,38.10608
CGACTCTGTCTCCG,CREB1_pDS269,6.630589962005615,8363.0,2449,35.270206
CGACTGCTACTACG,SPI1_pDS255,9.21560287475586,2535.0,1134,36.094673
CGACTGCTTCGTAG,BHLHE40_pDS258,6.522949695587158,7592.0,2150,38.55374
CGAGAACTATCGGT,SNAI1_pDS266,8.447015762329102,7004.0,2249,33.461815
CGAGAACTCATGAC,BHLHE40_pDS258,19.104204177856445,2788.0,1108,26.334646
CGAGAACTCATTTC,BHLHE40_pDS258,4.604373455047607,14518.0,2944,39.061855
CGAGATTGCACTAG,62(mod)_pBA581,6.220446586608887,8515.0,2384,35.31415
CGAGATTGCCAAGT,BHLHE40_pDS258,7.030389308929443,7218.0,2170,35.628204
CGAGATTGCGTAGT,BHLHE40_pDS258,5.578462600708008,13966.0,3282,32.57196
CGAGATTGTACAGC,EP300_pDS268,5.09313440322876,13049.0,3010,35.823753
CGAGATTGTCAGGT,62(mod)_pBA581,5.038387775421143,10922.0,2689,39.82058
CGAGATTGTCTGGA,BHLHE40_pDS258,5.4829301834106445,13485.0,2910,39.52247
CGAGCCGAAAACAG,62(mod)_pBA581,6.562675476074219,8869.0,2547,31.916573
CGAGCCGAAAGCCT,SNAI1_pDS266,5.265610694885254,9750.0,2614,33.001743
CGAGCCGAAGATCC,SPI1_pDS255,6.371872901916504,7991.0,2371,34.200977
CGAGCCGAATGCCA,62(mod)_pBA581,5.786221027374268,10295.0,2709,35.308403
CGAGCCGAATTGGC,EP300_pDS268,5.8719072341918945,9194.0,2231,41.674824
CGAGCCGACTGACA,ZNF326_pDS262,5.058773994445801,9586.0,2404,37.968082
CGAGCCGACTGTGA,ZNF326_pDS262,6.820829391479492,8690.0,2356,35.960876
CGAGCCGAGATAGA,62(mod)_pBA581,5.04824161529541,9662.0,2564,35.94494
CGAGCCGATGCACA,EP300_pDS268,5.893489837646484,7405.0,2171,38.379475
CGAGCGTGCCGATA,62(mod)_pBA581,5.031715393066406,10511.0,2457,39.282658
CGAGCGTGGATGAA,EP300_pDS268,6.479517936706543,9848.0,2702,32.15555
CGAGCGTGGTCATG,BHLHE40_pDS258,6.413135051727295,7675.0,2300,34.666492
CGAGCGTGGTTTCT,SPI1_pDS255,5.800936222076416,9816.0,2549,34.246716
CGAGCGTGTCAAGC,62(mod)_pBA581,9.088726997375488,2700.0,1194,30.88889
CGAGCGTGTCTCCG,62(mod)_pBA581,6.968849182128906,8114.0,2183,38.784817
CGAGGAGACGCATA,CREB1_pDS269,6.037251949310303,8985.0,2335,37.68503
CGAGGAGAGAATGA,SPI1_pDS255,5.8206787109375,11535.0,2889,34.70007
CGAGGCACCACACA,SNAI1_pDS266,7.138111591339111,6040.0,2126,30.71192
CGAGGCACCCGCTT,62(mod)_pBA581,5.35357666015625,14866.0,2946,44.433983
CGAGGCACGGACGA,BHLHE40_pDS258,5.257628440856934,11611.0,2818,36.820805
CGAGGCACTCCCGT,DDIT3_pDS263,5.6029791831970215,10074.0,2553,39.815365
CGAGGCTGGTGCTA,62(mod)_pBA581,5.771911144256592,9128.0,2394,36.064854
CGAGGCTGTATGCG,62(mod)_pBA581,5.981701374053955,9803.0,2542,36.978477
CGAGGGCTCCAATG,ZNF326_pDS262,5.180134296417236,14408.0,3097,35.25819
CGAGGGCTCGTTGA,BHLHE40_pDS258,5.997176170349121,9442.0,2598,34.325356
CGAGGGCTGAGATA,EP300_pDS268,5.064950942993164,10568.0,2669,35.702118
CGAGGGCTGGTGAG,BHLHE40_pDS258,5.243895530700684,10980.0,2819,35.054646
CGAGGGCTTCTAGG,DDIT3_pDS263,6.88054084777832,8880.0,2599,32.20396
CGAGGGCTTCTTAC,BHLHE40_pDS258,5.016302108764648,11585.0,2704,37.505394
CGAGTATGACGTAC,62(mod)_pBA581,8.935136795043945,3826.0,1424,37.679646
CGAGTATGATCGGT,SNAI1_pDS266,9.523568153381348,6439.0,2174,28.307453
CGAGTATGCACTGA,62(mod)_pBA581,6.4179863929748535,20838.0,3730,40.614956
CGAGTATGCATGCA,62(mod)_pBA581,5.014772891998291,13380.0,2898,40.747383
CGAGTATGGGTAAA,62(mod)_pBA581,14.735830307006836,4767.0,1789,23.427013
CGATACGAATGCCA,EP300_pDS268,8.250833511352539,3098.0,1290,32.81704
CGATACGACCTGAA,BHLHE40_pDS258,6.447508811950684,10900.0,2784,32.963303
CGATACGACTGTTT,62(mod)_pBA581,4.6390604972839355,14399.0,3024,37.162304
CGATACGATAGAAG,BHLHE40_pDS258,5.750422477722168,9422.0,2476,36.053917
CGATACGATATGCG,DDIT3_pDS263,5.530157089233398,10625.0,2678,36.30717
CGATAGACATGACC,ZNF326_pDS262,8.412070274353027,1975.0,967,32.3038
CGATAGACGGGCAA,SPI1_pDS255,6.673984050750732,5685.0,2013,30.255056
CGATAGACTACGAC,62(mod)_pBA581,5.316449165344238,11669.0,2652,39.00077
CGATAGACTACTGG,EP300_pDS268,5.863123893737793,11038.0,2690,34.489944
CGATCAGAAAGAAC,SPI1_pDS255,5.134109020233154,15702.0,3324,35.823463
CGATCAGAACCACA,SNAI1_pDS266,5.81124210357666,9104.0,2483,33.941124
CGATCAGACCCAAA,EP300_pDS268,4.686910629272461,20731.0,3918,35.220913
CGATCAGACTATTC,BHLHE40_pDS258,5.179576873779297,12932.0,2757,38.733376
CGATCAGAGTCACA,62(mod)_pBA581,4.896798133850098,18188.0,3494,37.84705
CGATCCACCCCGTT,62(mod)_pBA581,6.201749324798584,9883.0,2573,38.66235
CGATCCACGTGTCA,62(mod)_pBA581,6.29817533493042,8053.0,2334,34.955917
CGATCCACGTTGTG,SNAI1_pDS266,5.482279300689697,13839.0,3099,37.676132
CGCAAATGACCAGT,EP300_pDS268,5.398125648498535,15112.0,3373,31.701185
CGCAAATGCCTTCG,EP300_pDS268,5.498720169067383,9712.0,2581,35.32379
CGCAAATGGTACCA,SPI1_pDS255,5.191499710083008,11681.0,2941,33.413235
CGCAACCTAAGGTA,DDIT3_pDS263,10.425719261169434,5988.0,1866,34.173622
CGCAACCTATCACG,CREB1_pDS269,6.42721700668335,10339.0,2778,31.937325
CGCAACCTTTGGTG,62(mod)_pBA581,6.466889381408691,6923.0,1930,45.500507
CGCACTACCAACCA,BHLHE40_pDS258,5.723293304443359,12660.0,2983,38.096367
CGCACTACCCTCGT,ZNF326_pDS262,7.616186618804932,4128.0,1509,38.61434
CGCACTACGTTGAC,SNAI1_pDS266,6.2494401931762695,9476.0,2452,40.945545
CGCACTACTCTGGA,62(mod)_pBA581,5.3970537185668945,10993.0,2738,34.67309
CGCACTACTGTTCT,SPI1_pDS255,5.17495584487915,12545.0,2627,36.136127
CGCACTTGACACGT,ZNF326_pDS262,11.231195449829102,6130.0,1951,34.415268
CGCACTTGACGTGT,SNAI1_pDS266,6.212601184844971,9754.0,2566,37.35903
CGCACTTGAGTGCT,BHLHE40_pDS258,5.691164493560791,10815.0,2485,37.411003
CGCACTTGCGTAAC,DDIT3_pDS263,5.583105564117432,10809.0,2617,38.68073
CGCACTTGCTCGCT,BHLHE40_pDS258,5.87175989151001,10950.0,2721,37.876575
CGCACTTGCTGCAA,CREB1_pDS269,11.930282592773438,5449.0,1950,26.274294
CGCACTTGGCAGTT,62(mod)_pBA581,5.494518280029297,9921.0,2465,36.861202
CGCACTTGTCGCCT,CREB1_pDS269,6.464550018310547,7632.0,2382,26.978512
CGCAGGACCTCTCG,SPI1_pDS255,4.800906181335449,15875.0,3411,32.19325
CGCAGGACCTTCTA,BHLHE40_pDS258,7.7170634269714355,8863.0,2562,31.201353
CGCAGGACTGTCCC,SPI1_pDS255,5.707686424255371,9899.0,2496,38.88889
CGCAGGACTGTCGA,CREB1_pDS269,6.717100620269775,7288.0,2200,38.460484
CGCAGGTGACAGTC,DDIT3_pDS263,8.928261756896973,3865.0,1475,39.006725
CGCAGGTGAGACTC,DDIT3_pDS263,4.984296798706055,9421.0,2403,37.81575
CGCAGGTGAGCCTA,CREB1_pDS269,11.629258155822754,9986.0,2740,30.97026
CGCAGGTGATTCGG,62(mod)_pBA581,4.9988179206848145,12445.0,2777,40.755325
CGCAGGTGCCAGTA,62(mod)_pBA581,5.210302829742432,11449.0,2697,38.70207
CGCAGGTGGAAAGT,CREB1_pDS269,4.900862693786621,17770.0,3412,41.565384
CGCAGGTGGCTGAT,62(mod)_pBA581,5.225942611694336,10699.0,2535,41.162727
CGCAGGTGGTCTTT,62(mod)_pBA581,4.861278533935547,13231.0,2959,35.870304
CGCAGGTGTCTCGC,62(mod)_pBA581,7.567681312561035,7814.0,2717,23.944202
CGCAGGTGTGGAAA,62(mod)_pBA581,5.6209845542907715,11654.0,2757,37.55792
CGCATAGAACCGAT,CREB1_pDS269,5.1167802810668945,15413.0,3352,37.688965
CGCATAGAATGTGC,EP300_pDS268,6.6598100662231445,4626.0,1626,36.20839
CGCATAGAATTTCC,SPI1_pDS255,5.509219646453857,8630.0,2417,31.807648
CGCATAGAGCAGTT,62(mod)_pBA581,7.492124080657959,4438.0,1667,34.024334
CGCCATACAGCGTT,62(mod)_pBA581,6.756176471710205,6769.0,2064,37.282127
CGCCATACTAGTCG,62(mod)_pBA581,4.797329425811768,11305.0,2729,38.7228
CGCCATACTATCTC,SNAI1_pDS266,6.868035316467285,9198.0,2523,35.192432
CGCCATACTCGTTT,62(mod)_pBA581,5.21448278427124,14131.0,3122,35.28621
CGCCATACTTCGCC,BHLHE40_pDS258,7.110569477081299,10082.0,2499,38.871815
CGCCATTGATCTCT,62(mod)_pBA581,6.029027462005615,9255.0,2508,40.179344
CGCCATTGGCGAAG,CREB1_pDS269,5.376348972320557,11218.0,2726,35.817436
CGCCATTGTAAAGG,EP300_pDS268,5.391047954559326,10625.0,2816,30.531765
CGCCATTGTAGAGA,SPI1_pDS255,6.59594202041626,8050.0,2287,30.509317
CGCCATTGTCCCAC,SPI1_pDS255,5.789837837219238,10077.0,2723,28.577099
CGCCGAGAGAGAGC,ZNF326_pDS262,5.641030311584473,7530.0,2285,33.19612
CGCCGAGAGTCTTT,ZNF326_pDS262,4.920186519622803,10508.0,2462,43.101807
CGCCTAACAGATGA,ZNF326_pDS262,5.833312034606934,9351.0,2471,36.4453
CGCCTAACGGTACT,ZNF326_pDS262,5.703275203704834,11359.0,2748,34.650936
CGCCTAACTGCCTC,EP300_pDS268,7.093213081359863,7023.0,2116,36.128113
CGCCTAACTTCAGG,62(mod)_pBA581,5.183462142944336,12648.0,2912,36.996048
CGCCTAACTTTCTG,SNAI1_pDS266,5.6096577644348145,9157.0,2367,39.430008
CGCGAGACACCTGA,ZNF326_pDS262,5.726212024688721,4160.0,914,56.129807
CGCGAGACAGAAGT,SPI1_pDS255,7.116669654846191,8738.0,2396,38.269627
CGCGAGACCTAGCA,ZNF326_pDS262,4.758243083953857,9804.0,2621,34.485924
CGCGAGACCTGAAC,62(mod)_pBA581,8.05215835571289,4553.0,1656,36.437515
CGCGAGACTCAGAC,CREB1_pDS269,5.418862342834473,8652.0,2319,37.26306
CGCGAGACTCGTAG,DDIT3_pDS263,5.213087558746338,8163.0,2331,36.800198
CGCGAGACTTGTCT,CREB1_pDS269,5.034928798675537,10981.0,2611,35.758514
CGCGATCTTTCCAT,BHLHE40_pDS258,5.2913079261779785,9331.0,2371,40.066437
CGCGGATGACGCAT,ZNF326_pDS262,6.712610244750977,7497.0,2218,32.208588
CGCGGATGAGAAGT,EP300_pDS268,7.498501300811768,3818.0,1466,36.589836
CGCGGATGCTTGAG,SPI1_pDS255,6.328339576721191,7363.0,2108,37.172348
CGCGGATGTCCTGC,SPI1_pDS255,5.28660249710083,12584.0,2968,36.63382
CGCTAAGACTGAGT,SPI1_pDS255,5.571042060852051,10056.0,2490,36.65473
CGCTAAGATAACGC,DDIT3_pDS263,5.891139030456543,8200.0,2315,37.390244
CGCTACACCCCTCA,EP300_pDS268,5.1513519287109375,15618.0,3034,40.90007
CGCTACACGCGGAA,62(mod)_pBA581,4.787840366363525,14559.0,3112,33.875954
CGCTACTGCGCTAA,DDIT3_pDS263,4.666042804718018,16661.0,3305,37.338696
CGCTACTGGAACCT,62(mod)_pBA581,7.0898566246032715,5400.0,1860,31.166666
CGCTACTGGTATCG,SNAI1_pDS266,6.208738327026367,7879.0,2224,37.745907
CGCTACTGTTCTTG,BHLHE40_pDS258,5.607705116271973,11182.0,2842,30.653671
CGCTCATGAAACGA,62(mod)_pBA581,9.447842597961426,10603.0,2714,33.32076
CGCTCATGAAGAAC,BHLHE40_pDS258,5.182727336883545,13344.0,3016,34.127697
CGCTCATGATCACG,EP300_pDS268,6.613766193389893,8633.0,2659,27.924484
CGCTCATGCAACCA,62(mod)_pBA581,6.27603006362915,9253.0,2650,31.870745
CGCTCATGTCCTTA,SPI1_pDS255,11.754009246826172,9130.0,2510,31.873426
CGGAATTGTGAAGA,62(mod)_pBA581,5.636763095855713,9501.0,2484,35.35417
CGGACCGAGAGGCA,62(mod)_pBA581,6.249877452850342,7219.0,2173,31.592798
CGGACCGATAGTCG,DDIT3_pDS263,5.721660137176514,4552.0,1593,36.247803
CGGACTCTAGCCTA,62(mod)_pBA581,6.888553619384766,6403.0,2113,30.376387
CGGACTCTGCGTAT,62(mod)_pBA581,6.496033668518066,3963.0,1347,39.944485
CGGAGGCTACACAC,DDIT3_pDS263,7.74336051940918,13274.0,3030,32.316383
CGGAGGCTGCTAAC,CREB1_pDS269,7.4854736328125,8416.0,2539,29.998812
CGGATAACAACCTG,DDIT3_pDS263,5.195591449737549,12052.0,2804,38.57451
CGGATAACGAGCAG,62(mod)_pBA581,6.029938220977783,10095.0,2735,31.045073
CGGATAACGGATCT,DDIT3_pDS263,5.537679195404053,9767.0,2486,39.940617
CGGATAACGGTAGG,SNAI1_pDS266,5.531885623931885,11106.0,2814,34.62993
CGGATAACTATTCC,SNAI1_pDS266,5.8007307052612305,11779.0,2817,35.560272
CGGATATGAGATCC,BHLHE40_pDS258,6.909442901611328,9522.0,2413,41.0628
CGGATATGCAATCG,SPI1_pDS255,6.835968971252441,7310.0,2283,34.48229
CGGATATGGCGAGA,EP300_pDS268,6.346229553222656,7062.0,2140,39.841427
CGGATATGGGCAAG,BHLHE40_pDS258,4.986726760864258,12145.0,2702,42.36786
CGGATATGTGTCCC,SPI1_pDS255,6.152757167816162,11307.0,2795,35.56774
CGGCACGATCTACT,62(mod)_pBA581,5.308722972869873,12894.0,2963,37.8829
CGGCATCTACCAAC,62(mod)_pBA581,5.991003513336182,11172.0,2904,32.64119
CGGCATCTCCTGAA,ZNF326_pDS262,5.158915996551514,11049.0,2688,37.30317
CGGCATCTCTTGAG,CREB1_pDS269,5.619313716888428,10198.0,2570,36.565994
CGGCATCTGTTCGA,EP300_pDS268,4.816461086273193,16136.0,3230,39.610832
CGGCCAGACCCAAA,CREB1_pDS269,5.07076358795166,9422.0,2452,35.66426
CGGCCAGACTCAAG,62(mod)_pBA581,5.246694564819336,11107.0,2608,35.518143
CGGCGATGCCCTAC,BHLHE40_pDS258,9.924954414367676,2203.0,1005,32.27417
CGGCGATGCGTGAT,ZNF326_pDS262,5.801625728607178,10962.0,2803,34.643803
CGGCGATGGCATCA,62(mod)_pBA581,5.298849582672119,13398.0,3161,30.414988
CGGCGATGGCCATA,EP300_pDS268,5.38830041885376,8743.0,2394,34.221664
CGGCGATGGTGAGG,BHLHE40_pDS258,5.2508931159973145,12101.0,2800,35.9805
CGGCGATGTTGAGC,62(mod)_pBA581,6.054781436920166,10814.0,2709,36.846973
CGGGACTGGGTTCA,62(mod)_pBA581,4.726014137268066,12144.0,2921,34.911488
CGGGCATGACCATG,ZNF326_pDS262,6.015939712524414,8353.0,2240,38.281063
CGGGCATGTTCATC,CREB1_pDS269,5.767581939697266,11791.0,2673,35.35996
CGGGCATGTTTGCT,SPI1_pDS255,7.376398086547852,8921.0,2350,38.52707
CGGTAAACCTGTAG,SPI1_pDS255,7.778504371643066,4007.0,1522,29.341318
CGGTAAACGTGTCA,SPI1_pDS255,6.552910327911377,8370.0,2305,34.528076
CGGTAAACTTTGCT,ZNF326_pDS262,6.221409797668457,8838.0,2316,36.54673
CGGTACCTCTTCGC,62(mod)_pBA581,4.751195430755615,10707.0,2597,38.77837
CGGTACCTGGACGA,BHLHE40_pDS258,3.9414918422698975,24243.0,4025,37.408737
CGGTACCTGGGACA,SPI1_pDS255,6.571230888366699,9721.0,2790,28.165827
CGGTACCTTACTGG,EP300_pDS268,5.865529537200928,8686.0,2472,30.796684
CGGTCACTACGCTA,BHLHE40_pDS258,4.645103931427002,16591.0,3190,40.75704
CGGTCACTAGAAGT,BHLHE40_pDS258,5.310723304748535,12463.0,2924,36.427826
CGGTCACTTCGTTT,SNAI1_pDS266,4.590139389038086,16199.0,3298,38.16902
CGTAACGAAAGTGA,62(mod)_pBA581,6.66206693649292,10260.0,2516,34.473682
CGTAACGAAGTAGA,EP300_pDS268,5.659580230712891,5231.0,1795,34.52495
CGTAACGAGGTGGA,ZNF326_pDS262,4.6513590812683105,14372.0,3150,36.758976
CGTAACGAGTCCTC,CREB1_pDS269,6.41914176940918,10577.0,2781,32.952076
CGTACAGAACACGT,CREB1_pDS269,5.27036190032959,13813.0,3032,37.459282
CGTACAGAACGGGA,62(mod)_pBA581,5.560702800750732,13419.0,3087,36.06081
CGTACAGAAGTGTC,62(mod)_pBA581,5.630884647369385,10120.0,2524,37.411068
CGTACAGAGGTTAC,CREB1_pDS269,5.375216960906982,13036.0,2961,36.683033
CGTACAGATACAGC,DDIT3_pDS263,5.488433837890625,9970.0,2677,30.621866
CGTACAGATCTTAC,SNAI1_pDS266,7.47215461730957,9326.0,2675,31.489225
CGTACAGATGGTGT,62(mod)_pBA581,10.234513282775879,3832.0,1453,30.454071
CGTACCACGGTTTG,DDIT3_pDS263,7.404440402984619,9233.0,2508,40.149464
CGTACCACGTCGAT,62(mod)_pBA581,6.3690996170043945,9579.0,2475,34.763546
CGTACCACTGGAAA,SPI1_pDS255,6.286075115203857,12370.0,2860,35.30505
CGTACCACTTTGTC,BHLHE40_pDS258,6.384340763092041,9707.0,2483,40.26991
CGTACCTGCCAAGT,62(mod)_pBA581,6.893906116485596,5178.0,1770,38.354576
CGTACCTGCCTAAG,SNAI1_pDS266,5.538625717163086,9566.0,2644,34.07903
CGTACCTGCCTCGT,SPI1_pDS255,6.6254377365112305,6608.0,2240,29.116222
CGTACCTGCGTTAG,SNAI1_pDS266,5.746445655822754,8583.0,2234,40.38439
CGTACCTGTAGCGT,62(mod)_pBA581,6.121129989624023,8808.0,2591,28.868202
CGTAGCCTGCCATA,DDIT3_pDS263,5.258974075317383,12023.0,2805,38.16851
CGTAGCCTGTTCTT,62(mod)_pBA581,5.052835941314697,13044.0,2884,39.08011
CGTAGCCTTCCGAA,BHLHE40_pDS258,5.769952297210693,9658.0,2466,36.995235
CGTAGCCTTGTCCC,BHLHE40_pDS258,5.547516822814941,9933.0,2606,31.32991
CGTAGCCTTGTCTT,SPI1_pDS255,6.29921293258667,10150.0,2571,38.009853
CGTAGCCTTTTACC,SPI1_pDS255,5.624852180480957,14528.0,3414,32.190792
CGTCAAGACCTGAA,DDIT3_pDS263,4.4223952293396,14151.0,3099,34.817326
CGTCAAGAGCTGTA,SNAI1_pDS266,5.563431739807129,11820.0,2861,35.930626
CGTCCAACACCACA,62(mod)_pBA581,7.380382061004639,4838.0,1712,31.045887
CGTCCAACATTTCC,62(mod)_pBA581,6.902947902679443,9067.0,2691,31.98059
CGTCCATGAAGGGC,62(mod)_pBA581,6.5958380699157715,7361.0,2154,37.00584
CGTCGACTACGCAT,SPI1_pDS255,6.1402435302734375,10614.0,2635,39.918976
CGTCGACTCCTAAG,62(mod)_pBA581,7.005140781402588,9106.0,2505,31.009113
CGTCGACTGAATAG,62(mod)_pBA581,5.497562408447266,10114.0,2562,36.984676
CGTCGACTGTGTAC,62(mod)_pBA581,6.480616569519043,6285.0,2023,34.51074
CGTCGACTTGACTG,EP300_pDS268,4.356342792510986,20162.0,3705,37.410107
CGTCGACTTGTGCA,CREB1_pDS269,5.737565040588379,16371.0,3228,45.153015
CGTCGACTTTCTAC,ZNF326_pDS262,5.417888164520264,12935.0,2870,37.046772
CGTGAAACATCGGT,BHLHE40_pDS258,6.2688374519348145,7897.0,2193,35.793873
CGTGAAACCAGTCA,EP300_pDS268,5.552375793457031,10830.0,2722,34.29363
CGTGAAACGCGTAT,SNAI1_pDS266,5.851086139678955,8071.0,2358,28.2334
CGTGAAACGTAAGA,ZNF326_pDS262,6.121460914611816,8769.0,2453,32.557873
CGTGAAACTCTTTG,62(mod)_pBA581,5.1856560707092285,10686.0,2651,34.67153
CGTGAAACTGCTTT,62(mod)_pBA581,6.811883926391602,3161.0,1234,30.718126
CGTGAAACTGGAGG,CREB1_pDS269,7.760519981384277,6216.0,1778,45.189835
CGTGAATGAGTCAC,SNAI1_pDS266,4.905784606933594,2437.0,700,54.247025
CGTGAATGTTACCT,EP300_pDS268,5.395493984222412,8841.0,2335,37.091484
CGTGAATGTTCGTT,DDIT3_pDS263,6.058709621429443,12627.0,2933,35.717113
CGTGATGAAACAGA,DDIT3_pDS263,4.695359706878662,14030.0,2975,37.890236
CGTGATGAAGCCAT,62(mod)_pBA581,5.990614891052246,9612.0,2667,28.703703
CGTGATGACCTCAC,62(mod)_pBA581,5.498875141143799,9710.0,2450,38.91864
CGTGATGACGTAGT,BHLHE40_pDS258,5.592446804046631,8222.0,2307,34.346874
CGTGATGAGGTACT,BHLHE40_pDS258,4.876996994018555,13025.0,2998,34.85337
CGTGATGAGGTGGA,62(mod)_pBA581,4.4533257484436035,13921.0,2953,35.227356
CGTGATGATAAGCC,DDIT3_pDS263,9.320661544799805,2834.0,1303,29.498941
CGTGCACTAATCGC,EP300_pDS268,5.697869777679443,10475.0,2566,36.827034
CGTGCACTACGGTT,62(mod)_pBA581,4.7970428466796875,12093.0,2774,35.65347
CGTGCACTTTGACG,EP300_pDS268,4.687774658203125,9041.0,2249,38.97368
CGTGTAGAACTGGT,62(mod)_pBA581,5.270925998687744,13662.0,3007,38.871403
CGTGTAGAATGCTG,DDIT3_pDS263,5.12815523147583,8331.0,2542,29.336214
CGTGTAGATACGCA,62(mod)_pBA581,6.240303039550781,9211.0,2282,37.751003
CGTGTAGATCTCAT,BHLHE40_pDS258,7.062596321105957,6931.0,2129,37.683876
CGTTAACTGTCCTC,CREB1_pDS269,6.254095077514648,9032.0,2434,37.11534
CGTTAACTTCATTC,CREB1_pDS269,5.074450492858887,9003.0,2439,36.665554
CGTTAACTTGCTTT,CREB1_pDS269,4.836219310760498,10648.0,2635,35.86589
CGTTAACTTTCTAC,SNAI1_pDS266,8.489301681518555,3981.0,1410,37.377544
CGTTAACTTTGCGA,62(mod)_pBA581,6.881936073303223,8833.0,2509,37.18587
CGTTAGGAGGCGAA,EP300_pDS268,6.706535339355469,7398.0,2094,37.51014
CGTTAGGATGTAGC,62(mod)_pBA581,5.948999881744385,7786.0,2203,36.116104
CGTTATACAATGCC,DDIT3_pDS263,7.015758991241455,6359.0,1898,41.673218
CGTTATACATACCG,EP300_pDS268,6.3927083015441895,6988.0,1870,42.043503
CGTTATACCCTTAT,SPI1_pDS255,5.277909755706787,11565.0,2774,35.771725
CGTTATACCTACTT,EP300_pDS268,5.888134479522705,11233.0,2763,36.54411
CGTTATACGCGAAG,ZNF326_pDS262,5.399629592895508,9119.0,2432,34.554226
CGTTTAACGATACC,SNAI1_pDS266,4.753097057342529,13836.0,3092,34.97398
CGTTTAACTTTACC,62(mod)_pBA581,5.63811731338501,11790.0,2715,36.327396
CTAAACCTACTGGT,SNAI1_pDS266,5.102947235107422,13208.0,3016,34.562386
CTAAACCTCCCTCA,SPI1_pDS255,6.822855472564697,8569.0,2396,34.59743
CTAAACCTCTGATG,ZNF326_pDS262,5.810399055480957,8600.0,2402,34.97268
CTAACACTTCTGGA,62(mod)_pBA581,5.862122058868408,12238.0,2935,32.867645
CTAACACTTGCACA,SPI1_pDS255,4.800819396972656,11667.0,2757,37.470005
CTAACGGACAGAGG,SNAI1_pDS266,5.610348224639893,7118.0,2130,35.740376
CTAACGGATCTAGG,ZNF326_pDS262,5.656813621520996,12660.0,2908,37.022118
CTAACGGATGTCTT,62(mod)_pBA581,5.401052951812744,14251.0,2898,44.625317
CTAACTACGTCTGA,62(mod)_pBA581,5.680750370025635,10081.0,2592,34.655823
CTAACTACTACGCA,62(mod)_pBA581,5.105457305908203,12199.0,2790,38.15261
CTAACTACTGACTG,62(mod)_pBA581,5.998050689697266,9060.0,2397,38.8147
CTAAGGACAGAACA,62(mod)_pBA581,4.555105209350586,11788.0,2736,38.437393
CTAAGGACGAGATA,ZNF326_pDS262,6.350745677947998,4412.0,1495,37.03536
CTAAGGACGATAAG,CREB1_pDS269,5.791052341461182,10925.0,2753,36.448513
CTAAGGACGGCATT,62(mod)_pBA581,6.137439250946045,7363.0,2217,33.776993
CTAAGGACTACTCT,62(mod)_pBA581,5.496464729309082,12593.0,2957,37.719368
CTAAGGACTCGTAG,SPI1_pDS255,5.790170192718506,9076.0,2457,35.456146
CTAAGGACTTGCTT,EP300_pDS268,5.3848490715026855,10576.0,2656,33.62012
CTAAGGTGCGTGTA,62(mod)_pBA581,5.069613456726074,9381.0,2485,33.834347
CTAAGGTGGAATAG,SPI1_pDS255,6.052257061004639,8138.0,2306,33.93537
CTAAGGTGGCCAAT,62(mod)_pBA581,6.895614147186279,7804.0,2407,31.79139
CTAAGGTGGGAACG,62(mod)_pBA581,5.638071060180664,12346.0,2736,41.260326
CTAAGGTGTCCTTA,62(mod)_pBA581,5.512009620666504,11350.0,2716,35.788548
CTAAGGTGTTATCC,CREB1_pDS269,4.687399864196777,13100.0,2927,37.183205
CTAAGGTGTTCCGC,DDIT3_pDS263,5.554910659790039,12379.0,2945,36.138935
CTAAGGTGTTCGCC,DDIT3_pDS263,5.241507530212402,11999.0,2848,36.208332
CTAATAGATGCACA,62(mod)_pBA581,5.343237400054932,15139.0,3218,38.17293
CTAATGCTCACAAC,62(mod)_pBA581,5.344095706939697,12146.0,2852,37.345627
CTAATGCTCATGCA,SPI1_pDS255,6.749216079711914,8647.0,2498,30.619797
CTAATGCTCCCTCA,62(mod)_pBA581,5.8864336013793945,10983.0,2761,36.480335
CTAATGCTCGAATC,DDIT3_pDS263,6.060848236083984,9973.0,2505,34.56988
CTAATGCTCTTGCC,SPI1_pDS255,7.093811988830566,8654.0,2449,36.838455
CTAATGCTGAGCTT,CREB1_pDS269,5.170973777770996,11658.0,2854,34.268314
CTAATGCTGGGATG,ZNF326_pDS262,7.017895221710205,4681.0,1626,43.00363
CTAATGCTGTCTGA,62(mod)_pBA581,5.158968448638916,11844.0,2757,34.30139
CTAATGCTTTGTCT,BHLHE40_pDS258,4.821016788482666,16524.0,3395,36.4214
CTACAACTCTACCC,CREB1_pDS269,5.260799407958984,10734.0,2601,35.761528
CTACAACTGAGGGT,BHLHE40_pDS258,6.482146263122559,12894.0,3260,27.850163
CTACAACTGTCATG,SPI1_pDS255,5.299027919769287,12876.0,2837,40.180164
CTACAACTTCCCGT,DDIT3_pDS263,5.925354957580566,10738.0,2682,35.748207
CTACCTCTATTCCT,62(mod)_pBA581,5.846829891204834,8306.0,2396,33.782806
CTACCTCTCTGCAA,EP300_pDS268,6.846215724945068,7649.0,2300,36.366013
CTACCTCTGTAAGA,CREB1_pDS269,6.627632141113281,8489.0,2352,35.952408
CTACCTCTTCAGTG,CREB1_pDS269,6.404544353485107,6616.0,2048,34.11427
CTACGCACACCCAA,BHLHE40_pDS258,7.092583179473877,4938.0,1592,39.46143
CTACGCACACCCTC,SNAI1_pDS266,6.411316394805908,8003.0,2384,32.408794
CTACGCACACGGTT,BHLHE40_pDS258,5.90756893157959,7835.0,2194,37.08998
CTACGCACAGTCGT,ZNF326_pDS262,6.050897121429443,10522.0,2658,37.381226
CTACGCACCCAAGT,62(mod)_pBA581,5.355319023132324,11418.0,2707,41.872482
CTACGCACCTACGA,ZNF326_pDS262,5.9847917556762695,11331.0,2689,36.251324
CTACGCACTGCAAC,SNAI1_pDS266,5.71966028213501,10581.0,2647,38.196938
CTACGCACTTCGCC,62(mod)_pBA581,9.317808151245117,3237.0,1350,32.15941
CTACGGCTAACTGC,EP300_pDS268,5.362972259521484,8353.0,2319,36.46594
CTACGGCTAGTGTC,62(mod)_pBA581,7.010373592376709,12261.0,3145,31.7103
CTACGGCTCATTTC,62(mod)_pBA581,6.583408832550049,9485.0,2495,31.481287
CTACGGCTCCATGA,SPI1_pDS255,6.483660697937012,10944.0,2815,33.732296
CTACGGCTCTACTT,ZNF326_pDS262,6.269320011138916,5433.0,1788,34.769005
CTACGGCTGGTAGG,EP300_pDS268,5.618860244750977,8258.0,2361,34.911602
CTACGGCTTTCCAT,ZNF326_pDS262,5.396350383758545,12733.0,2852,38.12029
CTACTATGCCTTAT,ZNF326_pDS262,5.64573335647583,9845.0,2553,35.259468
CTACTATGCTTGCC,CREB1_pDS269,6.41972017288208,9172.0,2517,33.587704
CTACTATGGGAAGC,62(mod)_pBA581,5.020724296569824,13471.0,3030,39.336353
CTACTCCTCTCCAC,EP300_pDS268,6.923497200012207,10634.0,2656,42.858486
CTACTCCTGTTGAC,62(mod)_pBA581,5.391286373138428,11622.0,2580,41.436558
CTAGAGACCCCAAA,EP300_pDS268,6.207881927490234,9060.0,2404,38.810417
CTAGAGACGTACAC,BHLHE40_pDS258,5.057104110717773,15064.0,3142,36.9001
CTAGAGACTCTACT,EP300_pDS268,6.158083915710449,10126.0,2609,34.594112
CTAGATCTACGGAG,CREB1_pDS269,5.26451301574707,10276.0,2514,37.12534
CTAGATCTCATTGG,BHLHE40_pDS258,5.963024139404297,11448.0,2837,36.404926
CTAGATCTCCAATG,SNAI1_pDS266,7.775864124298096,5888.0,1851,38.315216
CTAGATCTGACGGA,62(mod)_pBA581,5.6384968757629395,7447.0,2270,32.939438
CTAGATCTTAGAAG,CREB1_pDS269,9.460491180419922,2776.0,1121,42.21902
CTAGATCTTCTCCG,SPI1_pDS255,4.586281776428223,10448.0,2569,36.456738
CTAGATCTTTGTGG,62(mod)_pBA581,8.024888038635254,7103.0,2250,28.678024
CTAGGATGACGTGT,ZNF326_pDS262,5.234517574310303,7762.0,2214,37.892838
CTAGGATGACTACG,SPI1_pDS255,6.759276866912842,8741.0,2405,33.39053
CTAGGATGAGAGTA,SNAI1_pDS266,6.292058944702148,11480.0,2838,37.5
CTAGGATGCGTACA,BHLHE40_pDS258,5.579466819763184,14686.0,3229,37.554466
CTAGGATGGGCAAG,SNAI1_pDS266,5.091453552246094,12902.0,3044,36.04588
CTAGGATGTTCGTT,62(mod)_pBA581,6.754672527313232,8597.0,2487,34.542915
CTAGGATGTTGGCA,SPI1_pDS255,5.641587257385254,9988.0,2654,30.046055
CTAGGCCTACGTGT,62(mod)_pBA581,6.9409661293029785,8858.0,2511,36.373898
CTAGGCCTCCCTAC,62(mod)_pBA581,7.897976398468018,2871.0,1251,31.487288
CTAGGCCTGACAAA,BHLHE40_pDS258,9.296948432922363,2632.0,1235,31.68693
CTAGGCCTGCTGTA,EP300_pDS268,5.697574615478516,10142.0,2698,35.117817
CTAGGCCTGGCATT,DDIT3_pDS263,5.080749034881592,12651.0,2873,38.763733
CTAGGTGAAACCGT,SPI1_pDS255,7.241654872894287,5927.0,1898,32.354927
CTAGGTGACGTGAT,62(mod)_pBA581,4.933316230773926,11848.0,2761,37.711006
CTAGTTACAACGAA,EP300_pDS268,5.794625282287598,11441.0,2741,36.325497
CTAGTTACGAGGAC,62(mod)_pBA581,5.2553391456604,14167.0,3104,37.792053
CTAGTTACGATAGA,DDIT3_pDS263,5.746440887451172,10288.0,2670,32.55249
CTAGTTACGGGATG,SPI1_pDS255,5.477860450744629,10920.0,2773,34.304028
CTAGTTACTCTCCG,DDIT3_pDS263,5.357633113861084,14499.0,3193,38.332645
CTAGTTTGATTCCT,BHLHE40_pDS258,5.459575653076172,12351.0,2792,39.03821
CTAGTTTGGGTTCA,CREB1_pDS269,5.6057820320129395,14035.0,3008,32.732456
CTAGTTTGTAACCG,BHLHE40_pDS258,5.22371244430542,10990.0,2725,36.620872
CTAGTTTGTAGCCA,62(mod)_pBA581,6.031126022338867,9778.0,2508,36.874935
CTAGTTTGTCCAAG,ZNF326_pDS262,5.2579264640808105,11410.0,2713,35.959686
CTAGTTTGTGACCA,ZNF326_pDS262,6.271396636962891,10158.0,2587,40.74621
CTATAAGACACTTT,BHLHE40_pDS258,5.755086898803711,12356.0,2852,36.41955
CTATAAGACATGCA,ZNF326_pDS262,6.571897506713867,8007.0,2091,38.940926
CTATAAGACTGACA,ZNF326_pDS262,5.77972936630249,9424.0,2417,37.372665
CTATAAGAGCAGAG,CREB1_pDS269,6.091711521148682,10442.0,2833,32.09191
CTATAAGAGTGTTG,SPI1_pDS255,5.732732772827148,9010.0,2465,36.026638
CTATAAGATAGAAG,SPI1_pDS255,5.736772537231445,10814.0,2883,33.968197
CTATACTGGGTTCA,BHLHE40_pDS258,5.488553047180176,8451.0,2312,36.91871
CTATAGCTATCGAC,62(mod)_pBA581,5.333929538726807,13110.0,2873,42.34935
CTATAGCTCCACAA,ZNF326_pDS262,4.331356048583984,18922.0,3539,39.697723
CTATAGCTGAGAGC,BHLHE40_pDS258,6.614171981811523,10741.0,2684,37.17531
CTATAGCTGGAGTG,SPI1_pDS255,5.607356548309326,9867.0,2547,33.870476
CTATAGCTGTACAC,62(mod)_pBA581,6.024001121520996,10651.0,2701,35.320625
CTATAGCTGTTGAC,BHLHE40_pDS258,5.682679653167725,10123.0,2622,34.818253
CTATAGCTTCTAGG,DDIT3_pDS263,5.755685329437256,8640.0,2386,35.32747
CTATCAACGAGCAG,SNAI1_pDS266,6.512341022491455,8350.0,2251,37.46108
CTATCAACGTCACA,62(mod)_pBA581,4.91133451461792,13062.0,2961,36.533455
CTATCAACTTCTTG,DDIT3_pDS263,4.5792083740234375,18463.0,3439,38.55278
CTATCATGAAAACG,62(mod)_pBA581,5.5678558349609375,10509.0,2752,37.101532
CTATCATGAAGCCT,CREB1_pDS269,4.621483325958252,16358.0,3427,35.988506
CTATCATGCTCCAC,EP300_pDS268,5.320514678955078,12085.0,2537,44.373657
CTATCCCTAGACTC,62(mod)_pBA581,5.096540927886963,13845.0,3226,34.106174
CTATCCCTTCTACT,EP300_pDS268,4.57050085067749,20945.0,3817,37.264263
CTATGACTCAATCG,SNAI1_pDS266,7.055111408233643,6063.0,2067,34.07554
CTATGACTCCCTCA,CREB1_pDS269,4.422543525695801,16629.0,3363,38.11414
CTATGACTCCGTTC,62(mod)_pBA581,5.60429573059082,8716.0,2338,36.71409
CTATGACTCTATTC,SPI1_pDS255,5.986070156097412,11943.0,2851,38.141483
CTATGACTGGATCT,62(mod)_pBA581,6.026234149932861,7498.0,2167,37.983463
CTATGTACGCTGAT,62(mod)_pBA581,5.591928958892822,11523.0,2780,34.406456
CTATGTTGAGTCAC,ZNF326_pDS262,5.127460956573486,12288.0,2708,36.39323
CTATGTTGAGTCTG,SNAI1_pDS266,7.375279426574707,4226.0,1545,35.44723
CTATGTTGGACGGA,ZNF326_pDS262,7.486774921417236,7381.0,2265,33.884296
CTATTGACAGGTCT,62(mod)_pBA581,4.969606876373291,16876.0,3299,41.393612
CTATTGACCCGAAT,62(mod)_pBA581,4.474494457244873,17402.0,3353,37.94748
CTATTGACCGAATC,EP300_pDS268,5.425734996795654,10788.0,2814,32.598015
CTATTGACGCTAAC,EP300_pDS268,6.530076503753662,8508.0,2566,29.654444
CTATTGACTAGCGT,62(mod)_pBA581,5.9754109382629395,10069.0,2486,38.17893
CTATTGTGATCACG,SNAI1_pDS266,5.970852375030518,10470.0,2678,35.195797
CTATTGTGCAACTG,62(mod)_pBA581,5.498929500579834,9034.0,2529,31.669249
CTATTGTGCGTAGT,CREB1_pDS269,6.000922679901123,9807.0,2533,36.969822
CTATTGTGGCCAAT,EP300_pDS268,5.649348735809326,10511.0,2724,29.036247
CTCAATTGTGCTCC,BHLHE40_pDS258,7.667973518371582,7282.0,2186,37.25625
CTCAGAGAGGTGGA,62(mod)_pBA581,6.70025634765625,6457.0,2021,34.1437
CTCAGAGAGTTACG,SPI1_pDS255,5.541202068328857,8078.0,2288,34.463978
CTCAGCACACCAGT,SNAI1_pDS266,5.308211326599121,11377.0,2808,33.878197
CTCAGCACCGAGAG,62(mod)_pBA581,6.981952667236328,4645.0,1682,35.414425
CTCAGCACCTGTTT,DDIT3_pDS263,5.400154113769531,10733.0,2620,34.0259
CTCAGCACGCTATG,SNAI1_pDS266,5.646273612976074,9545.0,2479,36.235073
CTCAGCACTGCATG,EP300_pDS268,7.705138683319092,6102.0,2376,21.402819
CTCAGCTGATTCGG,62(mod)_pBA581,4.810039520263672,15255.0,2864,40.793182
CTCAGCTGCGGTAT,ZNF326_pDS262,5.641420364379883,9066.0,2418,36.73064
CTCAGCTGGGAGGT,BHLHE40_pDS258,6.162395000457764,8720.0,2418,35.447247
CTCAGCTGGGTTAC,62(mod)_pBA581,5.729796886444092,10281.0,2563,37.408813
CTCAGCTGTAAGGA,DDIT3_pDS263,5.56771183013916,8692.0,2387,35.59595
CTCAGCTGTACTCT,62(mod)_pBA581,6.597057342529297,4351.0,1457,42.036312
CTCAGCTGTTCAGG,EP300_pDS268,6.341521263122559,8758.0,2445,35.59767
CTCAGGCTACACCA,62(mod)_pBA581,6.096947193145752,9566.0,2673,35.302113
CTCAGGCTCAGTCA,62(mod)_pBA581,5.735421180725098,11705.0,2965,29.483128
CTCAGGCTCCTCAC,CREB1_pDS269,7.405922889709473,4840.0,1867,31.012396
CTCATTGAACCTGA,62(mod)_pBA581,4.90953254699707,12512.0,2992,33.983376
CTCATTGACGGGAA,DDIT3_pDS263,4.7048420906066895,10865.0,2633,38.867924
CTCATTGAGCATAC,ZNF326_pDS262,6.688189506530762,4304.0,1541,37.151485
CTCATTGATTCTTG,62(mod)_pBA581,5.762481212615967,8010.0,2360,31.822721
CTCCACGAACGGTT,SNAI1_pDS266,6.008831977844238,8643.0,2385,35.369663
CTCCACGACCATAG,BHLHE40_pDS258,8.08449649810791,4722.0,1672,33.333332
CTCCACGACGTGAT,SPI1_pDS255,5.791940689086914,11124.0,2793,35.020226
CTCCACGAGGAAGC,SPI1_pDS255,6.241936683654785,7907.0,2242,36.178555
CTCCACGATTCGTT,CREB1_pDS269,5.311019420623779,14101.0,3063,37.83324
CTCCATCTACTACG,SPI1_pDS255,5.996818542480469,8331.0,2404,32.39707
CTCCATCTAGGTCT,DDIT3_pDS263,5.080915451049805,13000.0,2876,38.407692
CTCCATCTGTTGGT,62(mod)_pBA581,6.014840126037598,7922.0,2193,34.9028
CTCCATCTTGCTCC,SNAI1_pDS266,4.806293964385986,12455.0,2864,36.386993
CTCCGAACCTACGA,CREB1_pDS269,5.45982551574707,11877.0,2739,38.853344
CTCCGAACCTGTGA,ZNF326_pDS262,4.996426582336426,11414.0,2684,36.74435
CTCCGAACGCGATT,ZNF326_pDS262,4.310776710510254,20987.0,3667,37.294518
CTCCTACTCTTCCG,DDIT3_pDS263,7.265212535858154,4367.0,1480,35.83696
CTCCTACTTACTCT,EP300_pDS268,5.457120895385742,12472.0,3096,30.027262
CTCCTACTTCTCAT,62(mod)_pBA581,6.486926078796387,10430.0,2579,43.88303
CTCGAAGAAGTAGA,EP300_pDS268,4.745998382568359,9543.0,2542,33.228546
CTCGAAGAATCAGC,62(mod)_pBA581,6.239704608917236,9411.0,2437,38.720646
CTCGAAGACTGGTA,DDIT3_pDS263,4.993260383605957,8958.0,2368,36.93905
CTCGAAGAGCCATA,CREB1_pDS269,5.568066596984863,10233.0,2681,35.15732
CTCGACACTAAGGA,62(mod)_pBA581,4.737610816955566,12563.0,2883,36.7269
CTCGACACTACGCA,ZNF326_pDS262,6.308140754699707,9215.0,2492,36.017365
CTCGACTGACGTGT,SPI1_pDS255,6.276757717132568,6418.0,1951,39.85665
CTCGACTGATGTGC,DDIT3_pDS263,4.9260149002075195,13530.0,3085,36.962307
CTCGACTGCAACTG,CREB1_pDS269,5.421657562255859,10796.0,2700,33.509308
CTCGACTGTGCATG,BHLHE40_pDS258,6.416206359863281,9055.0,2320,38.836132
CTCGACTGTTCTGT,SPI1_pDS255,5.317233085632324,11359.0,2774,35.082314
CTCGACTGTTTGGG,SPI1_pDS255,5.702982425689697,12717.0,2962,36.82969
CTCGAGCTCCACAA,SNAI1_pDS266,7.317258834838867,4399.0,1527,36.872017
CTCGAGCTTATCTC,ZNF326_pDS262,7.109606742858887,5297.0,1860,33.056446
CTCGAGCTTTACTC,62(mod)_pBA581,5.137415885925293,12025.0,2831,36.504242
CTCGCATGTGAGAA,DDIT3_pDS263,6.635495662689209,8081.0,2375,34.21183
CTCTAAACACAGCT,CREB1_pDS269,5.902327060699463,8410.0,2354,33.57508
CTCTAAACAGAACA,EP300_pDS268,6.274203777313232,12955.0,3053,35.013508
CTCTAAACGCTGAT,BHLHE40_pDS258,5.772684097290039,9406.0,2476,38.322525
CTCTAATGAACCGT,CREB1_pDS269,8.350296020507812,3964.0,1440,37.058525
CTCTAATGATCACG,62(mod)_pBA581,6.347228050231934,8381.0,2376,34.788834
CTCTAATGCATGGT,SNAI1_pDS266,6.35722017288208,10241.0,2603,38.875328
CTCTAATGGCTCCT,SNAI1_pDS266,6.094040393829346,9695.0,2653,31.026302
CTCTAATGGGTGTT,62(mod)_pBA581,5.009397029876709,10344.0,2613,38.51508
CTCTAATGTAGAAG,62(mod)_pBA581,6.780175685882568,6878.0,2206,28.860134
CTCTAATGTGGTTG,62(mod)_pBA581,6.3230061531066895,8566.0,2337,36.34135
CTGAACGAACAGCT,ZNF326_pDS262,5.029313087463379,18199.0,3425,36.194298
CTGAACGACTGTGA,SNAI1_pDS266,7.090109348297119,5799.0,1895,30.815659
CTGAACGAGTCAAC,62(mod)_pBA581,5.694056034088135,11384.0,2896,29.571404
CTGAACGATTCAGG,SNAI1_pDS266,5.616881847381592,8961.0,2362,39.21
CTGAAGACACACCA,BHLHE40_pDS258,4.9449262619018555,13172.0,2918,35.7273
CTGAAGACACGGGA,62(mod)_pBA581,5.535323619842529,13915.0,3198,36.55767
CTGAAGACCCGATA,SPI1_pDS255,5.925915718078613,11103.0,2803,34.375
CTGAAGACCCTAAG,SNAI1_pDS266,6.87191104888916,7369.0,2175,34.170174
CTGAAGTGGTGCAT,EP300_pDS268,5.839705467224121,9383.0,2468,36.29969
CTGAAGTGTGGTAC,BHLHE40_pDS258,5.055993556976318,13098.0,3015,34.829746
CTGACAGACTTGGA,BHLHE40_pDS258,5.312677383422852,12866.0,2946,33.12607
CTGACAGATGAGGG,62(mod)_pBA581,5.989809513092041,8256.0,2168,39.740795
CTGACAGATGTTTC,SPI1_pDS255,6.586207866668701,7755.0,2442,32.490974
CTGACAGATTACTC,62(mod)_pBA581,6.492020606994629,9367.0,2313,38.07643
CTGACCACGAATGA,62(mod)_pBA581,6.579256534576416,8947.0,2636,32.78945
CTGACCACGATGAA,62(mod)_pBA581,6.168924808502197,10771.0,2649,37.443134
CTGACCACGTTTCT,CREB1_pDS269,5.8656415939331055,9100.0,2455,36.164837
CTGACCACTAGAGA,62(mod)_pBA581,5.543317794799805,10141.0,2519,39.666733
CTGACCACTCCGAA,EP300_pDS268,5.692474365234375,9666.0,2509,35.28499
CTGAGAACGTCGAT,ZNF326_pDS262,4.7477498054504395,15877.0,3369,35.18297
CTGAGAACTTCTCA,SNAI1_pDS266,6.682241439819336,6703.0,1941,37.96241
CTGAGCCTTCTCCG,EP300_pDS268,5.312704086303711,10467.0,2590,35.76956
CTGATACTCATTCT,SPI1_pDS255,6.336770057678223,7104.0,2051,38.31644
CTGATGGAACGGAG,62(mod)_pBA581,5.347049713134766,8193.0,2256,33.29672
CTGATGGAATGCTG,CREB1_pDS269,5.829345703125,10364.0,2568,34.99614
CTGATTTGAAGTAG,ZNF326_pDS262,7.304693698883057,4578.0,1502,45.281784
CTGATTTGTCAGTG,62(mod)_pBA581,5.691107273101807,8287.0,2256,37.10631
CTGCAGCTCATGCA,62(mod)_pBA581,6.7674994468688965,7923.0,2399,29.871277
CTGCCAACAGCGGA,EP300_pDS268,6.682379245758057,6516.0,2019,38.146385
CTGCCAACCGAATC,CREB1_pDS269,5.666341304779053,9813.0,2493,40.8864
CTGGAAACAAGCAA,SPI1_pDS255,6.209763050079346,13695.0,3434,30.120481
CTGGAAACAGTGTC,62(mod)_pBA581,6.799065589904785,8707.0,2508,32.043182
CTGGAAACAGTTCG,SPI1_pDS255,6.191209316253662,9617.0,2429,37.065918
CTGGAAACCTAGCA,62(mod)_pBA581,6.094292163848877,9743.0,2651,32.56697
CTGGAAACGTCAAC,SNAI1_pDS266,6.201772689819336,8395.0,2360,31.494938
CTGGAAACGTCCTC,62(mod)_pBA581,5.233458995819092,14669.0,3199,34.976143
CTGGAAACTCGATG,62(mod)_pBA581,6.146481513977051,9021.0,2299,37.907337
CTGGCACTAGACTC,EP300_pDS268,6.988351821899414,8846.0,2770,28.125706
CTGGCACTGGGACA,ZNF326_pDS262,5.1381611824035645,10972.0,2663,37.710743
CTGGCACTGTTCTT,EP300_pDS268,4.99153995513916,13246.0,2912,36.583893
CTGTAACTTACTGG,SPI1_pDS255,6.068569183349609,11693.0,2729,34.98333
CTGTATACAAGGTA,DDIT3_pDS263,6.594226837158203,7677.0,2466,30.554832
CTGTATACAGGGTG,62(mod)_pBA581,6.476631164550781,9198.0,2492,35.047287
CTGTATACGCTATG,62(mod)_pBA581,5.524412631988525,11136.0,2782,37.30807
CTGTATACGGTCTA,62(mod)_pBA581,5.544310092926025,11161.0,2860,32.655437
CTGTATACGTTCGA,SPI1_pDS255,6.324275970458984,11275.0,2885,33.974815
CTGTGAGAAAGATG,DDIT3_pDS263,5.87213659286499,8420.0,2296,39.15677
CTGTGAGACAACCA,BHLHE40_pDS258,5.200733661651611,10685.0,2787,33.252224
CTGTGAGACTGCTC,62(mod)_pBA581,4.704904079437256,20592.0,3726,39.206642
CTGTGAGAGACACT,62(mod)_pBA581,4.609426498413086,14681.0,3131,35.1587
CTGTGAGATCCTCG,62(mod)_pBA581,5.873427391052246,9046.0,2371,38.20473
CTTAAAGACAGAGG,EP300_pDS268,5.047100067138672,10235.0,2711,35.928493
CTTAAAGACCAACA,SNAI1_pDS266,5.7325663566589355,10692.0,2616,37.196033
CTTAAAGACCTCAC,62(mod)_pBA581,5.5617241859436035,13253.0,2990,35.699738
CTTAACACCTCCAC,EP300_pDS268,6.291502952575684,9069.0,2632,31.113562
CTTAACACGGTGAG,ZNF326_pDS262,6.156271457672119,8578.0,2314,36.81511
CTTAACACGTGTTG,BHLHE40_pDS258,5.544260025024414,8338.0,2347,36.41161
CTTAAGCTCGTACA,SNAI1_pDS266,7.132015228271484,6314.0,2079,33.86126
CTTAAGCTCGTGTA,62(mod)_pBA581,5.212360382080078,12981.0,2984,39.5193
CTTAAGCTTCCTTA,62(mod)_pBA581,5.3740153312683105,8508.0,2246,37.87024
CTTACAACCTACCC,62(mod)_pBA581,6.715358257293701,8094.0,2357,35.898705
CTTACAACGTAGGG,62(mod)_pBA581,6.484928607940674,7398.0,2051,33.81995
CTTACAACTGCCAA,BHLHE40_pDS258,6.13592004776001,11629.0,3031,31.513329
CTTACATGACTAGC,62(mod)_pBA581,5.586106300354004,9378.0,2311,38.345062
CTTACATGGCCTTC,SPI1_pDS255,4.638053894042969,14053.0,3002,40.34014
CTTACTGAACTCTT,62(mod)_pBA581,5.028222560882568,13998.0,3315,26.144724
CTTAGACTGTAAGA,EP300_pDS268,6.472283363342285,6555.0,1943,38.056744
CTTAGGGAAGCATC,EP300_pDS268,5.789072513580322,12327.0,3086,34.866554
CTTAGGGAGTAGCT,BHLHE40_pDS258,7.314369201660156,7808.0,2146,39.49795
CTTAGGGATAGCGT,SNAI1_pDS266,6.530706882476807,7234.0,2134,36.116104
CTTATCGACACAAC,BHLHE40_pDS258,5.906085968017578,10100.0,2554,39.40594
CTTATCGACACTCC,ZNF326_pDS262,4.76605224609375,14395.0,3054,37.71881
CTTATCGACCCTAC,SNAI1_pDS266,6.564248085021973,8612.0,2313,36.901997
CTTATCGACTATGG,ZNF326_pDS262,5.8882975578308105,8400.0,2358,35.26961
CTTATCGATACTGG,62(mod)_pBA581,5.5060601234436035,9584.0,2546,32.606426
CTTCACCTACTGTG,62(mod)_pBA581,6.194950580596924,5213.0,1599,42.27892
CTTCACCTCCACCT,EP300_pDS268,7.448289394378662,7598.0,2164,39.5104
CTTCACCTGCAGTT,SNAI1_pDS266,5.951584815979004,12655.0,2841,37.416042
CTTCACCTGGTTTG,62(mod)_pBA581,5.178698539733887,14114.0,3042,43.365215
CTTCACCTTATGCG,SNAI1_pDS266,5.529611587524414,8623.0,2474,30.48823
CTTCATGAATGGTC,SNAI1_pDS266,4.934101581573486,15931.0,3227,38.290127
CTTCATGACAGTTG,CREB1_pDS269,5.85929536819458,10213.0,2558,36.773056
CTTCATGAGACAAA,62(mod)_pBA581,5.699277400970459,9696.0,2508,37.27957
CTTCATGAGTCTAG,62(mod)_pBA581,5.306004524230957,9942.0,2512,35.264534
CTTCTAGACAAAGA,SPI1_pDS255,6.849398136138916,10157.0,2770,32.988777
CTTCTAGATCTCGC,62(mod)_pBA581,6.232599258422852,8370.0,2319,38.310837
CTTCTAGATGAACC,EP300_pDS268,5.147076606750488,11660.0,2815,33.319042
CTTCTAGATTCCAT,SNAI1_pDS266,8.349488258361816,2716.0,1207,30.48601
CTTGAACTACGGAG,BHLHE40_pDS258,5.149832248687744,12066.0,2867,38.181667
CTTGAACTGTACCA,SNAI1_pDS266,7.137639999389648,5730.0,1868,37.975567
CTTGAACTTGGTAC,EP300_pDS268,4.9230241775512695,15583.0,3176,42.77097
CTTGAACTTGTCTT,DDIT3_pDS263,5.497982978820801,8978.0,2331,38.349297
CTTGAGGAAATCGC,62(mod)_pBA581,6.044905662536621,8704.0,2292,36.36259
CTTGAGGACACTCC,62(mod)_pBA581,6.120815277099609,9408.0,2479,35.544216
CTTGAGGACGCCTT,SPI1_pDS255,7.368415832519531,7299.0,2313,33.114124
CTTGAGGACGGGAA,ZNF326_pDS262,5.810390949249268,8168.0,2343,35.732647
CTTGAGGACTGTAG,BHLHE40_pDS258,5.965893268585205,7755.0,2264,35.36617
CTTGAGGAGAGAGC,CREB1_pDS269,5.389325141906738,10901.0,2706,38.635113
CTTGAGGAGAGCTT,62(mod)_pBA581,6.063484191894531,8750.0,2513,31.916353
CTTGAGGATCCAGA,EP300_pDS268,5.607734203338623,8215.0,2353,31.085686
CTTGATTGACAGTC,62(mod)_pBA581,7.132835865020752,6239.0,1928,41.240585
CTTGATTGACCTAG,62(mod)_pBA581,4.917416095733643,12452.0,2790,40.030514
CTTGTATGAACAGA,62(mod)_pBA581,4.610159873962402,15638.0,3179,36.379333
CTTGTATGACGTGT,ZNF326_pDS262,9.199629783630371,9121.0,2469,28.765621
CTTGTATGAGAGTA,SPI1_pDS255,7.322413444519043,8263.0,2325,38.339584
CTTGTATGCGCAAT,62(mod)_pBA581,4.948349952697754,12377.0,2986,34.636826
CTTGTATGGTACGT,ZNF326_pDS262,6.156735897064209,8359.0,2342,37.30415
CTTGTATGTACAGC,62(mod)_pBA581,5.757441997528076,12111.0,2973,34.59665
CTTGTATGTCGATG,CREB1_pDS269,6.478404998779297,8553.0,2466,30.637054
CTTTACGAGTACAC,62(mod)_pBA581,6.384174823760986,6786.0,2073,38.794754
CTTTAGACAACTGC,EP300_pDS268,4.723711967468262,8817.0,2405,35.416195
CTTTAGACAGTACC,62(mod)_pBA581,5.874749183654785,11186.0,2824,34.9781
CTTTAGACCAAAGA,62(mod)_pBA581,6.126170635223389,9864.0,2571,37.915653
CTTTAGACCTCGCT,SPI1_pDS255,7.053844928741455,5915.0,2019,29.23077
CTTTAGACGACTAC,BHLHE40_pDS258,5.834793567657471,10528.0,2673,34.526978
CTTTAGACGATACC,62(mod)_pBA581,5.944067478179932,9186.0,2494,34.084476
CTTTAGTGCCTCCA,SNAI1_pDS266,6.088725566864014,10979.0,2796,35.42805
CTTTAGTGCTATGG,SPI1_pDS255,7.000873565673828,6889.0,2174,34.775036
CTTTAGTGGACAGG,CREB1_pDS269,7.672767162322998,3789.0,1231,45.09235
CTTTCAGAAAGAAC,62(mod)_pBA581,6.5990376472473145,7848.0,2288,33.103977
CTTTCAGAAGGTTC,CREB1_pDS269,6.319289207458496,9288.0,2345,41.06374
CTTTCAGAATGTCG,SNAI1_pDS266,8.644885063171387,3325.0,1272,37.834587
CTTTCAGACGTCTC,62(mod)_pBA581,8.738381385803223,4246.0,1629,32.595383
CTTTCAGACTACCC,ZNF326_pDS262,4.723348617553711,13919.0,3044,38.520115
CTTTCAGAGCTACA,62(mod)_pBA581,6.269909858703613,11808.0,2731,35.529213
CTTTCAGAGGTAGG,62(mod)_pBA581,5.691329002380371,10630.0,2600,39.281345
CTTTCAGAGTCAAC,ZNF326_pDS262,5.152504920959473,16754.0,3319,37.32991
CTTTCAGATACAGC,62(mod)_pBA581,5.777433395385742,11444.0,2779,35.75673
CTTTGATGAAGAGT,62(mod)_pBA581,4.31572151184082,15808.0,3250,34.271618
CTTTGATGACTCTT,SPI1_pDS255,5.9811625480651855,14736.0,3217,38.508514
CTTTGATGCTGAGT,CREB1_pDS269,5.415271282196045,9178.0,2209,43.843975
CTTTGATGCTTATC,BHLHE40_pDS258,5.2123942375183105,12191.0,2916,34.10713
CTTTGATGGAATAG,62(mod)_pBA581,5.442454814910889,11412.0,2721,38.359764
CTTTGATGGTGCTA,62(mod)_pBA581,5.679337024688721,10554.0,2656,35.054478
GAAACAGACTGTGA,SPI1_pDS255,5.513360023498535,12705.0,3059,33.73475
GAAACAGATCAAGC,SNAI1_pDS266,5.567031383514404,9596.0,2533,35.15682
GAAACCTGACCACA,EP300_pDS268,4.7708635330200195,11717.0,2917,29.657763
GAAACCTGCAGGAG,ZNF326_pDS262,8.410624504089355,4302.0,1595,32.426777
GAAACCTGGCGATT,62(mod)_pBA581,6.42282772064209,9386.0,2469,38.74507
GAAACCTGGCTATG,CREB1_pDS269,6.208388805389404,3145.0,1318,29.252783
GAAACCTGGGTAGG,DDIT3_pDS263,5.438595294952393,10594.0,2549,38.367153
GAAACCTGTTGCTT,62(mod)_pBA581,6.011861801147461,10852.0,2886,34.19331
GAAAGATGACGTGT,CREB1_pDS269,8.675536155700684,3441.0,1203,42.7492
GAAAGATGCAACTG,ZNF326_pDS262,6.686674118041992,8316.0,2307,33.088856
GAAAGATGCTGTGA,SNAI1_pDS266,6.518895626068115,10243.0,2680,35.477886
GAAAGATGTCGATG,ZNF326_pDS262,5.196378231048584,8185.0,2197,34.92975
GAAAGCCTCAGATC,62(mod)_pBA581,6.386317729949951,8814.0,2308,38.46154
GAAAGCCTGCGAGA,62(mod)_pBA581,5.685576915740967,9054.0,2374,33.41065
GAAAGCCTGCGGAA,EP300_pDS268,5.338222026824951,13223.0,2998,35.496067
GAAAGCCTTCCGTC,62(mod)_pBA581,4.8750481605529785,15909.0,3317,38.66122
GAAAGCCTTCTTAC,SPI1_pDS255,7.303999900817871,7751.0,2357,32.615147
GAAAGCCTTTGTGG,CREB1_pDS269,6.067996501922607,7375.0,2198,40.271187
GAAAGTGAAACTGC,62(mod)_pBA581,7.940731525421143,3504.0,1614,24.086758
GAAAGTGACAACTG,SPI1_pDS255,7.365693092346191,4171.0,1746,24.688398
GAAAGTGACGAATC,BHLHE40_pDS258,6.970531463623047,8735.0,2504,26.691084
GAAAGTGATCGCTC,62(mod)_pBA581,4.237205982208252,15583.0,3075,37.37406
GAAATACTACACGT,DDIT3_pDS263,6.100644111633301,10564.0,2718,36.56759
GAAATACTCCACCT,SNAI1_pDS266,8.966330528259277,2439.0,1127,31.16031
GAAATACTGAGCTT,EP300_pDS268,6.04075288772583,12263.0,2820,37.687542
GAACACACAGTCGT,EP300_pDS268,5.590433597564697,10177.0,2517,36.965706
GAACACACATCGGT,CREB1_pDS269,5.204188823699951,10772.0,2603,35.941708
GAACACACCAGTCA,ZNF326_pDS262,5.0439372062683105,15346.0,3279,35.31865
GAACACACCCCAAA,SPI1_pDS255,8.308409690856934,5467.0,1863,37.00384
GAACACACCGACAT,CREB1_pDS269,6.937440395355225,8901.0,2695,29.120323
GAACACACCTGAGT,DDIT3_pDS263,6.519704818725586,8454.0,2514,31.381594
GAACACACGCAGAG,SNAI1_pDS266,5.583303451538086,9572.0,2470,35.206852
GAACACACGCATAC,62(mod)_pBA581,5.259071350097656,11058.0,2857,33.85172
GAACACACTAAGCC,SNAI1_pDS266,4.980282783508301,18003.0,3503,39.054604
GAACACACTCAGAC,62(mod)_pBA581,6.986073970794678,11490.0,2846,32.811142
GAACAGCTAAGGTA,EP300_pDS268,6.803409099578857,8765.0,2432,37.261837
GAACAGCTGGTTCA,SPI1_pDS255,6.7709760665893555,7077.0,2062,44.87922
GAACCAACACGTTG,SPI1_pDS255,6.27922248840332,9277.0,2615,32.582455
GAACCAACATGACC,SPI1_pDS255,5.793829917907715,11112.0,2882,33.23434
GAACCAACGTGCTA,ZNF326_pDS262,6.665444850921631,6347.0,2131,28.229364
GAACCAACTAACCG,62(mod)_pBA581,5.266408443450928,7823.0,2166,35.736195
GAACCAACTCCGTC,DDIT3_pDS263,6.702441692352295,4553.0,1572,38.567978
GAACCAACTTCGGA,BHLHE40_pDS258,4.676669120788574,16828.0,3321,41.793438
GAACCTGAGAGGGT,62(mod)_pBA581,6.088221073150635,10970.0,2806,31.103008
GAACGGGAAAAACG,CREB1_pDS269,5.615950584411621,14946.0,3086,39.12636
GAACGGGACCAACA,SPI1_pDS255,7.198403358459473,9254.0,2551,35.390102
GAACGGGAGAGGTG,ZNF326_pDS262,4.896628379821777,14140.0,3035,35.396038
GAACGTTGACACCA,62(mod)_pBA581,6.889751434326172,5423.0,1824,37.562237
GAACGTTGACGTGT,SNAI1_pDS266,7.372941970825195,6410.0,1995,36.016224
GAACGTTGCGATAC,62(mod)_pBA581,6.361234664916992,9392.0,2482,38.564735
GAACGTTGGAGACG,62(mod)_pBA581,6.364945411682129,7970.0,2218,36.896248
GAACGTTGGGTACT,62(mod)_pBA581,5.6542463302612305,10847.0,2643,35.72087
GAACGTTGTCACGA,SNAI1_pDS266,5.760756492614746,11387.0,2809,33.7051
GAACGTTGTTGAGC,SPI1_pDS255,5.04606294631958,11449.0,2774,34.0
GAACTGTGAGTAGA,EP300_pDS268,5.4044342041015625,11179.0,2865,35.826103
GAACTGTGCTTGTT,ZNF326_pDS262,4.575018882751465,13272.0,2810,38.64989
GAACTGTGTTAGGC,62(mod)_pBA581,6.594559669494629,7947.0,2242,37.62426
GAAGAATGAGGTCT,62(mod)_pBA581,9.835447311401367,2898.0,1252,30.641823
GAAGAATGCGAGTT,EP300_pDS268,5.213461875915527,12576.0,2810,36.288464
GAAGAATGCTACCC,62(mod)_pBA581,5.324455261230469,11479.0,2801,33.853123
GAAGAATGTCCAAG,SNAI1_pDS266,7.50882625579834,6413.0,2100,32.044285
GAAGAATGTCTTCA,BHLHE40_pDS258,4.769837379455566,11194.0,2745,33.500088
GAAGATGACATGGT,EP300_pDS268,5.446167945861816,14088.0,3034,40.421604
GAAGATGATGTGAC,62(mod)_pBA581,5.396660327911377,10513.0,2561,37.43936
GAAGCGGACCGAAT,BHLHE40_pDS258,5.7343339920043945,8613.0,2394,35.86439
GAAGCTACACGTAC,62(mod)_pBA581,5.727358341217041,11352.0,2623,42.667137
GAAGCTACACTAGC,BHLHE40_pDS258,6.027686595916748,9631.0,2714,32.509605
GAAGCTTGACGCAT,ZNF326_pDS262,6.133321285247803,9429.0,2441,37.087708
GAAGCTTGACTTTC,CREB1_pDS269,7.494839191436768,5154.0,1724,38.680893
GAAGCTTGAGCCAT,62(mod)_pBA581,5.4324774742126465,12945.0,3021,35.30048
GAAGCTTGGAGATA,62(mod)_pBA581,5.435006618499756,11763.0,2846,36.453285
GAAGCTTGTGCTCC,62(mod)_pBA581,5.129823207855225,11637.0,2653,42.59689
GAAGCTTGTGTAGC,62(mod)_pBA581,7.326304912567139,6832.0,2195,31.157618
GAAGGGTGAAAACG,DDIT3_pDS263,5.524313926696777,9127.0,2412,35.071766
GAAGGGTGGCTAAC,62(mod)_pBA581,11.972908020019531,2854.0,1258,30.413454
GAAGGGTGTCGCTC,62(mod)_pBA581,5.522072792053223,10029.0,2557,39.136505
GAAGGGTGTGCTAG,SPI1_pDS255,5.095376491546631,10006.0,2683,34.339397
GAAGGTCTAGTACC,EP300_pDS268,6.390445709228516,8115.0,2344,34.467037
GAAGGTCTCACCAA,CREB1_pDS269,5.2768683433532715,10479.0,2659,36.62214
GAAGGTCTCCCGTT,62(mod)_pBA581,4.610889434814453,21880.0,3652,45.639854
GAAGGTCTCTGCTC,EP300_pDS268,4.602761745452881,12038.0,2757,39.54976
GAAGGTCTTTGAGC,62(mod)_pBA581,4.995862007141113,11766.0,2676,33.239845
GAAGTAGAAGGTTC,EP300_pDS268,5.102258682250977,11775.0,2645,39.266304
GAAGTCACACCTCC,ZNF326_pDS262,4.98630952835083,9591.0,2387,37.85841
GAAGTCACCCGTAA,CREB1_pDS269,6.10761022567749,7851.0,2386,32.819664
GAAGTCACCTCTCG,ZNF326_pDS262,5.513003349304199,9258.0,2534,30.794989
GAAGTCACGAATCC,EP300_pDS268,5.612804889678955,10687.0,2663,36.726864
GAAGTCACTCAGGT,62(mod)_pBA581,5.007688522338867,14511.0,3092,39.41294
GAAGTCACTGGCAT,62(mod)_pBA581,7.415811061859131,7896.0,2227,36.05976
GAAGTCTGAGCATC,SNAI1_pDS266,5.465014934539795,11067.0,2767,37.73943
GAAGTCTGATACCG,DDIT3_pDS263,5.208580493927002,11773.0,2789,38.07542
GAAGTCTGATGACC,SPI1_pDS255,6.200801372528076,10512.0,2674,35.575
GAAGTCTGCCTGTC,EP300_pDS268,4.808406352996826,21418.0,3748,37.424717
GAAGTCTGGTGTTG,BHLHE40_pDS258,6.413130283355713,7509.0,2161,37.25203
GAAGTCTGTCCTTA,BHLHE40_pDS258,4.986987113952637,12632.0,2895,34.06428
GAAGTCTGTCTATC,62(mod)_pBA581,4.559499740600586,11652.0,2757,35.367317
GAAGTGCTTGTCCC,62(mod)_pBA581,6.825742244720459,4865.0,1712,30.963633
GAATGCTGAAGCCT,EP300_pDS268,5.286650657653809,14619.0,3096,40.324234
GAATGCTGCGCTAA,BHLHE40_pDS258,6.08119010925293,9395.0,2627,32.538586
GAATGCTGGTAGGG,CREB1_pDS269,6.774539947509766,9536.0,2662,31.554111
GAATGGCTAAGTAG,SNAI1_pDS266,10.505135536193848,2810.0,1198,34.364994
GAATGGCTCTTATC,EP300_pDS268,5.340954780578613,11421.0,2773,38.499256
GAATGGCTGAGGAC,CREB1_pDS269,4.794808864593506,12853.0,2888,37.1353
GAATGGCTTCGTAG,SNAI1_pDS266,6.7134785652160645,6865.0,2100,36.4113
GAATGGCTTCTGGA,EP300_pDS268,6.947389125823975,7928.0,2493,29.074167
GAATTAACATCTTC,62(mod)_pBA581,5.637179851531982,11594.0,2749,44.60928
GAATTAACCCTTTA,62(mod)_pBA581,5.568614482879639,9879.0,2850,27.249722
GACAACACAAGATG,BHLHE40_pDS258,5.670903205871582,11499.0,2835,34.28994
GACAACACTTCGTT,SNAI1_pDS266,5.717637062072754,9680.0,2524,38.27479
GACAACTGCATTTC,EP300_pDS268,4.834576606750488,13995.0,3227,30.846731
GACAACTGCGTACA,ZNF326_pDS262,4.94196891784668,14825.0,3135,34.96796
GACAACTGGATACC,BHLHE40_pDS258,6.028659820556641,12881.0,3233,31.625525
GACAACTGTTTACC,EP300_pDS268,4.8450727462768555,10425.0,2778,32.1247
GACACTGAAAACAG,62(mod)_pBA581,5.501298904418945,14723.0,3192,40.127693
GACACTGAAAGAGT,ZNF326_pDS262,5.09836483001709,11635.0,2788,34.791576
GACACTGAAGGCGA,SNAI1_pDS266,5.8144211769104,8654.0,2420,34.31939
GACACTGACATCAG,62(mod)_pBA581,6.253638744354248,9301.0,2430,35.920868
GACACTGAGAGGAC,SNAI1_pDS266,4.9538984298706055,12671.0,2911,36.955494
GACACTGATTCGGA,62(mod)_pBA581,5.766113758087158,9497.0,2369,39.008213
GACAGGGACCCTAC,SPI1_pDS255,5.550867080688477,10286.0,2706,35.076805
GACAGGGAGAGGAC,ZNF326_pDS262,5.512991905212402,10699.0,2614,35.227592
GACAGGGAGTAGGG,62(mod)_pBA581,5.760195255279541,10643.0,2627,38.73544
GACAGTACACCTCC,CREB1_pDS269,5.327179908752441,13425.0,2827,38.939373
GACAGTACCTGTTT,62(mod)_pBA581,4.539635181427002,14595.0,2946,40.517952
GACAGTACGCTACA,BHLHE40_pDS258,5.1661577224731445,11808.0,2829,36.785503
GACAGTACTTTCTG,ZNF326_pDS262,5.491036891937256,8047.0,2097,38.797066
GACAGTTGAAACAG,62(mod)_pBA581,6.236490249633789,8858.0,2410,37.00192
GACAGTTGAGGTCT,62(mod)_pBA581,5.915736198425293,7635.0,2089,42.43615
GACAGTTGATTCCT,62(mod)_pBA581,7.093161106109619,7654.0,2349,30.925007
GACAGTTGATTCGG,62(mod)_pBA581,5.36804723739624,11905.0,2848,35.850483
GACAGTTGCCGATA,62(mod)_pBA581,5.787158966064453,9992.0,2514,35.188152
GACAGTTGGTAAAG,EP300_pDS268,5.772300720214844,10161.0,2573,39.84844
GACAGTTGTCTCGC,SNAI1_pDS266,5.652263641357422,11066.0,2677,34.797146
GACATTCTGAGCTT,62(mod)_pBA581,6.365663051605225,8711.0,2322,37.220245
GACATTCTGAGGAC,SPI1_pDS255,5.827169895172119,8805.0,2451,33.287903
GACATTCTGTAGCT,ZNF326_pDS262,5.917044162750244,11120.0,2865,31.258993
GACATTCTTGCCCT,EP300_pDS268,4.146742820739746,19368.0,3383,40.95415
GACCAAACACTCTT,SNAI1_pDS266,6.105555057525635,8923.0,2335,37.45377
GACCAAACCGCTAA,62(mod)_pBA581,6.559101104736328,10779.0,2935,29.798683
GACCAAACGGATTC,EP300_pDS268,5.402157306671143,11106.0,2756,35.710426
GACCAAACTCAAGC,ZNF326_pDS262,5.193929672241211,11751.0,2732,36.447964
GACCATGAACGGGA,ZNF326_pDS262,4.695113658905029,14119.0,2894,40.131718
GACCATGAATCAGC,SNAI1_pDS266,5.537723064422607,9474.0,2506,36.51045
GACCATGAGAACCT,SNAI1_pDS266,7.857997894287109,3068.0,1232,40.71056
GACCATGAGAGCAG,ZNF326_pDS262,6.163532733917236,8833.0,2424,35.26149
GACCATGAGCATCA,62(mod)_pBA581,4.8133158683776855,14588.0,3171,38.305458
GACCATGAGCTCCT,SPI1_pDS255,6.687742233276367,8078.0,2285,37.46751
GACCATGATCTTCA,62(mod)_pBA581,3.86399507522583,24311.0,3840,43.519928
GACCATGATGGCAT,EP300_pDS268,6.9169535636901855,6351.0,1964,37.799118
GACCCTACAAGTGA,62(mod)_pBA581,5.853321552276611,12228.0,2781,35.636036
GACCCTACACAGTC,SNAI1_pDS266,5.218240261077881,11022.0,2759,34.22843
GACCTAGACTCTAT,62(mod)_pBA581,5.966566562652588,10976.0,2714,38.881298
GACCTAGAGATACC,CREB1_pDS269,5.517573833465576,13531.0,2945,40.72569
GACCTAGAGGAGTG,62(mod)_pBA581,5.411961078643799,11427.0,2773,35.19734
GACCTAGAGTCTAG,BHLHE40_pDS258,6.859775066375732,7846.0,2248,35.788937
GACCTCACACGTGT,DDIT3_pDS263,6.263495445251465,9339.0,2539,35.13224
GACCTCACATGGTC,CREB1_pDS269,8.6488618850708,3106.0,1368,29.330328
GACCTCACCACTGA,EP300_pDS268,4.9523024559021,12090.0,2880,36.633583
GACCTCACCATGGT,EP300_pDS268,6.374730587005615,9618.0,2635,37.336243
GACCTCACCCCACT,DDIT3_pDS263,5.800454616546631,9769.0,2646,35.080357
GACCTCACCCGATA,62(mod)_pBA581,11.417710304260254,4510.0,1778,27.583149
GACCTCACGTCTGA,62(mod)_pBA581,4.929184436798096,12745.0,3007,33.754414
GACCTCACTGGAAA,62(mod)_pBA581,9.311466217041016,7375.0,2195,41.31996
GACCTCTGGAACCT,62(mod)_pBA581,6.088479995727539,7303.0,2094,38.518417
GACCTCTGTTCATC,62(mod)_pBA581,7.682415962219238,5009.0,1750,37.3328
GACGAACTACGCTA,DDIT3_pDS263,5.307504653930664,10687.0,2632,36.751495
GACGAACTTAGTCG,CREB1_pDS269,6.046669960021973,10261.0,2629,34.824127
GACGAACTTCCTAT,62(mod)_pBA581,4.675287246704102,13539.0,2955,38.522896
GACGAACTTCGATG,BHLHE40_pDS258,6.004580497741699,11723.0,3042,27.945065
GACGAGGAAGGAGC,EP300_pDS268,6.098254203796387,9597.0,2450,37.664097
GACGAGGACCGTAA,SNAI1_pDS266,6.4625959396362305,8102.0,2411,33.991608
GACGAGGACGCATA,62(mod)_pBA581,6.95237398147583,7327.0,2319,32.996723
GACGAGGACTCATT,BHLHE40_pDS258,6.009160995483398,10002.0,2506,36.419075
GACGAGGAGTGTCA,EP300_pDS268,11.680584907531738,6318.0,2013,33.259495
GACGATTGAACCTG,BHLHE40_pDS258,6.829737663269043,8143.0,2332,37.63969
GACGATTGAAGATG,BHLHE40_pDS258,6.279707431793213,5335.0,1719,39.77507
GACGATTGAGCACT,62(mod)_pBA581,5.668182373046875,12323.0,2927,34.488354
GACGATTGAGGAGC,CREB1_pDS269,4.819417953491211,16806.0,3212,38.650562
GACGATTGGTAAAG,BHLHE40_pDS258,9.583497047424316,2024.0,929,30.335968
GACGATTGTCCTAT,BHLHE40_pDS258,6.763814926147461,7684.0,2349,33.28995
GACGCCGAAAGATG,SNAI1_pDS266,5.639268398284912,8635.0,2359,35.21714
GACGCCGAATTCCT,SNAI1_pDS266,5.3944621086120605,8090.0,2266,35.587143
GACGCCGAATTTCC,SNAI1_pDS266,4.827515602111816,12171.0,2788,39.01898
GACGCCGACATTGG,SPI1_pDS255,5.55812406539917,11000.0,2656,38.0
GACGCCGACCTTGC,SNAI1_pDS266,6.234437942504883,4494.0,1589,33.55585
GACGCCGACTCATT,62(mod)_pBA581,5.034832000732422,12514.0,2892,34.281605
GACGCCGAGCTTCC,ZNF326_pDS262,5.378472328186035,13294.0,3071,38.438393
GACGCCGATAGTCG,62(mod)_pBA581,5.407944202423096,11012.0,2733,37.468216
GACGCCGATTCTTG,EP300_pDS268,5.0965895652771,10277.0,2825,27.459375
GACGCTCTCACAAC,BHLHE40_pDS258,5.664622783660889,12011.0,2915,38.195137
GACGCTCTGGGAGT,DDIT3_pDS263,5.539632320404053,9069.0,2340,36.861835
GACGCTCTTTATCC,EP300_pDS268,5.604931831359863,9894.0,2639,32.03638
GACGCTCTTTGCGA,SNAI1_pDS266,5.952977657318115,7082.0,2195,31.332956
GACGGCACAGAGAT,62(mod)_pBA581,5.312902450561523,10002.0,2665,36.049187
GACGGCACAGGGTG,EP300_pDS268,6.192509651184082,10730.0,2596,40.73039
GACGGCACATTCGG,EP300_pDS268,5.6008405685424805,9629.0,2482,35.299614
GACGGCACGAATCC,EP300_pDS268,5.363370418548584,12964.0,2947,38.54223
GACGTAACAACGGG,ZNF326_pDS262,6.513105869293213,8891.0,2405,37.67855
GACGTATGACACAC,SNAI1_pDS266,5.990980625152588,9756.0,2546,35.103004
GACGTATGAGATGA,DDIT3_pDS263,5.346559524536133,10108.0,2548,36.63435
GACGTATGAGCGTT,EP300_pDS268,5.818017959594727,12102.0,2791,42.68716
GACGTATGCCCACT,DDIT3_pDS263,5.039568901062012,13441.0,2943,39.877987
GACGTATGGAATGA,SPI1_pDS255,8.028270721435547,7724.0,2116,39.603832
GACGTATGGGAGTG,CREB1_pDS269,8.20673656463623,3934.0,1538,32.740215
GACGTATGGGCAAG,DDIT3_pDS263,5.741202354431152,7740.0,2155,38.32041
GACGTATGTATGGC,SPI1_pDS255,6.1190361976623535,8641.0,2462,31.512556
GACGTCCTATGCCA,BHLHE40_pDS258,6.453999996185303,10180.0,2739,31.925344
GACGTCCTCTGCAA,EP300_pDS268,5.803400039672852,11243.0,2737,35.880104
GACGTCCTGGGCAA,ZNF326_pDS262,4.904243469238281,12019.0,2704,37.673683
GACGTCCTTGCAGT,62(mod)_pBA581,5.003825664520264,14546.0,3121,36.701725
GACGTCCTTGCTAG,DDIT3_pDS263,4.855772972106934,10928.0,2628,37.36847
GACTACGAAGTCAC,ZNF326_pDS262,4.6054253578186035,13226.0,3044,35.573868
GACTACGACTTCCG,62(mod)_pBA581,5.227872848510742,10964.0,2766,34.38526
GACTACGATTACTC,DDIT3_pDS263,6.690219402313232,8577.0,2424,35.210445
GACTCCTGATCGTG,62(mod)_pBA581,5.977742671966553,10175.0,2658,34.50614
GACTCCTGCTTGGA,SNAI1_pDS266,5.909714698791504,10989.0,2688,37.79456
GACTCCTGTGGGAG,BHLHE40_pDS258,6.78995943069458,2823.0,1178,33.120792
GACTGAACATCGTG,SNAI1_pDS266,5.692058563232422,11419.0,2851,34.973732
GACTGAACATCTCT,62(mod)_pBA581,6.13156795501709,7952.0,2302,38.518612
GACTGAACATGCCA,62(mod)_pBA581,5.118319034576416,12535.0,2941,37.515953
GACTGAACGCGAGA,CREB1_pDS269,6.744170188903809,8617.0,2222,38.7793
GACTGATGACACAC,BHLHE40_pDS258,6.505001544952393,9654.0,2647,32.60487
GACTGATGACCATG,CREB1_pDS269,5.915203094482422,10646.0,2655,39.094494
GACTGATGCACACA,62(mod)_pBA581,6.595968246459961,7921.0,2292,34.894585
GACTGATGCGTTGA,SNAI1_pDS266,5.828619003295898,11262.0,2738,37.258038
GACTGTGATTCTTG,BHLHE40_pDS258,6.155925750732422,8357.0,2302,37.477562
GACTTTACAGTCAC,SPI1_pDS255,19.312952041625977,3302.0,1304,20.453173
GACTTTACCGTGTA,SPI1_pDS255,5.4119181632995605,11714.0,2690,35.239883
GACTTTACGGTAAA,SPI1_pDS255,5.517267227172852,10240.0,2582,35.47505
GACTTTACTTCTAC,62(mod)_pBA581,5.431953430175781,10164.0,2554,37.475403
GACTTTACTTCTGT,62(mod)_pBA581,4.804022312164307,9796.0,2475,38.086975
GAGAAATGCGCAAT,SPI1_pDS255,5.624235153198242,12340.0,2728,41.34997
GAGAAATGGGAGGT,62(mod)_pBA581,5.48248815536499,11921.0,2754,39.431305
GAGAAATGTACGAC,DDIT3_pDS263,7.276699542999268,7840.0,2302,37.767857
GAGAGGTGCGCCTT,SPI1_pDS255,5.350811958312988,8650.0,2386,36.011562
GAGAGGTGGGATTC,SPI1_pDS255,6.434475421905518,10038.0,2769,29.916319
GAGATAGAAGAGTA,62(mod)_pBA581,6.244917869567871,8042.0,2282,35.39724
GAGATAGATGCACA,SPI1_pDS255,6.680496692657471,5734.0,1965,29.0722
GAGATAGATTGGTG,BHLHE40_pDS258,5.929417133331299,9878.0,2594,34.598644
GAGATCACACCACA,ZNF326_pDS262,7.108538627624512,7084.0,2175,34.904728
GAGATCACTTCGTT,DDIT3_pDS263,5.850281238555908,8118.0,2464,28.442966
GAGATGCTACCTCC,62(mod)_pBA581,6.2950053215026855,8429.0,2490,32.233955
GAGATGCTCACACA,62(mod)_pBA581,4.761892795562744,11986.0,2722,36.998413
GAGATGCTCGGGAA,62(mod)_pBA581,5.818843841552734,9573.0,2426,38.54591
GAGATGCTGGGAGT,BHLHE40_pDS258,5.418527603149414,9168.0,2440,35.44939
GAGCAACTCCTACC,SNAI1_pDS266,5.471556663513184,11981.0,2771,39.409115
GAGCAACTCGCCTT,ZNF326_pDS262,5.062951564788818,11399.0,2735,37.263157
GAGCAACTTGAGCT,CREB1_pDS269,4.520341396331787,15829.0,3274,38.044098
GAGCAGGAACGGAG,SNAI1_pDS266,4.969076633453369,15066.0,3213,38.598354
GAGCAGGACTCTCG,BHLHE40_pDS258,5.351771831512451,10587.0,2539,37.56139
GAGCAGGATCCCAC,BHLHE40_pDS258,6.384244918823242,10651.0,2614,39.750328
GAGCATACAGCATC,SPI1_pDS255,7.56721305847168,13005.0,3059,35.37551
GAGCATACCCGTTC,SPI1_pDS255,6.351067066192627,8066.0,2239,33.85817
GAGCATACGACGTT,SPI1_pDS255,5.8447723388671875,7685.0,2187,35.961487
GAGCGAGAAACCTG,62(mod)_pBA581,5.720426559448242,9386.0,2676,29.746431
GAGCGAGACCTTAT,62(mod)_pBA581,5.677006244659424,14233.0,2927,46.209515
GAGCGAGAGGTCTA,62(mod)_pBA581,5.762154579162598,10696.0,2654,35.929317
GAGCGAGATACTGG,EP300_pDS268,6.28886604309082,7332.0,2116,36.988544
GAGCGAGATAGCCA,62(mod)_pBA581,7.391740798950195,6369.0,2076,30.89967
GAGCGAGATGGTAC,62(mod)_pBA581,6.151467323303223,10205.0,2783,33.77756
GAGCGCACAATGCC,62(mod)_pBA581,4.5500874519348145,14227.0,2962,37.203907
GAGCGCACTTTGTC,62(mod)_pBA581,6.387283802032471,8292.0,2325,36.541245
GAGCGCTGATTGGC,CREB1_pDS269,6.683545112609863,5043.0,1651,38.310528
GAGCGCTGCAGAAA,62(mod)_pBA581,6.608048439025879,9473.0,2774,27.932016
GAGCGCTGGCTTAG,62(mod)_pBA581,6.622832298278809,3432.0,1280,41.52098
GAGCGCTGTTGCGA,SPI1_pDS255,5.484565258026123,11796.0,2760,35.189896
GAGCGGCTTCGATG,EP300_pDS268,5.672957420349121,9559.0,2486,35.9205
GAGCTCCTGCCATA,ZNF326_pDS262,4.787156105041504,11018.0,2541,38.83645
GAGCTCCTGGACTT,CREB1_pDS269,4.957808971405029,10894.0,2580,37.485085
GAGCTCCTGTTCAG,SPI1_pDS255,6.222314357757568,9112.0,2493,32.265144
GAGCTCCTTAAAGG,62(mod)_pBA581,6.014746189117432,8977.0,2580,32.189796
GAGCTCCTTAGACC,EP300_pDS268,6.070765972137451,9818.0,2548,34.03952
GAGCTCCTTAGAGA,62(mod)_pBA581,5.293529987335205,11423.0,2708,36.566578
GAGGACGAAGTGCT,62(mod)_pBA581,6.067707061767578,8255.0,2345,35.029068
GAGGACGACGAATC,EP300_pDS268,5.8095383644104,9751.0,2754,29.97334
GAGGACGACTATGG,62(mod)_pBA581,5.8866047859191895,10869.0,2525,37.556355
GAGGATCTGTAAAG,SNAI1_pDS266,7.855870723724365,3103.0,1155,41.6049
GAGGATCTTGCCAA,DDIT3_pDS263,5.680761814117432,12104.0,2931,36.535603
GAGGATCTTGGTAC,62(mod)_pBA581,5.270017147064209,11188.0,2675,34.447624
GAGGCAGAAGAGTA,CREB1_pDS269,6.383651256561279,9469.0,2647,37.173935
GAGGCAGATGTAGC,62(mod)_pBA581,5.512300491333008,8720.0,2449,28.658257
GAGGCCACAAGAGT,DDIT3_pDS263,5.787151336669922,8990.0,2463,37.20387
GAGGCCACGAGACG,62(mod)_pBA581,4.840226650238037,11402.0,2769,38.151203
GAGGCCACTTGGCA,SPI1_pDS255,8.98745059967041,6962.0,2266,36.119488
GAGGGAACAGCCAT,SPI1_pDS255,5.035760402679443,15855.0,3237,39.04762
GAGGGAACCTCGCT,62(mod)_pBA581,6.519129753112793,7643.0,2010,41.2011
GAGGGAACCTGTCC,62(mod)_pBA581,13.232812881469727,2290.0,1075,30.524017
GAGGGATGCATTGG,62(mod)_pBA581,6.061962604522705,10541.0,2562,36.011765
GAGGGATGCTCGCT,62(mod)_pBA581,5.312117576599121,14169.0,3134,39.551132
GAGGGATGTTCGCC,EP300_pDS268,5.986440658569336,6879.0,2177,33.425373
GAGGGCCTCCTCGT,SNAI1_pDS266,5.877460479736328,9850.0,2496,35.346664
GAGGGTGAACACAC,BHLHE40_pDS258,4.787326812744141,12565.0,2988,36.27248
GAGGGTGAACACCA,SNAI1_pDS266,7.448044300079346,7556.0,2230,34.462677
GAGGGTGAGTTCGA,62(mod)_pBA581,5.946829319000244,8997.0,2371,42.898422
GAGGGTGATCGCCT,CREB1_pDS269,5.171654224395752,8549.0,2294,38.79986
GAGGTACTACACTG,62(mod)_pBA581,4.932441711425781,11321.0,2661,36.76029
GAGGTACTAGAACA,BHLHE40_pDS258,10.732748031616211,2475.0,1156,29.69697
GAGGTACTATAAGG,62(mod)_pBA581,4.908885955810547,12796.0,3066,35.253204
GAGGTACTTTTCTG,BHLHE40_pDS258,5.196450233459473,11931.0,2896,36.048946
GAGGTGGAAAGCAA,DDIT3_pDS263,6.025513648986816,8919.0,2493,31.76365
GAGGTGGAAAGGTA,62(mod)_pBA581,5.978684902191162,11853.0,2826,34.039143
GAGGTGGACAAAGA,DDIT3_pDS263,6.175076007843018,8361.0,2431,32.516144
GAGGTGGACAGAGG,62(mod)_pBA581,4.861274719238281,12220.0,2855,33.033302
GAGGTGGACTACCC,EP300_pDS268,6.159788608551025,8320.0,2322,35.588943
GAGGTGGACTATGG,SPI1_pDS255,8.46721076965332,5694.0,1699,36.18964
GAGGTGGAGAGAGC,EP300_pDS268,5.486496448516846,10928.0,2596,38.146217
GAGGTGGAGTAAAG,ZNF326_pDS262,5.9756975173950195,10730.0,2617,39.483738
GAGGTGGAGTGAGG,62(mod)_pBA581,6.064810276031494,9832.0,2597,36.269325
GAGGTGGATGCGTA,EP300_pDS268,5.423025608062744,9875.0,2483,36.6066
GAGGTTACAGCGGA,SPI1_pDS255,13.145278930664062,5144.0,2244,18.480373
GAGGTTACCGTTAG,EP300_pDS268,5.815186500549316,9882.0,2557,37.279903
GAGGTTACCTCGAA,BHLHE40_pDS258,7.129485607147217,6716.0,2087,35.253834
GAGGTTACTGGAGG,ZNF326_pDS262,5.01246976852417,11144.0,2577,39.21393
GAGGTTACTTTCAC,ZNF326_pDS262,5.50781774520874,10107.0,2522,38.20125
GAGTAAGAAAGTGA,62(mod)_pBA581,5.451011657714844,10817.0,2766,36.248497
GAGTAAGAAGAGTA,CREB1_pDS269,5.347768783569336,10869.0,2707,37.445946
GAGTAAGAAGATGA,62(mod)_pBA581,6.251396656036377,7212.0,2169,36.06489
GAGTAAGAAGGGTG,CREB1_pDS269,5.085885524749756,10246.0,2407,36.32637
GAGTAAGACGCCTT,62(mod)_pBA581,5.289958953857422,10139.0,2653,32.764572
GAGTACACAGGTCT,DDIT3_pDS263,4.103940963745117,25268.0,3923,38.41314
GAGTACACCATGCA,62(mod)_pBA581,4.718372344970703,20310.0,3656,39.286064
GAGTACACCGCAAT,EP300_pDS268,6.734155654907227,7661.0,2124,38.53283
GAGTACTGCCGCTT,BHLHE40_pDS258,5.888980388641357,12023.0,2796,36.224533
GAGTACTGGACGGA,62(mod)_pBA581,6.140158176422119,13191.0,2917,35.895687
GAGTACTGTCTCTA,DDIT3_pDS263,6.839480400085449,6103.0,1969,31.165
GAGTCAACAGAACA,62(mod)_pBA581,7.172000885009766,6935.0,2039,39.302193
GAGTCAACCAACTG,BHLHE40_pDS258,5.817754745483398,10676.0,2672,35.27208
GAGTCAACGATGAA,DDIT3_pDS263,4.729298114776611,12062.0,2899,35.99735
GAGTCAACTGGAGG,SPI1_pDS255,8.584602355957031,3866.0,1413,36.37539
GAGTCTGAATACCG,BHLHE40_pDS258,5.099250316619873,9366.0,2443,35.308563
GAGTCTGACAAGCT,62(mod)_pBA581,6.84672737121582,5558.0,1762,40.348984
GAGTCTGACAGTCA,ZNF326_pDS262,5.138252258300781,15142.0,3292,34.01136
GAGTCTGACCTTTA,ZNF326_pDS262,5.182165622711182,10623.0,2589,36.875294
GAGTCTGAGAGGGT,62(mod)_pBA581,6.145504951477051,8335.0,2163,40.971806
GAGTGACTAGTAGA,EP300_pDS268,5.195832252502441,11225.0,2710,39.082405
GAGTGACTCGGAGA,SPI1_pDS255,5.496676921844482,10587.0,2734,35.134113
GAGTGACTGCGATT,DDIT3_pDS263,5.716663360595703,10792.0,2564,40.418827
GAGTGGGAGTTGTG,62(mod)_pBA581,12.088482856750488,7661.0,2333,33.57683
GAGTGGGAGTTTGG,ZNF326_pDS262,5.859718322753906,7852.0,2042,41.21243
GAGTGGGATTTGCT,CREB1_pDS269,7.397305488586426,6601.0,2121,33.328285
GAGTGTTGGCTGTA,62(mod)_pBA581,5.17285680770874,14649.0,3084,36.28234
GAGTGTTGTAAGCC,62(mod)_pBA581,6.709224700927734,6177.0,2093,31.309698
GAGTTGTGAGACTC,ZNF326_pDS262,4.84207820892334,9998.0,2529,37.34747
GAGTTGTGCAATCG,62(mod)_pBA581,6.048989295959473,8657.0,2422,33.849174
GAGTTGTGTTACTC,CREB1_pDS269,5.347503662109375,14434.0,2989,40.30068
GATAAGGAAACCTG,62(mod)_pBA581,5.089126110076904,10767.0,2631,39.091667
GATAAGGAAGCTCA,SPI1_pDS255,5.4191694259643555,14528.0,3246,33.23238
GATAAGGACGGTAT,SPI1_pDS255,5.56911039352417,9989.0,2717,34.40785
GATAATACGATGAA,SPI1_pDS255,6.880594730377197,6923.0,2104,35.504837
GATAATACGTCACA,ZNF326_pDS262,6.683084964752197,6388.0,1909,37.4237
GATAATACGTCGTA,62(mod)_pBA581,5.786586761474609,10396.0,2763,33.285248
GATACTCTCTCCAC,DDIT3_pDS263,5.062158107757568,15311.0,3241,37.476326
GATACTCTTAGTCG,62(mod)_pBA581,6.500082015991211,9482.0,2563,38.363388
GATACTCTTGTGGT,BHLHE40_pDS258,5.459284782409668,14727.0,3243,35.906837
GATACTCTTTTCTG,EP300_pDS268,5.452027797698975,8807.0,2319,35.982742
GATAGAGAAAGTGA,62(mod)_pBA581,4.999660968780518,12045.0,2854,35.405945
GATAGAGAACACCA,DDIT3_pDS263,4.965372085571289,12781.0,2966,37.1509
GATAGAGACTCTCG,SPI1_pDS255,6.4929680824279785,6962.0,2085,38.63832
GATAGAGAGACGGA,SPI1_pDS255,4.879693984985352,11528.0,2739,35.86051
GATAGAGAGCCATA,62(mod)_pBA581,5.503910064697266,11711.0,2784,33.999317
GATAGAGAGGTGTT,62(mod)_pBA581,6.361014366149902,10227.0,2692,36.55031
GATAGAGAGTCGAT,62(mod)_pBA581,7.00506067276001,5025.0,1745,37.930347
GATAGAGATCACGA,ZNF326_pDS262,5.757928371429443,8852.0,2412,34.13918
GATAGAGATCTAGG,ZNF326_pDS262,5.485348224639893,9083.0,2558,30.111197
GATAGCACATGTCG,SPI1_pDS255,5.904146671295166,10550.0,2726,40.223675
GATAGCACCGTAGT,BHLHE40_pDS258,5.7517409324646,10636.0,2660,35.70891
GATAGCACTAACCG,ZNF326_pDS262,5.873474597930908,5975.0,1894,35.79317
GATATAACACTCAG,DDIT3_pDS263,5.32027530670166,11218.0,2663,39.35639
GATATAACGTTCTT,62(mod)_pBA581,6.023839473724365,8718.0,2374,36.143612
GATATAACTGTTTC,SNAI1_pDS266,6.364001750946045,9505.0,2540,36.685955
GATATATGCGAGAG,BHLHE40_pDS258,5.686868190765381,11615.0,2905,36.501377
GATATCCTCCCACT,EP300_pDS268,7.110764503479004,14040.0,3206,36.594048
GATATCCTGCGTAT,62(mod)_pBA581,7.54373025894165,4647.0,1706,35.894127
GATATCCTGCTCCT,62(mod)_pBA581,6.354817867279053,7917.0,2419,31.54837
GATATCCTTGTCAG,SNAI1_pDS266,5.9627227783203125,7814.0,2318,38.32864
GATATCCTTTTGGG,62(mod)_pBA581,7.386119842529297,8831.0,2516,32.669006
GATATTGACCATAG,SPI1_pDS255,6.170809745788574,7194.0,2110,40.505978
GATATTGAGTCTAG,62(mod)_pBA581,5.460535526275635,8799.0,2347,38.049778
GATATTGAGTGTTG,DDIT3_pDS263,5.685743808746338,9423.0,2498,39.69012
GATATTGATCACCC,62(mod)_pBA581,4.911520957946777,14650.0,3095,38.75768
GATCATCTACCATG,DDIT3_pDS263,5.548979759216309,10749.0,2967,30.725582
GATCATCTACCTCC,ZNF326_pDS262,5.871810436248779,9370.0,2531,35.496265
GATCATCTAGCCAT,62(mod)_pBA581,8.585240364074707,5473.0,1899,36.469944
GATCATCTCTCTTA,DDIT3_pDS263,5.419583797454834,8616.0,2423,32.288765
GATCATCTTGGGAG,DDIT3_pDS263,6.8973612785339355,8623.0,2398,35.03768
GATCATCTTTCACT,EP300_pDS268,6.147991180419922,10650.0,2647,36.995304
GATCCCTGACTCTT,CREB1_pDS269,4.4299187660217285,17163.0,3238,35.335587
GATCCCTGCTGGTA,SPI1_pDS255,4.900155067443848,12789.0,3103,34.021263
GATCCGCTAGAGTA,CREB1_pDS269,6.768310546875,7519.0,2211,33.554993
GATCCGCTGGTTAC,CREB1_pDS269,5.247036457061768,10558.0,2576,37.209965
GATCCGCTTCGACA,SPI1_pDS255,6.045849323272705,9405.0,2472,37.67145
GATCCGCTTCTATC,62(mod)_pBA581,5.785872459411621,8121.0,2248,36.961338
GATCGAACAGATGA,DDIT3_pDS263,4.981543064117432,14359.0,3115,36.94547
GATCGAACAGTCTG,62(mod)_pBA581,5.558590412139893,10633.0,2729,35.386497
GATCGAACAGTGTC,EP300_pDS268,4.667386054992676,13288.0,2949,36.579124
GATCGAACCTGCAA,DDIT3_pDS263,5.718235492706299,9013.0,2374,35.115944
GATCGAACGGGACA,ZNF326_pDS262,4.80582332611084,12555.0,2911,35.59538
GATCGAACGTCGAT,BHLHE40_pDS258,7.291973114013672,7694.0,2243,40.036373
GATCGAACTCCCAC,62(mod)_pBA581,6.419461250305176,8779.0,2467,35.31154
GATCGATGAGCGGA,62(mod)_pBA581,6.105257034301758,10633.0,2634,37.355404
GATCGTGACTACTT,BHLHE40_pDS258,7.175905227661133,8760.0,2512,32.5
GATCGTGATTTGGG,SPI1_pDS255,6.516781806945801,8508.0,2520,30.28558
GATCTACTAAGAGT,EP300_pDS268,4.789427280426025,12137.0,2989,28.664415
GATCTACTCCCTAC,SNAI1_pDS266,5.56893253326416,9645.0,2483,38.21273
GATCTACTGGTGTT,SNAI1_pDS266,6.01846170425415,9795.0,2593,34.8341
GATCTACTGTATGC,CREB1_pDS269,5.6764678955078125,10520.0,2758,36.20378
GATCTACTTCACGA,62(mod)_pBA581,5.423556804656982,10003.0,2727,29.37119
GATCTTACATTCGG,ZNF326_pDS262,4.7045722007751465,11968.0,2891,33.531082
GATCTTACCGCATA,62(mod)_pBA581,5.486474514007568,8114.0,2367,30.022184
GATCTTACGAACTC,SPI1_pDS255,8.938310623168945,6393.0,2149,36.508682
GATCTTACTCGACA,ZNF326_pDS262,5.173441410064697,11496.0,2778,33.67258
GATCTTACTGGTTG,62(mod)_pBA581,4.696318626403809,15902.0,3279,35.005974
GATCTTACTTACTC,BHLHE40_pDS258,4.713797569274902,10860.0,2704,35.506447
GATCTTTGCCCTTG,62(mod)_pBA581,5.1211371421813965,13467.0,2837,38.676865
GATCTTTGCTAGAC,CREB1_pDS269,4.953498840332031,14209.0,3192,35.561966
GATCTTTGCTCAGA,EP300_pDS268,5.696934223175049,12239.0,3042,29.131607
GATCTTTGGGTAAA,SNAI1_pDS266,7.654752731323242,8354.0,2419,31.098875
GATCTTTGTAACCG,62(mod)_pBA581,11.942268371582031,5608.0,1717,36.04196
GATCTTTGTTGCGA,SPI1_pDS255,5.9924540519714355,12986.0,3103,32.239933
GATGACACCCCTCA,62(mod)_pBA581,5.080634117126465,9612.0,2520,38.03579
GATGACACCCCTTG,62(mod)_pBA581,7.312704086303711,7488.0,2110,37.513355
GATGACACGGTTTG,DDIT3_pDS263,5.138082981109619,14448.0,2965,43.230896
GATGACACTGAACC,EP300_pDS268,5.504363059997559,10662.0,2766,34.796474
GATGCAACCGGAGA,BHLHE40_pDS258,6.285303115844727,9186.0,2633,33.772312
GATGCAACCTGTTT,62(mod)_pBA581,9.167177200317383,3182.0,1274,36.046513
GATGCAACGAGAGC,62(mod)_pBA581,5.762804985046387,11377.0,2737,34.54034
GATGCAACGCAAGG,62(mod)_pBA581,5.642374515533447,8030.0,2260,38.057285
GATGCAACGCCAAT,SPI1_pDS255,6.529318332672119,12628.0,2806,36.9863
GATGCAACGTCATG,62(mod)_pBA581,5.025361061096191,9511.0,2520,37.272633
GATGCAACTTCCCG,ZNF326_pDS262,5.458372592926025,12527.0,2830,39.331043
GATGCAACTTGCAG,SPI1_pDS255,5.8200225830078125,11717.0,2637,41.252773
GATGCAACTTTCAC,SNAI1_pDS266,4.811623573303223,16204.0,3266,37.027893
GATGCATGACGTAC,SNAI1_pDS266,8.253090858459473,7093.0,2439,24.559425
GATGCATGCTTATC,DDIT3_pDS263,4.959049701690674,13855.0,3015,37.15626
GATGCATGTCGCAA,SNAI1_pDS266,5.30684757232666,13569.0,2978,39.43548
GATGCCCTAACTGC,SNAI1_pDS266,8.051084518432617,4618.0,1649,35.42659
GATGCCCTCCACAA,62(mod)_pBA581,4.458615779876709,13904.0,2891,40.427216
GATGCCCTTTGTCT,62(mod)_pBA581,4.649206161499023,14756.0,3054,35.992138
GATTACCTATCGAC,SPI1_pDS255,4.474977970123291,16846.0,3220,39.772053
GATTACCTCAGTTG,62(mod)_pBA581,5.040637016296387,13144.0,2887,39.198235
GATTACCTGCCATA,SPI1_pDS255,7.256450653076172,10610.0,2649,34.91046
GATTCGGACGTTAG,ZNF326_pDS262,7.007421016693115,6940.0,2101,38.602306
GATTCGGACTGATG,ZNF326_pDS262,4.866133689880371,16465.0,3151,43.817562
GATTCGGATAGCGT,62(mod)_pBA581,4.97573184967041,12835.0,2990,37.413322
GATTCGGATAGTCG,ZNF326_pDS262,3.984581708908081,13968.0,2855,37.99127
GATTCGGATCTTAC,EP300_pDS268,5.2343268394470215,11424.0,2721,39.705883
GATTCTACAACGTC,DDIT3_pDS263,5.457794666290283,12009.0,2840,32.842033
GATTCTACAACTGC,CREB1_pDS269,5.908659934997559,9171.0,2477,35.48844
GATTCTACATCAGC,62(mod)_pBA581,6.912630558013916,7589.0,2258,29.960474
GATTCTACATGACC,BHLHE40_pDS258,5.4936909675598145,9397.0,2531,35.677803
GATTCTACCTGTAG,SPI1_pDS255,7.810331344604492,7870.0,2355,32.19413
GATTCTACTGTTTC,BHLHE40_pDS258,5.457463264465332,10342.0,2523,38.296432
GATTCTTGGCTCCT,SNAI1_pDS266,6.0973663330078125,9991.0,2627,33.046436
GATTCTTGGGTTAC,SNAI1_pDS266,6.373112201690674,8923.0,2401,36.18738
GATTCTTGGTATGC,62(mod)_pBA581,6.4791669845581055,9264.0,2435,37.614677
GATTCTTGTCGCTC,SPI1_pDS255,6.311053276062012,7382.0,2219,37.46952
GATTGGACAGTCGT,CREB1_pDS269,6.876140594482422,6517.0,2213,27.558693
GATTGGACATCACG,SNAI1_pDS266,5.883148193359375,7439.0,2249,33.82175
GATTGGACGGAACG,62(mod)_pBA581,6.032648086547852,11045.0,2644,41.200436
GATTGGACGGACGA,SPI1_pDS255,5.035243511199951,15470.0,3327,35.429863
GATTGGACTCTCGC,CREB1_pDS269,5.928029537200928,10904.0,2454,40.568546
GATTGGTGACGTTG,CREB1_pDS269,6.915444850921631,6294.0,1892,41.6905
GATTTAGAACGACT,SNAI1_pDS266,6.30360746383667,10338.0,2661,34.2006
GATTTAGAAGCGGA,SNAI1_pDS266,7.224703788757324,5765.0,1993,31.044052
GATTTAGAATCTTC,EP300_pDS268,4.692030906677246,11824.0,2887,33.70264
GATTTAGACTGCAA,SPI1_pDS255,5.500283718109131,11808.0,2889,36.373646
GATTTAGAGCGTTA,62(mod)_pBA581,5.420912742614746,14318.0,3230,33.880314
GATTTAGATCTTTG,62(mod)_pBA581,5.6893744468688965,12209.0,2944,35.066742
GATTTGCTAAAACG,EP300_pDS268,6.093001365661621,8356.0,2354,35.26807
GATTTGCTAGGAGC,62(mod)_pBA581,5.369378566741943,11632.0,2779,36.657497
GATTTGCTCCAATG,ZNF326_pDS262,6.816152572631836,7381.0,2177,37.21214
GATTTGCTCCTTCG,BHLHE40_pDS258,7.7333478927612305,2831.0,1211,32.497353
GATTTGCTGGGAGT,BHLHE40_pDS258,6.460818290710449,3938.0,1452,33.189438
GATTTGCTTCTAGG,SNAI1_pDS266,4.888298034667969,8121.0,2339,32.508312
GATTTGCTTGGTTG,SPI1_pDS255,5.8222503662109375,11072.0,2728,38.032875
GCAAACTGAGCTAC,CREB1_pDS269,4.590811252593994,15571.0,3325,33.49817
GCAAACTGGGACTT,SPI1_pDS255,6.426452159881592,8689.0,2536,28.757193
GCAACCCTCGCATA,SPI1_pDS255,7.030605792999268,8430.0,2731,28.632427
GCAACCCTCTAGAC,62(mod)_pBA581,5.209412574768066,11242.0,2642,36.21809
GCAACCCTCTCAAG,62(mod)_pBA581,7.255368232727051,5216.0,1654,42.753067
GCAACCCTTAGCGT,DDIT3_pDS263,7.369032382965088,7750.0,2196,35.423115
GCAACCCTTCAAGC,62(mod)_pBA581,5.7949934005737305,9251.0,2634,31.564156
GCAACCCTTCCGTC,62(mod)_pBA581,6.9095377922058105,9114.0,2451,36.30678
GCAACTGAATCGAC,CREB1_pDS269,6.196945667266846,8917.0,2611,30.514748
GCAACTGACGTGAT,DDIT3_pDS263,5.104485511779785,12947.0,3012,35.629875
GCAAGACTAACAGA,EP300_pDS268,5.108787536621094,14773.0,3166,35.156357
GCAAGACTCCTCCA,62(mod)_pBA581,5.4951581954956055,11288.0,2721,34.372784
GCAAGACTCGCCTT,DDIT3_pDS263,6.612637519836426,8649.0,2477,33.595375
GCAAGACTTGGTGT,DDIT3_pDS263,7.530096530914307,4033.0,1455,39.647903
GCAAGACTTTGGCA,62(mod)_pBA581,6.3962836265563965,9194.0,2518,34.029366
GCAATCGAAAGGGC,SPI1_pDS255,7.14479923248291,7602.0,2146,36.709194
GCAATCGAGACAAA,62(mod)_pBA581,5.720788955688477,10010.0,2543,37.912086
GCAATCGATCTATC,CREB1_pDS269,6.410977363586426,8670.0,2319,36.170704
GCAATCGATGCTAG,ZNF326_pDS262,6.064480304718018,7888.0,2243,35.24341
GCAATTCTAAGATG,SNAI1_pDS266,5.2093024253845215,9495.0,2446,32.97525
GCAATTCTACGGTT,SPI1_pDS255,4.9051384925842285,11236.0,2683,36.726883
GCAATTCTACGTTG,SNAI1_pDS266,7.170304775238037,6784.0,1994,38.693985
GCAATTCTCACTGA,62(mod)_pBA581,6.692205905914307,8022.0,2370,32.614655
GCACAAACATCTTC,EP300_pDS268,5.8172197341918945,10726.0,2559,38.4766
GCACAAACGTCTAG,SPI1_pDS255,6.4675164222717285,6090.0,2005,31.625616
GCACAAACTTGGTG,EP300_pDS268,5.627546310424805,8650.0,2304,36.589596
GCACAATGCGAGAG,CREB1_pDS269,5.824092864990234,8094.0,2192,43.081295
GCACAATGCTAGAC,SNAI1_pDS266,5.981346607208252,10582.0,2895,28.86705
GCACAATGTAGCCA,62(mod)_pBA581,4.703271389007568,15278.0,3142,36.87414
GCACAATGTCAGGT,62(mod)_pBA581,5.64779806137085,9263.0,2443,37.482456
GCACAATGTTCGCC,EP300_pDS268,4.679985046386719,13360.0,3030,33.582817
GCACACCTACCACA,62(mod)_pBA581,4.9773030281066895,8372.0,2288,33.647873
GCACACCTTGCTAG,SNAI1_pDS266,5.315303802490234,9783.0,2519,37.70827
GCACCACTAAGAAC,62(mod)_pBA581,6.347311496734619,8389.0,2398,35.33969
GCACCACTATGACC,SPI1_pDS255,5.984527587890625,8401.0,2399,35.86814
GCACCACTATTTCC,BHLHE40_pDS258,5.375816822052002,10386.0,2499,36.876564
GCACCACTCCGTAA,ZNF326_pDS262,5.388034343719482,9356.0,2396,38.071827
GCACCACTCTATTC,62(mod)_pBA581,7.238074779510498,8800.0,2475,33.829544
GCACCACTCTGTAG,SNAI1_pDS266,5.596548080444336,8401.0,2350,35.10651
GCACCACTGAGATA,62(mod)_pBA581,6.812025547027588,8064.0,2406,34.85863
GCACCACTGATAGA,ZNF326_pDS262,5.573263168334961,7156.0,2030,41.6853
GCACCTACGACTAC,CREB1_pDS269,5.922289848327637,11607.0,2847,39.390022
GCACCTACTGGAGG,CREB1_pDS269,4.192552089691162,12967.0,2903,36.454075
GCACCTACTGTGGT,EP300_pDS268,6.166380405426025,10639.0,2714,36.51659
GCACCTTGACAGCT,62(mod)_pBA581,5.313609600067139,16341.0,3268,42.795082
GCACCTTGCTGAGT,ZNF326_pDS262,6.46002197265625,8591.0,2290,38.19113
GCACCTTGGCAGAG,CREB1_pDS269,6.756589889526367,6025.0,1849,40.215767
GCACCTTGGGAGGT,62(mod)_pBA581,4.76346492767334,17739.0,3529,37.51198
GCACGGACACGTAC,SPI1_pDS255,13.482636451721191,4401.0,1621,25.283705
GCACGGACATTCCT,62(mod)_pBA581,7.593414306640625,4135.0,1562,37.98356
GCACGGACTTGCAG,ZNF326_pDS262,5.899646282196045,8797.0,2375,36.705696
GCACGGTGAGCGGA,EP300_pDS268,5.903491973876953,8988.0,2413,36.448597
GCACGGTGCTACCC,CREB1_pDS269,5.311089038848877,8527.0,2363,36.073647
GCACGGTGCTGAAC,62(mod)_pBA581,7.20565938949585,8174.0,2411,36.007828
GCACGGTGCTGATG,EP300_pDS268,7.906391143798828,2030.0,992,33.284096
GCACGGTGGGAAGC,SPI1_pDS255,6.1616129875183105,8150.0,2297,35.116566
GCACGGTGGTTTCT,SNAI1_pDS266,5.400259017944336,12366.0,2811,38.92932
GCACGGTGTCGTTT,SPI1_pDS255,7.643245697021484,8157.0,2437,32.217728
GCACGGTGTGTGCA,SPI1_pDS255,5.100093841552734,14342.0,3069,39.42415
GCACGTCTCACAAC,EP300_pDS268,5.319225311279297,16634.0,3517,36.665867
GCACGTCTCTCCAC,EP300_pDS268,5.510846138000488,11360.0,2715,37.37347
GCACGTCTGGGACA,SNAI1_pDS266,5.732507228851318,13074.0,2995,35.90332
GCACGTCTTCGACA,CREB1_pDS269,4.953077793121338,12968.0,2871,36.574646
GCACTAGAACTGGT,EP300_pDS268,5.702264308929443,10250.0,2562,40.0
GCACTAGACACTCC,ZNF326_pDS262,6.5028157234191895,11881.0,2712,40.67497
GCACTAGAGGAAGC,62(mod)_pBA581,5.425562858581543,10234.0,2699,35.60332
GCACTAGATGGTGT,EP300_pDS268,6.420815944671631,9281.0,2505,33.584743
GCACTGCTGGCAAG,62(mod)_pBA581,6.162243843078613,9521.0,2694,27.231674
GCACTGCTGGTATC,SPI1_pDS255,6.639142990112305,8229.0,2464,30.890753
GCACTGCTGGTCTA,62(mod)_pBA581,6.408664226531982,10329.0,2668,34.514473
GCACTGCTGTGTTG,DDIT3_pDS263,5.749292850494385,11273.0,2652,38.791805
GCACTGCTTAGCCA,EP300_pDS268,6.057400226593018,9163.0,2449,36.450943
GCACTGCTTATTCC,DDIT3_pDS263,4.853509426116943,11484.0,2735,35.87288
GCACTGCTTGCAAC,BHLHE40_pDS258,4.9953718185424805,11623.0,2708,39.53028
GCACTGCTTTCTCA,BHLHE40_pDS258,6.103705406188965,8739.0,2425,34.534843
GCAGATACGTACCA,SNAI1_pDS266,5.120311737060547,13583.0,3076,31.480528
GCAGCCGAATAAGG,DDIT3_pDS263,4.83803653717041,8928.0,2358,36.928764
GCAGCCGACCTTTA,EP300_pDS268,5.268914222717285,14362.0,3076,38.84286
GCAGCCGACGACTA,62(mod)_pBA581,6.444886684417725,9590.0,2461,39.11593
GCAGCCGAGTTCGA,ZNF326_pDS262,5.887453556060791,8790.0,2310,35.35836
GCAGCCGAGTTCTT,DDIT3_pDS263,5.471071720123291,8820.0,2560,32.40363
GCAGCGTGCCTATT,SPI1_pDS255,5.794028282165527,10825.0,2675,35.38106
GCAGCGTGCTGTCC,SPI1_pDS255,5.938177108764648,8637.0,2361,34.664814
GCAGCGTGGAAAGT,BHLHE40_pDS258,7.337250232696533,4849.0,1714,33.078987
GCAGCGTGGGATTC,EP300_pDS268,6.165294647216797,8885.0,2492,35.227913
GCAGCTCTCCTGAA,ZNF326_pDS262,6.859218120574951,8507.0,2526,32.37334
GCAGCTCTGTAGCT,62(mod)_pBA581,6.327625751495361,10776.0,2998,24.916481
GCAGCTCTTTCACT,SNAI1_pDS266,7.143545150756836,2153.0,1075,27.357176
GCAGGCACAGGTTC,SNAI1_pDS266,5.641260147094727,12837.0,2971,33.112633
GCAGGCACCCTGAA,ZNF326_pDS262,6.100461959838867,4494.0,1510,40.987984
GCAGGGCTAACCGT,62(mod)_pBA581,4.5511794090271,10775.0,2662,34.49652
GCAGGGCTCAGCTA,SPI1_pDS255,5.7224249839782715,14899.0,3429,33.901604
GCAGGGCTGACGGA,CREB1_pDS269,7.021847248077393,5716.0,1830,35.969208
GCAGTCCTCATGCA,EP300_pDS268,5.3503828048706055,11261.0,2649,41.33736
GCAGTCCTCCTATT,62(mod)_pBA581,4.771395206451416,12316.0,2863,38.933094
GCAGTCCTGCATCA,EP300_pDS268,5.2760090827941895,12720.0,2862,39.19503
GCAGTCCTTTCTAC,SPI1_pDS255,4.878225803375244,10183.0,2613,38.206993
GCAGTTGAAGACTC,DDIT3_pDS263,6.401562690734863,4510.0,1605,31.995565
GCAGTTGAGCTCCT,CREB1_pDS269,5.299282550811768,12587.0,2970,34.77397
GCAGTTGATCGTAG,EP300_pDS268,5.611883640289307,6600.0,2002,37.742424
GCATCAGAACCTTT,BHLHE40_pDS258,7.077594757080078,9503.0,2666,35.20623
GCATCAGAATCGGT,62(mod)_pBA581,6.722695350646973,7066.0,2171,32.960655
GCATCAGACCCGTT,SNAI1_pDS266,6.4239821434021,10043.0,2602,37.000896
GCATCAGAGTCAAC,CREB1_pDS269,6.639627456665039,12572.0,3207,28.714603
GCATGATGAAGGTA,CREB1_pDS269,5.66265344619751,9812.0,2460,37.148388
GCATGATGACCCTC,EP300_pDS268,4.923425674438477,17601.0,3350,41.449837
GCATGATGATTCCT,62(mod)_pBA581,5.429270267486572,14222.0,3109,35.808197
GCATGATGCAGATC,SNAI1_pDS266,5.002549171447754,15740.0,3125,41.54491
GCATGATGCTATTC,SNAI1_pDS266,5.701311111450195,9006.0,2298,41.67222
GCATGATGCTTGGA,SPI1_pDS255,7.184098720550537,6868.0,2263,30.285381
GCATGATGGTCTAG,62(mod)_pBA581,6.113832473754883,6278.0,1903,38.690666
GCATGATGTGCACA,SPI1_pDS255,6.793068885803223,8753.0,2518,28.858677
GCATGTGACAACTG,62(mod)_pBA581,5.532556056976318,12158.0,2810,39.542725
GCATGTGACAGTTG,SPI1_pDS255,5.903287410736084,10962.0,2704,38.07352
GCATGTGAGGTCTA,BHLHE40_pDS258,4.91103458404541,16161.0,3354,33.33746
GCATGTGATATCTC,SPI1_pDS255,6.909401893615723,3027.0,1359,26.461843
GCATTGGAGTCATG,62(mod)_pBA581,5.751783847808838,12866.0,3041,32.81517
GCATTGGAGTGTTG,ZNF326_pDS262,4.476727485656738,9531.0,2422,35.78848
GCATTGGATACTGG,ZNF326_pDS262,5.23925256729126,11168.0,2792,36.46132
GCCAAAACGCATAC,CREB1_pDS269,6.537190914154053,9848.0,2554,35.56052
GCCAAAACTCCTTA,ZNF326_pDS262,6.162435531616211,10029.0,2705,32.715126
GCCAAAACTCGCTC,SPI1_pDS255,5.449891567230225,12620.0,2733,38.726032
GCCAAATGAACAGA,EP300_pDS268,4.720157623291016,16218.0,3234,41.00999
GCCAAATGACCTAG,SNAI1_pDS266,8.513104438781738,8555.0,2425,35.261806
GCCAAATGATGCTG,62(mod)_pBA581,5.637754917144775,10239.0,2520,39.984375
GCCAAATGCCGCTT,SPI1_pDS255,6.277133941650391,9597.0,2574,31.524117
GCCAAATGTACGCA,BHLHE40_pDS258,4.844555377960205,15963.0,3266,43.01284
GCCAACCTACCAGT,BHLHE40_pDS258,5.444064140319824,9850.0,2550,35.844078
GCCAACCTAGCCTA,62(mod)_pBA581,5.2661285400390625,10903.0,2703,36.329453
GCCAACCTCGAGAG,62(mod)_pBA581,5.230438709259033,12442.0,2836,35.29175
GCCAACCTCGCATA,62(mod)_pBA581,4.9626078605651855,13562.0,3002,38.3498
GCCAACCTGAGAGC,EP300_pDS268,5.554059982299805,9342.0,2609,33.857677
GCCAACCTGCTAAC,SPI1_pDS255,5.550633430480957,12562.0,2875,33.79239
GCCAACCTGTGTTG,ZNF326_pDS262,6.94800329208374,3933.0,1483,36.969234
GCCACGGACCGCTT,62(mod)_pBA581,6.226623058319092,10114.0,2640,35.594227
GCCACGGACCTCCA,CREB1_pDS269,5.698521137237549,11806.0,2782,39.437572
GCCACTACCATGGT,62(mod)_pBA581,5.348626136779785,12756.0,2917,34.814987
GCCACTACTCCCAC,EP300_pDS268,4.843288421630859,17372.0,3403,38.85116
GCCATGCTAGCCAT,SPI1_pDS255,6.525742053985596,9590.0,2640,34.692387
GCCATGCTCGCAAT,CREB1_pDS269,5.118865489959717,12448.0,2863,37.516068
GCCATGCTCGTAAC,ZNF326_pDS262,7.698009014129639,7794.0,2443,28.008724
GCCATGCTCTATGG,SNAI1_pDS266,5.067770957946777,12072.0,2805,37.972168
GCCATGCTGTCACA,SPI1_pDS255,6.352393627166748,7214.0,2228,31.222284
GCCATGCTTCGATG,ZNF326_pDS262,6.452528476715088,8085.0,2239,39.344463
GCCCAACTTTGAGC,SNAI1_pDS266,6.266541004180908,8411.0,2476,33.155018
GCCCAGGAAGCGTT,SNAI1_pDS266,5.878066539764404,10172.0,2509,38.081196
GCCCAGGACATGAC,62(mod)_pBA581,6.884225845336914,5290.0,1765,37.10775
GCCCATACAGCGGA,62(mod)_pBA581,8.001350402832031,5130.0,1673,40.506824
GCCCATACATTCTC,SPI1_pDS255,4.81065034866333,12183.0,2808,34.241627
GCCCATACCAGGAG,62(mod)_pBA581,6.999603271484375,8540.0,2342,35.241776
GCCCATACGTCATG,62(mod)_pBA581,5.471561908721924,11175.0,2709,38.487698
GCCCATACTCCTGC,BHLHE40_pDS258,5.939112186431885,8574.0,2414,31.778425
GCCCATACTGGCAT,EP300_pDS268,5.834336280822754,10297.0,2672,37.434452
GCCCATACTTCCAT,SPI1_pDS255,7.103598117828369,10437.0,2737,31.484142
GCCGACGACAGATC,SPI1_pDS255,9.415120124816895,4383.0,1621,30.542883
GCCGACGACTGGTA,ZNF326_pDS262,5.676748275756836,13284.0,2998,38.67811
GCCGACGAGACGGA,DDIT3_pDS263,5.248681545257568,9446.0,2670,28.9964
GCCGACGAGGTTTG,62(mod)_pBA581,6.091331481933594,10856.0,2702,35.810997
GCCGACGATGTGGT,SPI1_pDS255,5.7158918380737305,10708.0,2647,38.728054
GCCGAGTGAACGAA,BHLHE40_pDS258,5.6562347412109375,10047.0,2558,39.13606
GCCGAGTGCAACCA,62(mod)_pBA581,5.861140251159668,9530.0,2513,35.018883
GCCGAGTGCTCAAG,BHLHE40_pDS258,6.152237892150879,9524.0,2487,35.888283
GCCGAGTGGACACT,62(mod)_pBA581,6.127259254455566,7006.0,2082,40.379673
GCCGAGTGTGAGAA,ZNF326_pDS262,6.332545280456543,9504.0,2476,36.1532
GCCGAGTGTGAGCT,EP300_pDS268,5.768038749694824,12092.0,2821,35.645775
GCCGGAACAGCGGA,SNAI1_pDS266,5.737806797027588,10023.0,2526,40.542698
GCCGGAACCCTGTC,62(mod)_pBA581,5.488745212554932,9790.0,2470,37.06465
GCCGGAACCGTTAG,EP300_pDS268,5.953886985778809,8765.0,2328,39.972622
GCCGGAACCTAGCA,CREB1_pDS269,5.639918804168701,12995.0,3108,34.4618
GCCGGAACTATCGG,EP300_pDS268,5.610497951507568,11110.0,2770,37.551754
GCCGGAACTATTCC,62(mod)_pBA581,6.498185157775879,7357.0,2180,35.213375
GCCGTACTAACGGG,ZNF326_pDS262,5.854698181152344,8033.0,2383,38.379185
GCCGTACTAGTAGA,CREB1_pDS269,5.589617729187012,10212.0,2679,29.298864
GCCGTACTCGCAAT,SNAI1_pDS266,5.441181182861328,14388.0,3049,36.28909
GCCGTACTCTCTTA,62(mod)_pBA581,8.39961051940918,4516.0,1577,39.82732
GCCGTACTGAGCAG,ZNF326_pDS262,4.689741611480713,12810.0,2814,38.04543
GCCGTACTGGTATC,62(mod)_pBA581,5.439648628234863,13365.0,2926,40.456417
GCCGTACTGGTTCA,BHLHE40_pDS258,9.427570343017578,9967.0,3024,27.688604
GCCGTACTTTACTC,ZNF326_pDS262,4.766218662261963,12938.0,2853,38.78198
GCCGTACTTTTCAC,62(mod)_pBA581,4.968908309936523,12249.0,2939,34.794678
GCCTACACATTCTC,SPI1_pDS255,7.453133583068848,8050.0,2447,33.652172
GCCTACACTTGCGA,62(mod)_pBA581,4.975390911102295,15521.0,3222,36.63596
GCCTAGCTAAAAGC,62(mod)_pBA581,5.666808605194092,8320.0,2398,31.05396
GCCTCAACACGTGT,EP300_pDS268,4.904889106750488,14556.0,3112,39.65375
GCCTCAACATGCTG,ZNF326_pDS262,5.132638454437256,14029.0,2832,45.203136
GCCTCAACGACGAG,ZNF326_pDS262,5.328196048736572,10784.0,2634,37.35744
GCCTCAACGGAGTG,EP300_pDS268,5.31479549407959,7242.0,2093,38.76001
GCCTCAACGTTCGA,62(mod)_pBA581,5.218228340148926,14526.0,3191,34.19386
GCCTCAACTAACGC,CREB1_pDS269,5.050778865814209,11897.0,2835,34.765068
GCCTCAACTATCGG,62(mod)_pBA581,5.37577486038208,16798.0,3545,30.458334
GCCTCATGCATGAC,ZNF326_pDS262,4.605370044708252,13682.0,2902,39.321735
GCCTCATGCGTCTC,62(mod)_pBA581,6.438384056091309,9488.0,2525,36.554268
GCCTCATGTGTGCA,EP300_pDS268,6.142836093902588,8910.0,2391,37.14927
GCCTGACTGTATCG,62(mod)_pBA581,5.402535438537598,11830.0,2722,40.126797
GCCTGACTTCCAAG,62(mod)_pBA581,5.895962238311768,10696.0,2675,38.659313
GCCTGACTTGCAAC,ZNF326_pDS262,5.052432537078857,13576.0,3029,34.813667
GCGAAGGAACCAGT,SPI1_pDS255,12.158797264099121,9435.0,2580,27.977957
GCGAAGGAAGAGAT,SNAI1_pDS266,6.246692180633545,6663.0,2199,29.67132
GCGAAGGACTCCCA,62(mod)_pBA581,5.6869001388549805,9397.0,2270,35.50069
GCGAAGGAGGAAAT,EP300_pDS268,5.079763412475586,13668.0,3057,36.084286
GCGAAGGATAACCG,SNAI1_pDS266,5.177934169769287,9815.0,2490,37.463066
GCGAAGGATTGACG,CREB1_pDS269,5.543824195861816,13048.0,2892,40.19615
GCGAAGGATTTCAC,62(mod)_pBA581,5.551980972290039,10900.0,2766,35.47381
GCGACTCTAGCCTA,SPI1_pDS255,5.4810380935668945,11202.0,2732,34.89244
GCGACTCTGGGATG,EP300_pDS268,7.534046649932861,6352.0,2178,31.276562
GCGACTCTTGAACC,EP300_pDS268,5.580855369567871,10454.0,2618,34.733116
GCGACTCTTTTGGG,62(mod)_pBA581,5.1168904304504395,13064.0,2929,37.905697
GCGAGAGAACCCAA,BHLHE40_pDS258,5.552073955535889,10392.0,2644,35.48884
GCGAGAGAAGTGTC,CREB1_pDS269,9.163068771362305,3421.0,1406,35.68089
GCGAGAGACTGTAG,EP300_pDS268,6.256866455078125,8200.0,2261,36.792683
GCGAGAGACTTGCC,DDIT3_pDS263,5.510559558868408,9598.0,2515,32.77766
GCGAGAGACTTGTT,62(mod)_pBA581,4.390277862548828,16533.0,3200,38.63925
GCGAGAGAGTCACA,SNAI1_pDS266,6.3986287117004395,6715.0,1992,35.065514
GCGAGAGATTATCC,DDIT3_pDS263,4.919338703155518,15668.0,3396,34.739597
GCGAGCACATCTCT,SPI1_pDS255,6.207685470581055,7453.0,2102,36.97344
GCGAGCACCAATCG,62(mod)_pBA581,4.8905816078186035,10165.0,2539,33.241516
GCGAGCACGCGTTA,CREB1_pDS269,5.687873840332031,10709.0,2733,34.864613
GCGAGCACTAGTCG,62(mod)_pBA581,6.510820388793945,5908.0,1866,35.494244
GCGAGCACTCTAGG,62(mod)_pBA581,4.997652530670166,12342.0,2766,37.243782
GCGATATGAGTACC,SPI1_pDS255,8.162452697753906,7452.0,2097,37.64422
GCGATATGATCGGT,CREB1_pDS269,6.90118408203125,7970.0,2433,29.481873
GCGATATGCGTCTC,DDIT3_pDS263,6.899185657501221,4167.0,1537,38.228943
GCGCACGAACCATG,SPI1_pDS255,6.194727897644043,7109.0,2032,41.76396
GCGCACGACGCCTT,CREB1_pDS269,5.261621952056885,11358.0,2544,34.988556
GCGCACGACGGGAA,EP300_pDS268,4.6954779624938965,13054.0,2947,34.72233
GCGCACGACGTACA,SNAI1_pDS266,4.58815860748291,18226.0,3352,40.38187
GCGCACGACTAAGC,SPI1_pDS255,7.724055767059326,8468.0,2556,32.168163
GCGCACGATCAAGC,62(mod)_pBA581,6.508599281311035,7288.0,2207,34.7146
GCGCATCTACCTTT,BHLHE40_pDS258,5.092297554016113,11094.0,2721,38.98152
GCGCATCTCTAGCA,DDIT3_pDS263,6.363680362701416,10223.0,2585,35.88966
GCGCATCTTTGCTT,62(mod)_pBA581,5.2118330001831055,12434.0,2970,36.770145
GCGCGAACAGGTTC,DDIT3_pDS263,5.403594017028809,10775.0,2695,37.41648
GCGCGAACCCAACA,ZNF326_pDS262,5.1344075202941895,5606.0,1780,39.31502
GCGCGAACTGCCTC,SNAI1_pDS266,5.617508888244629,9464.0,2379,36.443363
GCGCGATGAAGAAC,62(mod)_pBA581,6.469484329223633,9019.0,2537,35.403038
GCGCGATGAGCGTT,62(mod)_pBA581,5.181745529174805,16798.0,3495,38.615395
GCGCGATGCCTTTA,SNAI1_pDS266,5.057587623596191,15432.0,3461,32.819283
GCGCGATGGACAAA,62(mod)_pBA581,5.609029293060303,8472.0,2263,36.362564
GCGCGATGGCCAAT,ZNF326_pDS262,6.292238235473633,5861.0,1873,36.614914
GCGCGATGGGACGA,DDIT3_pDS263,5.901343822479248,11718.0,2751,38.923023
GCGCGATGGTCTGA,SPI1_pDS255,6.93805456161499,4367.0,1524,34.875202
GCGCGATGTATGCG,ZNF326_pDS262,7.386908054351807,9545.0,2248,39.262905
GCGCGATGTGCTCC,62(mod)_pBA581,5.398024082183838,9382.0,2452,36.79386
GCGGACTGCCCGTT,CREB1_pDS269,4.348346710205078,13044.0,2969,36.13645
GCGGACTGCGACAT,62(mod)_pBA581,6.203749656677246,10532.0,2816,31.522978
GCGGACTGCTGAGT,CREB1_pDS269,7.234125137329102,10342.0,2732,33.320442
GCGGACTGGTGTTG,62(mod)_pBA581,7.471432685852051,6138.0,1967,36.8361
GCGGAGCTATGACC,DDIT3_pDS263,5.527532577514648,9564.0,2596,32.04391
GCGGAGCTCTTCCG,62(mod)_pBA581,5.819087982177734,3287.0,1258,38.089443
GCGGAGCTTGGAGG,ZNF326_pDS262,5.085268974304199,12076.0,2740,37.36027
GCGGCAACGATGAA,CREB1_pDS269,4.724275588989258,13438.0,3137,33.807114
GCGGCAACGTTGCA,62(mod)_pBA581,6.381866455078125,12065.0,2832,44.939907
GCGGCAACTGAGCT,62(mod)_pBA581,5.905062675476074,9039.0,2467,35.652657
GCGGCAACTTCTTG,62(mod)_pBA581,7.069901466369629,8391.0,2369,35.252056
GCGGGACTCGACTA,62(mod)_pBA581,5.736523151397705,9802.0,2595,35.288715
GCGGGACTGCCAAT,62(mod)_pBA581,5.2642107009887695,11575.0,2707,35.09848
GCGTAAACAGACTC,62(mod)_pBA581,6.394956111907959,8189.0,2233,39.15751
GCGTAAACCCTTTA,DDIT3_pDS263,6.123495101928711,8118.0,2262,34.52821
GCGTAAACCGCCTT,ZNF326_pDS262,5.295372009277344,10547.0,2633,34.1993
GCGTAAACCTACGA,DDIT3_pDS263,5.516933917999268,10832.0,2801,37.084564
GCGTAAACGCAGAG,62(mod)_pBA581,6.105733871459961,11578.0,2731,38.953186
GCGTAATGATACCG,62(mod)_pBA581,5.995858669281006,6761.0,2124,33.48617
GCGTAATGATGGTC,ZNF326_pDS262,5.719208240509033,8415.0,2460,30.394487
GCGTAATGGTTTCT,DDIT3_pDS263,5.741673946380615,12476.0,2883,37.268574
GCGTACCTAATCGC,62(mod)_pBA581,4.958333492279053,12252.0,2804,36.9787
GCGTACCTTACGAC,DDIT3_pDS263,5.957712650299072,7693.0,2372,29.403355
GCGTACCTTTCAGG,SPI1_pDS255,6.225131988525391,9808.0,2697,34.07075
GCGTACCTTTCTTG,CREB1_pDS269,5.6843461990356445,11335.0,2727,40.11469
GCGTATGACCTCGT,62(mod)_pBA581,5.735256195068359,10131.0,2568,38.08114
GCGTATGACTCTAT,62(mod)_pBA581,5.183335781097412,11535.0,2543,38.47954
GCGTATGATGCCCT,SNAI1_pDS266,8.745219230651855,2141.0,1020,30.733303
GCGTATGATTACCT,BHLHE40_pDS258,6.470167636871338,10700.0,2639,39.940193
GCTACAGACGAACT,62(mod)_pBA581,6.324046611785889,9932.0,2591,38.558342
GCTACAGACTGACA,ZNF326_pDS262,7.717489242553711,8145.0,2221,42.290695
GCTACAGAGCTCCT,62(mod)_pBA581,5.0152764320373535,13904.0,3030,38.56167
GCTACAGATCACCC,62(mod)_pBA581,4.996563911437988,13996.0,2941,38.446697
GCTACCTGACGACT,ZNF326_pDS262,10.304078102111816,5815.0,1831,36.33706
GCTACCTGAGATCC,BHLHE40_pDS258,7.0356974601745605,7962.0,2382,29.728712
GCTACCTGCCTACC,62(mod)_pBA581,5.820285797119141,8080.0,2365,33.576733
GCTACCTGCTCGCT,EP300_pDS268,7.631705284118652,7353.0,2231,31.714947
GCTACCTGGGGACA,SPI1_pDS255,5.8824968338012695,8976.0,2463,36.040554
GCTACCTGTCTTTG,62(mod)_pBA581,7.537357807159424,4225.0,1534,36.87574
GCTACCTGTGTTCT,SPI1_pDS255,6.646722793579102,5149.0,1751,31.676054
GCTACCTGTTTCGT,62(mod)_pBA581,6.188320636749268,5732.0,1791,39.542995
GCTACGCTAACAGA,EP300_pDS268,6.1831135749816895,9564.0,2684,32.660744
GCTACGCTCTTGAG,62(mod)_pBA581,6.848884105682373,6786.0,2003,38.491013
GCTACGCTTAGAAG,SPI1_pDS255,5.538236141204834,10673.0,2669,35.928425
GCTACGCTTATTCC,DDIT3_pDS263,6.4944844245910645,8971.0,2650,26.289982
GCTAGAACAGAGAT,EP300_pDS268,5.593140125274658,9904.0,2555,36.07269
GCTAGAACCCTCCA,62(mod)_pBA581,6.228850364685059,9808.0,2554,35.37207
GCTAGAACGGATTC,ZNF326_pDS262,5.579023838043213,9451.0,2439,39.181038
GCTAGAACGTGCTA,62(mod)_pBA581,4.9956841468811035,12453.0,2844,36.16799
GCTAGATGAAGATG,62(mod)_pBA581,6.580842018127441,7783.0,2299,33.414696
GCTAGATGGGGACA,62(mod)_pBA581,5.00436544418335,12415.0,2886,36.05026
GCTAGATGTGCGTA,62(mod)_pBA581,6.540170669555664,8533.0,2525,35.313416
GCTATACTACCGAT,CREB1_pDS269,5.8329267501831055,9686.0,2467,35.876522
GCTATACTACCTGA,SNAI1_pDS266,5.677871227264404,9637.0,2557,35.84103
GCTATACTACTAGC,SNAI1_pDS266,6.518019676208496,8755.0,2283,37.784122
GCTATACTATAAGG,SPI1_pDS255,5.801870822906494,9532.0,2453,35.703796
GCTATACTCAGAGG,SNAI1_pDS266,7.266692161560059,8574.0,2424,38.336834
GCTATACTTTTACC,DDIT3_pDS263,5.799625873565674,10961.0,2871,29.559347
GCTCAAGAAAAGTG,62(mod)_pBA581,5.2169060707092285,12424.0,2883,33.070423
GCTCAAGAACGGGA,62(mod)_pBA581,4.955569267272949,10191.0,2623,36.10048
GCTCAAGAACGTGT,ZNF326_pDS262,5.350382328033447,10105.0,2510,36.823357
GCTCAAGAATGACC,SPI1_pDS255,7.267278671264648,5827.0,1981,35.232536
GCTCAAGACATTTC,ZNF326_pDS262,5.181685447692871,10914.0,2613,39.5547
GCTCAAGAGGTTCA,ZNF326_pDS262,6.220556735992432,8283.0,2309,34.854523
GCTCAAGATCGATG,SPI1_pDS255,10.214186668395996,4256.0,1778,24.671362
GCTCAAGATGAGAA,EP300_pDS268,5.740383148193359,8127.0,2543,28.65756
GCTCACTGATGGTC,BHLHE40_pDS258,6.185006618499756,4568.0,1540,40.12697
GCTCACTGCCCGTT,BHLHE40_pDS258,5.634571075439453,8274.0,2375,32.970753
GCTCACTGCTGTCC,SPI1_pDS255,5.021732330322266,13627.0,2988,36.613106
GCTCACTGGATAGA,SNAI1_pDS266,8.930204391479492,4499.0,1742,36.230274
GCTCACTGGCTATG,CREB1_pDS269,5.481746673583984,12341.0,2732,43.031925
GCTCACTGTCTGGA,ZNF326_pDS262,3.9543073177337646,4254.0,888,56.817112
GCTCAGCTAAGCCT,62(mod)_pBA581,5.506218433380127,13661.0,2947,41.973503
GCTCAGCTCATGAC,CREB1_pDS269,5.284409999847412,9672.0,2429,36.255558
GCTCAGCTTCTTCA,SNAI1_pDS266,6.3131208419799805,9046.0,2420,36.13752
GCTCCATGACGCTA,DDIT3_pDS263,4.191873550415039,20615.0,3437,39.777855
GCTCCATGGGGCAA,62(mod)_pBA581,5.626169204711914,11827.0,2719,37.16919
GCTCGACTCAAAGA,BHLHE40_pDS258,7.0330810546875,9635.0,2632,32.330048
GCTCGACTCGTTGA,ZNF326_pDS262,6.505773067474365,7400.0,2215,36.386974
GCTCGACTCTTGTT,EP300_pDS268,4.58748197555542,16280.0,3243,39.14619
GCTCGACTGGAAGC,62(mod)_pBA581,5.314650058746338,15142.0,3230,37.39268
GCTCGACTTACTCT,SPI1_pDS255,5.08043909072876,12942.0,2990,34.360996
GCTGATGAGGTTTG,SPI1_pDS255,5.12624454498291,14136.0,3169,36.71477
GCTGATGAGTTCAG,BHLHE40_pDS258,4.172304153442383,22481.0,3821,35.216404
GCTGATGATCCCGT,62(mod)_pBA581,4.916366100311279,13025.0,2986,36.961697
GCTGATGATGAGGG,EP300_pDS268,6.34197998046875,5705.0,1962,28.974585
GCTTAACTACTTTC,BHLHE40_pDS258,5.787330627441406,9988.0,2592,37.37485
GCTTAACTGTTGGT,DDIT3_pDS263,8.10687255859375,7455.0,2099,37.411133
GCTTGAGAAAGAGT,ZNF326_pDS262,6.88130521774292,9569.0,2332,40.71481
GCTTGAGACATTTC,SNAI1_pDS266,6.017651557922363,11522.0,2660,37.614998
GCTTGAGACCACAA,62(mod)_pBA581,6.2989726066589355,10772.0,2716,37.848125
GCTTGAGAGCGTTA,CREB1_pDS269,5.121490955352783,13515.0,2991,36.54458
GCTTGAGATGGATC,62(mod)_pBA581,5.846952438354492,9095.0,2567,36.789444
GGAACACTAGTAGA,ZNF326_pDS262,4.444249629974365,20981.0,3662,38.021255
GGAACACTCCTCAC,ZNF326_pDS262,6.141708850860596,8064.0,2462,29.882208
GGAACACTCGCAAT,SNAI1_pDS266,6.144863605499268,8987.0,2526,28.240791
GGAACACTCTCAGA,ZNF326_pDS262,5.192283630371094,11281.0,2758,36.27338
GGAACTACACCCTC,62(mod)_pBA581,7.005218505859375,9511.0,2517,34.75975
GGAACTACCAATCG,62(mod)_pBA581,5.147573471069336,10849.0,2740,35.31201
GGAACTACCCTGAA,SNAI1_pDS266,5.503783226013184,9860.0,2791,29.550756
GGAACTACGAGCAG,CREB1_pDS269,5.326955318450928,13590.0,3141,32.712826
GGAACTACGCATCA,SPI1_pDS255,5.28448486328125,10808.0,2735,33.401184
GGAACTACGTTAGC,62(mod)_pBA581,5.179058074951172,9883.0,2552,36.294647
GGAACTACTAGTCG,62(mod)_pBA581,5.783790588378906,7733.0,2239,33.919567
GGAACTACTCAGTG,EP300_pDS268,6.723227500915527,6972.0,2239,30.187868
GGAACTACTGCCAA,DDIT3_pDS263,5.638647556304932,11303.0,2646,36.36444
GGAACTACTGCTAG,SPI1_pDS255,5.1359357833862305,18249.0,3535,39.38962
GGAACTTGGTACGT,SPI1_pDS255,5.058172702789307,13298.0,2920,36.090225
GGAACTTGGTTGGT,62(mod)_pBA581,6.498719215393066,8211.0,2235,38.30979
GGAACTTGTGATGC,62(mod)_pBA581,6.845269203186035,14975.0,3391,31.975697
GGAACTTGTGTCCC,ZNF326_pDS262,5.744611740112305,10693.0,2695,34.302814
GGAAGGACAGTCAC,SNAI1_pDS266,5.96177339553833,8197.0,2318,36.26052
GGAAGGACGCAGAG,BHLHE40_pDS258,5.57625150680542,9036.0,2399,38.32448
GGAAGGACGTCTTT,CREB1_pDS269,5.737320423126221,10165.0,2492,36.612236
GGAAGGACTCCGTC,62(mod)_pBA581,4.946270942687988,12686.0,2871,36.23394
GGAAGGACTGACAC,BHLHE40_pDS258,5.398455619812012,9721.0,2519,34.122005
GGAAGGACTGGAAA,CREB1_pDS269,5.845153331756592,10269.0,2764,32.661407
GGAAGGTGCTTCGC,EP300_pDS268,5.1748456954956055,17866.0,3649,37.74208
GGAAGGTGGCGTAT,SPI1_pDS255,5.8498053550720215,9650.0,2483,34.818653
GGAAGGTGTCCTGC,62(mod)_pBA581,5.0955352783203125,10925.0,2710,37.144165
GGAATCTGAAGCAA,ZNF326_pDS262,5.552054405212402,11441.0,2576,36.32471
GGAATCTGAGGAGC,ZNF326_pDS262,6.260357856750488,7754.0,2198,35.401085
GGAATCTGTGTTCT,EP300_pDS268,9.760736465454102,6664.0,1973,29.579153
GGAATGCTCGTGTA,62(mod)_pBA581,5.743701457977295,13953.0,3058,37.511646
GGAATGCTGGTATC,62(mod)_pBA581,4.973658561706543,10182.0,2609,32.75388
GGAATGCTTATCGG,CREB1_pDS269,6.052867889404297,9642.0,2452,37.477962
GGAATGCTTCAGAC,DDIT3_pDS263,4.701982021331787,14919.0,3217,36.11502
GGAATGCTTCGATG,DDIT3_pDS263,4.1492719650268555,22415.0,3663,45.36046
GGACAACTCACTTT,ZNF326_pDS262,5.968990325927734,11464.0,2752,37.56106
GGACAACTGACAAA,SPI1_pDS255,5.267995357513428,13884.0,3079,35.090374
GGACAACTGAGATA,62(mod)_pBA581,6.068883419036865,13817.0,2902,38.25722
GGACAACTGATACC,ZNF326_pDS262,5.454239845275879,10522.0,2570,40.505608
GGACAACTTCGTGA,DDIT3_pDS263,6.84345006942749,6800.0,2057,37.661766
GGACAACTTGCATG,ZNF326_pDS262,4.580854415893555,14061.0,3071,37.996017
GGACAACTTTCTTG,EP300_pDS268,5.9890851974487305,8086.0,2369,31.140242
GGACAGGACGTTAG,62(mod)_pBA581,5.6290130615234375,10152.0,2552,37.06659
GGACAGGAGCTACA,BHLHE40_pDS258,5.813338756561279,11000.0,2766,34.436363
GGACATTGGAGGGT,62(mod)_pBA581,5.600251197814941,13588.0,3017,36.171623
GGACATTGGTACGT,SNAI1_pDS266,6.525030612945557,8509.0,2346,33.7525
GGACATTGTACTCT,SPI1_pDS255,6.070440292358398,13222.0,3262,30.807623
GGACATTGTCTCGC,ZNF326_pDS262,5.406789779663086,12398.0,2860,38.535366
GGACATTGTGCTGA,CREB1_pDS269,5.588581085205078,9512.0,2565,37.058453
GGACCCGAACCCTC,SPI1_pDS255,5.199297904968262,13403.0,3023,36.029247
GGACCCGAACTTTC,62(mod)_pBA581,4.85720157623291,13611.0,3099,34.76089
GGACCCGACCTGTC,SNAI1_pDS266,5.577420234680176,11362.0,2691,38.426334
GGACCCGAGTCACA,ZNF326_pDS262,4.487697124481201,17072.0,3082,37.304516
GGACCCGAGTCATG,ZNF326_pDS262,5.679074764251709,10842.0,2732,30.68622
GGACCGTGTCATTC,DDIT3_pDS263,6.104183197021484,8321.0,2369,36.654247
GGACCGTGTCCTGC,BHLHE40_pDS258,5.178779602050781,12178.0,2821,35.87617
GGACCGTGTGTCAG,SPI1_pDS255,5.366826057434082,9631.0,2568,33.610218
GGACCTCTCTAGCA,62(mod)_pBA581,5.984450340270996,10426.0,2469,40.542873
GGACGAGACACACA,62(mod)_pBA581,7.158592224121094,6115.0,1940,38.979725
GGACGAGAGGAAAT,CREB1_pDS269,7.551238536834717,2865.0,1266,31.099476
GGACGAGATCTCAT,62(mod)_pBA581,7.463253021240234,6430.0,2156,34.30793
GGACGCACACCTCC,62(mod)_pBA581,6.18517541885376,9582.0,2664,29.211021
GGACGCACCGGTAT,ZNF326_pDS262,5.797227382659912,7448.0,2362,26.339106
GGACGCACGACAAA,62(mod)_pBA581,6.661121368408203,8976.0,2547,34.224598
GGACGCACTGGTTG,SNAI1_pDS266,5.618312358856201,10535.0,2625,38.08258
GGACGCACTTTCAC,CREB1_pDS269,5.682295799255371,8160.0,2265,35.66528
GGACGCTGACGTAC,DDIT3_pDS263,8.60806655883789,5050.0,1791,32.772278
GGACGCTGAGAGGC,EP300_pDS268,5.638103008270264,7237.0,2141,36.465385
GGACGCTGCCGTTC,CREB1_pDS269,6.315848350524902,5911.0,1787,41.481983
GGACGCTGCGCAAT,62(mod)_pBA581,5.958028793334961,9337.0,2427,34.39006
GGACGCTGCTCCAC,BHLHE40_pDS258,5.4807000160217285,10683.0,2674,34.70935
GGACGCTGGAGACG,SPI1_pDS255,5.445748329162598,16113.0,3248,41.711662
GGACGCTGGAGGAC,EP300_pDS268,4.480294227600098,19765.0,3651,38.957752
GGACGCTGTACAGC,62(mod)_pBA581,5.13937520980835,9247.0,2500,34.378716
GGACTATGACCTTT,EP300_pDS268,5.377669334411621,10449.0,2632,37.483253
GGACTATGTACGAC,BHLHE40_pDS258,5.707856178283691,12768.0,2948,36.126556
GGACTATGTCTCCG,SPI1_pDS255,6.562903881072998,8471.0,2561,30.315193
GGAGACGATCAGTG,ZNF326_pDS262,4.876642227172852,16917.0,3406,41.089897
GGAGAGACACGTTG,BHLHE40_pDS258,5.053290843963623,15209.0,3090,39.6147
GGAGAGACACTGGT,EP300_pDS268,7.3241777420043945,4304.0,1548,37.793262
GGAGAGACAGCTAC,SPI1_pDS255,4.98239803314209,14294.0,3131,34.04925
GGAGAGACATGCTG,SPI1_pDS255,6.301903247833252,14216.0,3252,37.152706
GGAGAGACGATACC,62(mod)_pBA581,5.3362956047058105,12103.0,2996,34.578205
GGAGCAGATATTCC,DDIT3_pDS263,6.317163944244385,9269.0,2524,34.04898
GGAGCCACGCTCCT,62(mod)_pBA581,6.323315620422363,7842.0,2303,36.776333
GGAGCCACTTACTC,SNAI1_pDS266,5.943066596984863,8359.0,2462,31.108719
GGAGCGCTCTGAAC,SPI1_pDS255,7.233777046203613,7186.0,2147,36.223213
GGAGCGCTGCATAC,SNAI1_pDS266,5.24605655670166,11564.0,2794,34.999134
GGAGCGCTGTTGGT,SNAI1_pDS266,5.711095809936523,9517.0,2549,32.244167
GGAGGATGAAACAG,EP300_pDS268,7.171915531158447,7235.0,2335,29.771942
GGAGGATGGAACTC,SPI1_pDS255,6.12919807434082,10569.0,2792,34.440346
GGAGGATGGACGGA,EP300_pDS268,5.42753267288208,10637.0,2723,35.348312
GGAGGATGGGTGTT,CREB1_pDS269,5.385262966156006,9998.0,2565,39.877975
GGAGGCCTAACGAA,EP300_pDS268,5.8325958251953125,8555.0,2516,29.269434
GGAGGCCTAGGCGA,ZNF326_pDS262,4.921285629272461,12016.0,2762,35.910454
GGAGGCCTGAGCAG,SNAI1_pDS266,6.774636268615723,6874.0,2084,35.685192
GGAGGCCTTACGCA,CREB1_pDS269,5.587728977203369,15026.0,3174,36.82039
GGAGGTGAAATCGC,SPI1_pDS255,6.013051986694336,8276.0,2501,28.39536
GGAGGTGACGTTGA,DDIT3_pDS263,5.754527568817139,10892.0,2660,36.329414
GGAGGTGATGCCCT,EP300_pDS268,4.846679210662842,16826.0,3491,34.030666
GGAGGTGATGTTCT,ZNF326_pDS262,4.619699478149414,12485.0,2736,39.79175
GGAGGTGATTCCCG,DDIT3_pDS263,5.141661167144775,8822.0,2222,37.8939
GGAGTTACCCTCAC,62(mod)_pBA581,4.660086631774902,14287.0,2980,35.75278
GGAGTTACTCTATC,62(mod)_pBA581,6.171212196350098,8809.0,2397,33.567944
GGAGTTTGTGTCGA,EP300_pDS268,7.3873677253723145,3873.0,1420,41.146103
GGAGTTTGTTTCGT,BHLHE40_pDS258,5.502041339874268,7577.0,2200,38.15494
GGATACTGGGTCAT,62(mod)_pBA581,5.5131683349609375,9993.0,2533,35.104572
GGATACTGTCCCAC,CREB1_pDS269,4.667891502380371,11303.0,2816,35.78696
GGATACTGTCTAGG,CREB1_pDS269,5.930544853210449,8620.0,2397,37.350655
GGATAGCTGGATCT,62(mod)_pBA581,4.8309550285339355,11668.0,2725,38.615135
GGATAGCTTCTAGG,CREB1_pDS269,5.655916690826416,13017.0,2872,35.53541
GGATAGCTTGCAAC,BHLHE40_pDS258,6.4722208976745605,10055.0,2559,36.217182
GGATAGCTTGCATG,BHLHE40_pDS258,5.99756383895874,9056.0,2381,39.136673
GGATGTACCCTATT,62(mod)_pBA581,5.5705952644348145,9960.0,2533,37.620483
GGATGTACGCATAC,62(mod)_pBA581,6.118095397949219,9908.0,2469,40.542995
GGATGTTGAATGCC,CREB1_pDS269,4.9782023429870605,14071.0,3038,37.71587
GGATGTTGAGAGAT,ZNF326_pDS262,4.321689128875732,17310.0,3387,38.76372
GGATGTTGTACAGC,62(mod)_pBA581,7.015228271484375,3508.0,1362,36.801598
GGATTGTGCCAACA,62(mod)_pBA581,7.157721042633057,7850.0,2201,33.43523
GGATTGTGCCACAA,EP300_pDS268,8.131980895996094,10619.0,3032,31.629002
GGATTTCTCGAATC,ZNF326_pDS262,4.9548563957214355,12551.0,2752,38.95307
GGATTTCTCTTTAC,CREB1_pDS269,5.369471549987793,10180.0,2565,35.949318
GGATTTCTGGAAGC,DDIT3_pDS263,5.823666572570801,11493.0,2641,41.2947
GGATTTCTGGTTTG,62(mod)_pBA581,6.979896068572998,5134.0,1610,40.00779
GGATTTCTTGTCCC,EP300_pDS268,5.341427803039551,9907.0,2437,35.60109
GGCAAGGATGGTAC,SPI1_pDS255,5.296472549438477,8479.0,2259,34.63852
GGCAATACCCTTAT,SNAI1_pDS266,8.841411590576172,3089.0,1370,27.549368
GGCAATACGAACCT,62(mod)_pBA581,6.34205961227417,4500.0,1531,40.91111
GGCAATACTCCAAG,SNAI1_pDS266,6.617987155914307,9058.0,2603,28.678661
GGCAATACTGACAC,SPI1_pDS255,5.144834041595459,14902.0,3203,38.478058
GGCACGTGAGAAGT,SNAI1_pDS266,7.79425573348999,3919.0,1434,30.620056
GGCACGTGCTGTAG,62(mod)_pBA581,6.713223457336426,8246.0,2339,34.881184
GGCACGTGGAACCT,62(mod)_pBA581,5.031134128570557,13900.0,3033,35.20144
GGCACTCTCCCTTG,EP300_pDS268,5.204111576080322,11698.0,2813,37.502136
GGCACTCTGACGGA,BHLHE40_pDS258,6.067492485046387,9272.0,2523,35.925365
GGCACTCTGCAGAG,DDIT3_pDS263,5.481781482696533,9147.0,2429,36.47792
GGCACTCTGCGAGA,62(mod)_pBA581,5.277876853942871,10943.0,2778,35.8644
GGCATATGAGAGGC,BHLHE40_pDS258,6.749913692474365,5989.0,1837,35.982635
GGCATATGCCCTTG,BHLHE40_pDS258,5.629801273345947,11648.0,2805,34.761333
GGCATATGCTCTAT,62(mod)_pBA581,5.302090644836426,11255.0,2672,33.176365
GGCATATGCTTGTT,62(mod)_pBA581,9.415337562561035,5938.0,2085,28.181818
GGCATATGGCTAAC,EP300_pDS268,7.307390213012695,9494.0,2424,39.08373
GGCCACGACAGATC,62(mod)_pBA581,5.334758281707764,11398.0,2644,37.35743
GGCCACGAGCTAAC,SNAI1_pDS266,6.812779903411865,6680.0,2259,28.654797
GGCCAGACAGCCTA,62(mod)_pBA581,5.902270793914795,9619.0,2577,35.51975
GGCCAGACGAATGA,BHLHE40_pDS258,6.297961235046387,8932.0,2390,38.893864
GGCCCAGACTCCCA,SPI1_pDS255,5.330639362335205,10415.0,2608,33.170124
GGCCGAACAGGTCT,BHLHE40_pDS258,5.171201705932617,11857.0,2798,36.17811
GGCCGAACCAGTCA,62(mod)_pBA581,5.423399448394775,9773.0,2513,33.74936
GGCCGAACCTGGTA,62(mod)_pBA581,6.645866870880127,4476.0,1615,34.390354
GGCCGAACGGTGAG,62(mod)_pBA581,6.061521053314209,7420.0,2141,34.919136
GGCCGAACGTCCTC,62(mod)_pBA581,5.1432204246521,13373.0,3001,37.231735
GGCCGAACTTCGGA,ZNF326_pDS262,5.608627796173096,11198.0,2717,35.11028
GGCCGATGAGTACC,62(mod)_pBA581,5.621856212615967,10157.0,2521,36.260708
GGCCGATGCTTAGG,SPI1_pDS255,6.57866907119751,10039.0,2665,32.79211
GGCGACACCAGAGG,SPI1_pDS255,6.0246901512146,8787.0,2378,37.635143
GGCGACACGGAAAT,ZNF326_pDS262,7.369292736053467,4495.0,1540,39.510567
GGCGACACGGATCT,EP300_pDS268,5.677165508270264,9666.0,2405,38.31592
GGCGACTGCAGTTG,EP300_pDS268,5.189902305603027,12006.0,2774,39.618557
GGCGACTGCCCAAA,ZNF326_pDS262,5.907131671905518,10974.0,2828,34.742596
GGCGACTGCGGTAT,SPI1_pDS255,5.77928352355957,10684.0,2763,35.482964
GGCGACTGGGAGCA,SNAI1_pDS266,5.095617294311523,13458.0,3098,35.926586
GGCGACTGTATGCG,SNAI1_pDS266,5.996227264404297,13814.0,3156,38.301723
GGCGACTGTGTCCC,BHLHE40_pDS258,6.786187171936035,8744.0,2575,33.211346
GGCGCATGAGCGTT,62(mod)_pBA581,7.090546607971191,4108.0,1407,41.504383
GGCGCATGCAACTG,CREB1_pDS269,6.800467491149902,6748.0,1989,38.805748
GGCGCATGCGAATC,BHLHE40_pDS258,5.576266765594482,10174.0,2604,36.072342
GGCGCATGGAACTC,SPI1_pDS255,6.538109302520752,7628.0,2215,36.916622
GGCGCATGTAACGC,62(mod)_pBA581,6.041666507720947,9039.0,2558,33.38865
GGCGGACTCCTATT,EP300_pDS268,6.010447978973389,9800.0,2539,34.955616
GGCTAAACATAAGG,SNAI1_pDS266,6.0516815185546875,10847.0,2680,35.00507
GGCTAATGCAGGAG,CREB1_pDS269,6.052857398986816,9053.0,2472,37.004307
GGCTAATGCTGACA,ZNF326_pDS262,4.992498874664307,13361.0,2893,37.564552
GGCTAATGTGTGCA,62(mod)_pBA581,5.07063102722168,13556.0,3032,37.692703
GGCTACCTAGAGGC,62(mod)_pBA581,6.108734130859375,7936.0,2221,39.301914
GGCTACCTATCTCT,62(mod)_pBA581,4.967465400695801,9787.0,2638,32.849697
GGCTACCTCAACTG,SNAI1_pDS266,5.94884729385376,11298.0,2817,30.495575
GGCTACCTCCATAG,62(mod)_pBA581,5.502523899078369,11863.0,2670,37.90778
GGCTACCTCGGTAT,BHLHE40_pDS258,6.346154689788818,11152.0,2864,34.774033
GGCTACCTCTTGCC,EP300_pDS268,8.074779510498047,3653.0,1276,44.867233
GGCTACCTGTTTGG,62(mod)_pBA581,5.544431686401367,9975.0,2531,37.343357
GGCTACCTTCCAAG,SPI1_pDS255,5.501944541931152,11110.0,2727,33.438343
GGCTACCTTGTTTC,SPI1_pDS255,7.497040271759033,6523.0,2096,35.559982
GGCTCACTCTTGTT,SNAI1_pDS266,5.607767105102539,11801.0,2735,37.307236
GGCTCACTGAATGA,SPI1_pDS255,5.5267014503479,10821.0,2778,34.198853
GGCTCACTGTCACA,EP300_pDS268,4.926056385040283,12092.0,2804,36.946995
GGCTCACTTACTCT,EP300_pDS268,5.637394428253174,8852.0,2416,33.596928
GGCTCACTTCCGAA,EP300_pDS268,7.060880661010742,4417.0,1576,39.624348
GGCTCACTTCGCCT,BHLHE40_pDS258,5.479446887969971,8709.0,2408,36.51395
GGCTCACTTGGTGT,SNAI1_pDS266,7.449678897857666,6867.0,2236,30.260668
GGCTCACTTTGGTG,EP300_pDS268,6.16126012802124,8220.0,2429,38.90511
GGGAACGAAGATCC,BHLHE40_pDS258,5.303652286529541,13141.0,3039,34.231148
GGGAACGAATCGAC,DDIT3_pDS263,5.925849437713623,11957.0,2986,28.29305
GGGAACGACTCAAG,BHLHE40_pDS258,5.574400901794434,9126.0,2532,35.68533
GGGAAGACAGATGA,ZNF326_pDS262,6.050516605377197,9269.0,2581,35.527027
GGGAAGACAGGTTC,DDIT3_pDS263,4.005257606506348,23117.0,3877,38.12181
GGGAAGACATGCTG,EP300_pDS268,6.532086372375488,9592.0,2617,35.57131
GGGAAGACGTCTTT,CREB1_pDS269,5.752151966094971,9856.0,2597,37.01938
GGGAAGACTCGTAG,62(mod)_pBA581,5.631775379180908,9135.0,2562,29.87084
GGGAAGTGAACGGG,BHLHE40_pDS258,5.747255325317383,8457.0,2308,37.956722
GGGAAGTGAGAATG,EP300_pDS268,5.173832893371582,9879.0,2646,36.440937
GGGACCACACGCTA,SPI1_pDS255,5.927332878112793,11102.0,2888,32.5617
GGGACCACGGAAGC,62(mod)_pBA581,6.03606653213501,7537.0,2283,30.59167
GGGACCACTGCAAC,62(mod)_pBA581,5.770552158355713,13118.0,3173,25.764158
GGGACCTGCATGCA,DDIT3_pDS263,4.577242374420166,12729.0,2862,38.738316
GGGACCTGCTACGA,DDIT3_pDS263,6.069051265716553,9230.0,2371,34.32286
GGGACCTGGACGTT,SPI1_pDS255,5.294776439666748,16767.0,3488,35.379017
GGGACCTGGGAAAT,BHLHE40_pDS258,5.507087707519531,7569.0,2232,34.25816
GGGATGGAAAGCCT,DDIT3_pDS263,7.110243320465088,7621.0,2367,32.64235
GGGATGGAACGGTT,DDIT3_pDS263,5.5043463706970215,7993.0,2322,33.950462
GGGATGGAGTTGTG,62(mod)_pBA581,5.727557182312012,11705.0,2823,34.668945
GGGATTACAAACGA,62(mod)_pBA581,4.540433406829834,18664.0,3366,41.18088
GGGATTACCAAAGA,ZNF326_pDS262,6.188910007476807,8276.0,2330,40.062824
GGGATTACTCCGTC,EP300_pDS268,5.100496292114258,13481.0,3033,36.05074
GGGCAAGACATGCA,CREB1_pDS269,4.925147533416748,11609.0,2819,36.5923
GGGCAAGACTAGCA,ZNF326_pDS262,5.449681758880615,14475.0,3193,34.604492
GGGCAAGAGAGAGC,EP300_pDS268,5.153384208679199,7822.0,2274,35.349014
GGGCACACACCACA,SNAI1_pDS266,5.282801151275635,10837.0,2829,29.353142
GGGCACACACGACT,62(mod)_pBA581,5.387115001678467,9170.0,2399,39.06216
GGGCACACAGAACA,EP300_pDS268,5.580216407775879,8731.0,2518,33.066086
GGGCACACCCTACC,62(mod)_pBA581,5.901940822601318,5135.0,1714,41.997665
GGGCACACCTAGTG,62(mod)_pBA581,5.91063928604126,8218.0,2213,38.914577
GGGCACACTCCGTC,ZNF326_pDS262,6.401165008544922,8837.0,2412,35.283466
GGGCAGCTATCGGT,62(mod)_pBA581,5.560818672180176,11315.0,2839,35.091904
GGGCAGCTTCTACT,SPI1_pDS255,6.350969314575195,9294.0,2519,36.675632
GGGCAGCTTTTACC,CREB1_pDS269,6.749085426330566,7782.0,2251,36.37415
GGGCCAACGCGATT,SNAI1_pDS266,5.037751197814941,11994.0,2899,34.225445
GGGCCATGCGAGAG,SNAI1_pDS266,5.89445686340332,10375.0,2574,36.542355
GGGCCATGTCAGAC,SPI1_pDS255,7.692574501037598,8054.0,2541,32.650528
GGGTAACTAGTAGA,EP300_pDS268,5.233021259307861,10880.0,2747,37.849266
GGGTAACTTGGAAA,62(mod)_pBA581,6.080066680908203,9512.0,2524,34.612152
GGGTTAACGGAGTG,ZNF326_pDS262,4.780012607574463,11482.0,2691,35.89654
GGGTTATGAGCACT,CREB1_pDS269,5.250283718109131,10095.0,2592,36.28529
GGGTTATGGCCATA,62(mod)_pBA581,5.0871100425720215,15153.0,3370,36.854958
GGGTTATGGGTGAG,62(mod)_pBA581,5.675002574920654,9358.0,2559,35.584526
GGGTTATGTGTTTC,EP300_pDS268,6.9723381996154785,7914.0,2371,31.61486
GGGTTATGTTTCAC,62(mod)_pBA581,5.846763610839844,9658.0,2544,36.39093
GGTAAAGAGGACGA,EP300_pDS268,4.999484062194824,10333.0,2580,39.210373
GGTAAAGAGGTGAG,DDIT3_pDS263,7.856162071228027,3707.0,1373,37.82034
GGTAAAGATGCCCT,DDIT3_pDS263,7.189725875854492,5773.0,1744,38.14308
GGTACAACGTTGGT,SPI1_pDS255,4.5150146484375,13317.0,3033,35.495983
GGTACATGAACCAC,62(mod)_pBA581,6.57396936416626,9516.0,2517,37.04949
GGTACATGAAGCAA,62(mod)_pBA581,5.957652568817139,10560.0,2633,39.85418
GGTACATGATGCTG,EP300_pDS268,5.691077709197998,8121.0,2332,30.00862
GGTACATGGAGATA,SPI1_pDS255,6.048776626586914,9602.0,2609,32.576546
GGTACTGACCCACT,62(mod)_pBA581,5.297168731689453,10017.0,2516,38.33483
GGTACTGAGGTGTT,SNAI1_pDS266,5.50841760635376,9691.0,2388,37.340073
GGTACTGATAGCGT,SNAI1_pDS266,5.708342552185059,14155.0,3049,43.048885
GGTACTGATGGATC,62(mod)_pBA581,5.491438388824463,10509.0,2692,36.511562
GGTAGTACAGCGGA,EP300_pDS268,5.376789569854736,8728.0,2364,36.50321
GGTAGTACATCTTC,62(mod)_pBA581,5.2897539138793945,13392.0,2936,39.61771
GGTAGTACTCATTC,SPI1_pDS255,5.89093017578125,7876.0,2162,40.134586
GGTAGTACTCTTAC,62(mod)_pBA581,4.267977237701416,16319.0,3180,36.270603
GGTATCGAACCCTC,62(mod)_pBA581,5.791419506072998,9236.0,2484,34.917713
GGTATCGAACTGGT,SPI1_pDS255,5.068395137786865,14464.0,3269,33.158184
GGTATCGAGAACTC,BHLHE40_pDS258,5.885881423950195,11448.0,2841,34.64058
GGTATGACCTGTGA,EP300_pDS268,5.298681259155273,10304.0,2620,37.700146
GGTATGACGCCAAT,ZNF326_pDS262,6.210981845855713,9741.0,2472,34.65763
GGTATGACGGAAGC,62(mod)_pBA581,6.593879222869873,8039.0,2265,35.924866
GGTATGACGTAGCT,BHLHE40_pDS258,5.331059455871582,12238.0,2816,38.210785
GGTCAAACCCCTCA,62(mod)_pBA581,5.285580635070801,9573.0,2453,39.220806
GGTCTAGAATGACC,ZNF326_pDS262,6.948268890380859,4165.0,1464,43.0012
GGTCTAGACAATCG,62(mod)_pBA581,5.76043176651001,7450.0,2116,36.51859
GGTCTAGACTAGCA,SNAI1_pDS266,5.888036727905273,11016.0,2781,40.0472
GGTCTAGAGGAGCA,SPI1_pDS255,6.869650363922119,6565.0,2119,33.526276
GGTCTAGATACAGC,62(mod)_pBA581,5.714720726013184,7826.0,2231,33.00115
GGTCTAGATACGAC,CREB1_pDS269,4.6597900390625,21884.0,3482,49.038242
GGTCTAGATCGTAG,SPI1_pDS255,6.037810325622559,8824.0,2365,37.994335
GGTGATACTAACCG,62(mod)_pBA581,5.40692138671875,11021.0,2657,39.397514
GGTGGAGAACCTTT,BHLHE40_pDS258,6.579028129577637,3076.0,1327,31.6645
GGTGGAGAACTTTC,SNAI1_pDS266,5.535923957824707,11057.0,2771,33.565422
GGTGGAGACTCTCG,SNAI1_pDS266,7.198206424713135,6453.0,1932,39.463898
GGTGGAGAGAGGCA,SNAI1_pDS266,7.180817127227783,7789.0,2376,31.13365
GGTGGAGATTACCT,62(mod)_pBA581,4.807232856750488,11825.0,2790,37.256893
GGTTGAACATCACG,SPI1_pDS255,7.18602180480957,6415.0,1981,38.254093
GGTTGAACCCCAAA,62(mod)_pBA581,4.94471549987793,13064.0,2991,37.5842
GGTTGAACCTTACT,62(mod)_pBA581,6.162546157836914,11199.0,2843,33.61607
GGTTTACTAGTGCT,CREB1_pDS269,5.182306289672852,9643.0,2371,39.126827
GGTTTACTCCTCGT,CREB1_pDS269,5.404355525970459,10355.0,2538,39.092224
GGTTTACTGACGTT,SNAI1_pDS266,6.143881797790527,8330.0,2239,33.661465
GGTTTACTGTCTAG,DDIT3_pDS263,7.916495323181152,5354.0,1793,35.599552
GGTTTACTGTGTAC,62(mod)_pBA581,6.226889610290527,10886.0,2812,32.794415
GGTTTACTGTTTCT,62(mod)_pBA581,5.303834438323975,11510.0,2721,36.194614
GTAACGTGATGCCA,ZNF326_pDS262,4.804105281829834,12691.0,2916,37.766922
GTAACGTGCAAAGA,62(mod)_pBA581,5.086877822875977,14199.0,3021,37.77637
GTAACGTGGGACAG,BHLHE40_pDS258,5.271856307983398,12525.0,3145,30.866268
GTAACGTGGGTTTG,BHLHE40_pDS258,6.10589599609375,6275.0,2132,30.788845
GTAACGTGTCAGTG,CREB1_pDS269,6.010852336883545,10620.0,2704,34.074005
GTAAGCACGTTGTG,CREB1_pDS269,5.08143424987793,8714.0,2371,35.368374
GTAAGCACTGTCAG,EP300_pDS268,6.011910915374756,9183.0,2397,36.807144
GTAAGCTGACAGTC,SPI1_pDS255,4.916501522064209,11002.0,2762,35.872036
GTAAGCTGGTAGCT,EP300_pDS268,5.158395290374756,12110.0,2814,41.484356
GTAAGCTGTAGAGA,SNAI1_pDS266,5.303352355957031,13126.0,3022,37.391438
GTAAGCTGTCCGTC,DDIT3_pDS263,4.7070817947387695,5254.0,1796,33.44119
GTAAGCTGTCCTTA,62(mod)_pBA581,7.152042865753174,6891.0,2193,30.020313
GTAATAACGTACCA,CREB1_pDS269,5.389464855194092,11127.0,2718,35.22962
GTAATATGAAACAG,62(mod)_pBA581,5.935760021209717,12377.0,3026,37.02836
GTACAGTGACTACG,SPI1_pDS255,6.426660537719727,9750.0,2635,33.05302
GTACAGTGGTGCAT,62(mod)_pBA581,5.775414943695068,8925.0,2407,38.07283
GTACCCTGCAAAGA,BHLHE40_pDS258,7.093925476074219,7677.0,2288,32.85584
GTACCCTGGACGTT,BHLHE40_pDS258,6.193636417388916,3707.0,1447,30.609493
GTACCCTGGGATTC,DDIT3_pDS263,6.182069301605225,6724.0,2051,33.016064
GTACCCTGTAGAAG,62(mod)_pBA581,5.736465930938721,9464.0,2573,34.1399
GTACGAACCTGCAA,62(mod)_pBA581,6.018062114715576,9193.0,2498,34.863483
GTACGAACCTTAGG,SPI1_pDS255,8.59445571899414,5341.0,1920,32.57207
GTACGAACCTTCGC,62(mod)_pBA581,7.442594051361084,4518.0,1592,38.17216
GTACGAACTGCAAC,SPI1_pDS255,5.89436149597168,9281.0,2453,36.263737
GTACGAACTGTTCT,SPI1_pDS255,5.663748741149902,11860.0,2868,35.373463
GTACGAACTGTTTC,EP300_pDS268,5.5434489250183105,11218.0,2755,37.279373
GTACGTGAAAGATG,62(mod)_pBA581,8.017471313476562,7743.0,2152,39.94576
GTACGTGAAGGGTG,BHLHE40_pDS258,5.219334602355957,13201.0,2921,37.800167
GTACGTGACTCCCA,SPI1_pDS255,5.740572452545166,13889.0,2991,37.791534
GTACGTGATCTACT,62(mod)_pBA581,6.030854225158691,8635.0,2346,35.610886
GTACGTGATTAGGC,BHLHE40_pDS258,6.477985382080078,7560.0,2069,46.14469
GTACGTGATTTCTG,BHLHE40_pDS258,5.269567966461182,9820.0,2512,38.08554
GTACTTTGGGATTC,BHLHE40_pDS258,7.575077056884766,8907.0,2580,35.31657
GTACTTTGGGTCTA,62(mod)_pBA581,5.6753387451171875,10030.0,2489,40.279163
GTACTTTGTGAGCT,CREB1_pDS269,4.649370193481445,17467.0,3261,37.79699
GTACTTTGTTTCAC,EP300_pDS268,5.244611740112305,12499.0,2855,39.152
GTAGACTGTAGCCA,DDIT3_pDS263,5.7494893074035645,11855.0,2799,38.680836
GTAGCAACAGATGA,62(mod)_pBA581,4.897259712219238,10043.0,2417,37.455196
GTAGCAACAGGTCT,62(mod)_pBA581,4.946988582611084,14900.0,3194,36.228188
GTAGCAACGCTATG,62(mod)_pBA581,5.764326095581055,12373.0,3011,33.662006
GTAGCAACTCATTC,EP300_pDS268,5.440220832824707,11504.0,2665,42.202713
GTAGCATGAGTCGT,CREB1_pDS269,5.278316020965576,11009.0,2721,36.897083
GTAGCATGTCCGTC,62(mod)_pBA581,5.0179829597473145,13121.0,2926,35.86617
GTAGCATGTGCTGA,DDIT3_pDS263,6.913026809692383,8843.0,2566,31.388512
GTAGCCCTGCGAGA,SNAI1_pDS266,5.321603775024414,11982.0,2913,32.412586
GTAGCCCTGTGCTA,62(mod)_pBA581,5.137174606323242,12246.0,2889,36.93966
GTAGCTGAAAAGTG,62(mod)_pBA581,5.979804515838623,9381.0,2413,36.26479
GTAGCTGAGCTAAC,BHLHE40_pDS258,5.517830848693848,11809.0,2579,42.967228
GTAGCTGATTGCTT,62(mod)_pBA581,4.822487831115723,11621.0,2656,37.824814
GTAGGTACCAAAGA,SNAI1_pDS266,5.927008628845215,9117.0,2599,30.631718
GTAGGTACTAACCG,CREB1_pDS269,7.181338787078857,7151.0,1957,40.785793
GTAGTCGACTCGAA,DDIT3_pDS263,6.051137447357178,9092.0,2522,37.046406
GTAGTCGAGCATCA,62(mod)_pBA581,5.196284770965576,16166.0,3317,38.362095
GTAGTGACACGTGT,ZNF326_pDS262,6.051212310791016,8827.0,2323,38.94868
GTAGTGACCCAAGT,62(mod)_pBA581,5.5529279708862305,7995.0,2248,34.17959
GTAGTGACCCTTGC,EP300_pDS268,6.10107421875,7174.0,2094,36.49289
GTAGTGACCGACAT,DDIT3_pDS263,5.643214225769043,9294.0,2402,36.873253
GTAGTGACTCGTTT,62(mod)_pBA581,8.206677436828613,3530.0,1435,33.861835
GTAGTGTGGATAAG,62(mod)_pBA581,6.690889835357666,7604.0,2143,38.057053
GTAGTGTGGCGTAT,DDIT3_pDS263,5.972653865814209,8855.0,2376,36.122402
GTATCACTAAGCAA,SNAI1_pDS266,5.2041521072387695,10050.0,2662,33.243782
GTATCACTTGCAGT,62(mod)_pBA581,4.714874744415283,13445.0,3027,34.25554
GTATCTACACAGCT,62(mod)_pBA581,6.137691020965576,7919.0,2196,36.70918
GTATCTACATGTCG,EP300_pDS268,7.298907279968262,6181.0,2078,33.069084
GTATCTACGGACTT,BHLHE40_pDS258,5.08182430267334,12060.0,2839,37.29685
GTATCTACTGCACA,62(mod)_pBA581,4.593639373779297,12455.0,2784,37.50803
GTATCTACTTATCC,SPI1_pDS255,6.6690521240234375,8222.0,2407,34.96291
GTATGGTGACGGGA,ZNF326_pDS262,5.2010016441345215,11402.0,2755,34.438305
GTATGGTGAGGTCT,DDIT3_pDS263,5.742227554321289,11697.0,2768,32.803284
GTATGGTGCACTTT,ZNF326_pDS262,5.943518161773682,9913.0,2543,36.867058
GTATGGTGGCCATA,62(mod)_pBA581,6.2689080238342285,8396.0,2372,34.512325
GTATGGTGGTGTCA,BHLHE40_pDS258,6.583109378814697,8875.0,2470,32.8338
GTATGGTGTACAGC,CREB1_pDS269,6.151840686798096,9373.0,2488,33.571583
GTATTAGAGGATTC,DDIT3_pDS263,7.885488986968994,3662.0,1530,29.49208
GTATTAGATGTGAC,SNAI1_pDS266,5.894623756408691,10668.0,2650,35.073578
GTATTCACACACAC,CREB1_pDS269,5.0274529457092285,14565.0,3031,37.143837
GTATTCACACCCTC,DDIT3_pDS263,4.736845016479492,12292.0,2834,35.014645
GTATTCACCGAGAG,BHLHE40_pDS258,5.554243087768555,11028.0,2555,37.896645
GTATTCACCGTCTC,SPI1_pDS255,6.6938395500183105,7194.0,2164,37.109104
GTATTCACCTGATG,62(mod)_pBA581,4.720822811126709,14659.0,3014,35.32983
GTATTCACTCCGTC,ZNF326_pDS262,4.880892753601074,11404.0,2655,36.24167
GTATTCACTTCTAC,62(mod)_pBA581,5.59801721572876,10327.0,2584,34.340206
GTCAACGAAATCGC,SPI1_pDS255,6.249568462371826,6800.0,2078,38.3326
GTCAACGACTCAGA,CREB1_pDS269,9.468904495239258,6990.0,2134,39.72544
GTCAACGAGACAAA,SPI1_pDS255,6.3925957679748535,9290.0,2473,35.651237
GTCAACGATCACCC,BHLHE40_pDS258,5.889724254608154,12038.0,3047,31.41718
GTCAATCTAGATCC,EP300_pDS268,5.603499889373779,11627.0,2688,39.133053
GTCAATCTAGCAAA,62(mod)_pBA581,5.104738712310791,14279.0,3139,36.087963
GTCAATCTCCGATA,62(mod)_pBA581,6.828212261199951,9311.0,2420,36.23671
GTCAATCTGCGTTA,CREB1_pDS269,4.830870628356934,15052.0,3103,39.031357
GTCAATCTTGTTTC,62(mod)_pBA581,6.463850975036621,9100.0,2513,31.86463
GTCACAGACCGTTC,BHLHE40_pDS258,5.7786970138549805,14103.0,2928,41.463413
GTCACAGAGATAGA,EP300_pDS268,4.839813232421875,14650.0,3129,39.93174
GTCACAGAGTATCG,CREB1_pDS269,7.858996868133545,2804.0,1226,34.843082
GTCACCTGAAAGCA,SNAI1_pDS266,5.524066925048828,9591.0,2577,35.783546
GTCACCTGGGTTTG,62(mod)_pBA581,6.2468156814575195,8006.0,2356,32.48002
GTCATACTAAGTAG,CREB1_pDS269,4.951318264007568,10705.0,2609,36.123306
GTCATACTAATGCC,EP300_pDS268,6.148602485656738,10530.0,2921,28.82917
GTCATACTGAGGCA,SPI1_pDS255,5.615504264831543,11598.0,2798,34.27315
GTCATACTGTCCTC,BHLHE40_pDS258,5.482052326202393,10227.0,2525,36.49164
GTCATACTGTGCAT,EP300_pDS268,4.676899433135986,14952.0,3070,37.36543
GTCATACTTGGTGT,62(mod)_pBA581,9.044514656066895,3063.0,1507,22.135162
GTCATACTTTCCGC,SPI1_pDS255,6.040349960327148,9130.0,2479,34.895947
GTCCAAGAAACGTC,BHLHE40_pDS258,5.673789978027344,9740.0,2593,34.37019
GTCCAAGAGCTCCT,62(mod)_pBA581,5.375710964202881,9437.0,2453,36.197945
GTCCAAGAGCTGTA,SPI1_pDS255,5.338747501373291,13048.0,3230,33.10852
GTCCACACAAACGA,BHLHE40_pDS258,7.79252815246582,4379.0,1579,37.634163
GTCCACACAAAGTG,62(mod)_pBA581,6.314816474914551,8627.0,2482,35.73664
GTCCACACAGCCAT,SPI1_pDS255,5.545414447784424,10109.0,2644,36.267433
GTCCACACATTTCC,SPI1_pDS255,6.414658546447754,11805.0,2842,39.127487
GTCCACACGGTGTT,DDIT3_pDS263,5.326528549194336,15376.0,3186,39.951874
GTCCACACTCGCAA,ZNF326_pDS262,5.103971481323242,13170.0,2903,36.864086
GTCCACACTGCAGT,62(mod)_pBA581,5.0023884773254395,13087.0,2947,38.748375
GTCCACTGAGTAGA,CREB1_pDS269,6.069597244262695,8710.0,2518,38.10125
GTCCACTGTTGACG,62(mod)_pBA581,5.386488437652588,10438.0,2621,36.779076
GTCCAGCTTCAGGT,CREB1_pDS269,6.224130630493164,12167.0,2925,36.94116
GTCCCATGACGGGA,CREB1_pDS269,4.760925769805908,13662.0,3016,37.593323
GTCGAATGCATTGG,CREB1_pDS269,8.326095581054688,6201.0,2377,20.964361
GTCGAATGTAGAGA,DDIT3_pDS263,5.125858306884766,10572.0,2782,31.526674
GTCGAATGTCGACA,SNAI1_pDS266,5.886020183563232,8824.0,2398,34.9728
GTCGAATGTGTTTC,SNAI1_pDS266,5.367895126342773,12049.0,2840,37.513485
GTCGACCTACACTG,SNAI1_pDS266,5.772579193115234,9440.0,2518,35.32839
GTCGACCTTCCGAA,SPI1_pDS255,4.418251991271973,17011.0,3274,35.25366
GTCGACCTTTTCGT,ZNF326_pDS262,6.034992694854736,9460.0,2479,38.66399
GTCGCACTAGGGTG,DDIT3_pDS263,5.645700454711914,8859.0,2416,34.17993
GTCGCACTTACTGG,SPI1_pDS255,5.588667392730713,12078.0,2691,35.29801
GTCTAACTATCTTC,62(mod)_pBA581,5.654285430908203,14349.0,3124,40.836235
GTCTAGGAAGAATG,SPI1_pDS255,5.608084678649902,12995.0,3025,33.502617
GTCTAGGAAGATGA,62(mod)_pBA581,5.7268829345703125,11279.0,2801,37.828014
GTCTAGGAGGTATC,62(mod)_pBA581,4.410834312438965,13073.0,3038,35.36296
GTCTAGGATTAGGC,62(mod)_pBA581,6.327669143676758,6340.0,1997,33.359623
GTCTGAGAACACTG,SNAI1_pDS266,11.702723503112793,3368.0,1477,31.977434
GTCTGAGACGACTA,62(mod)_pBA581,6.162855625152588,7778.0,2081,36.08897
GTCTGAGACTGGTA,EP300_pDS268,5.606799125671387,10665.0,2728,36.652603
GTCTGAGATCTTAC,CREB1_pDS269,5.205716609954834,9676.0,2471,38.952045
GTGAACACGAACCT,EP300_pDS268,5.246805667877197,9963.0,2571,39.69688
GTGAACACGAAGGC,SPI1_pDS255,5.9209723472595215,8140.0,2354,36.752243
GTGAACACTCCTGC,SNAI1_pDS266,5.0441083908081055,10942.0,2740,34.13743
GTGAACACTGCTGA,EP300_pDS268,5.413187026977539,11829.0,2828,36.275257
GTGAACACTTTGCT,SNAI1_pDS266,6.58840799331665,7932.0,2187,38.80484
GTGACAACATCGGT,62(mod)_pBA581,6.160488128662109,10168.0,2590,35.52321
GTGACAACGGTAAA,EP300_pDS268,7.046320915222168,8752.0,2314,40.927788
GTGACAACTCTCTA,62(mod)_pBA581,7.042133808135986,5358.0,1977,29.824562
GTGACCCTAACAGA,DDIT3_pDS263,6.213498592376709,8408.0,2407,36.91722
GTGACCCTCATGCA,DDIT3_pDS263,5.9309773445129395,9793.0,2504,40.283875
GTGACCCTCCACAA,ZNF326_pDS262,5.792767524719238,9768.0,2527,34.889435
GTGACCCTGGAACG,62(mod)_pBA581,5.374916076660156,9416.0,2331,39.772728
GTGAGGGAAGGGTG,62(mod)_pBA581,5.5532073974609375,9450.0,2471,34.43386
GTGAGGGAAGGTTC,SNAI1_pDS266,5.003857135772705,13817.0,2975,38.59738
GTGAGGGAAGTCTG,BHLHE40_pDS258,5.793976306915283,8657.0,2342,36.705936
GTGAGGGAGAATGA,SNAI1_pDS266,6.017748832702637,11244.0,2838,34.530903
GTGAGGGAGGTGGA,BHLHE40_pDS258,6.582831382751465,9847.0,2709,34.318207
GTGAGGGAGTCCTC,BHLHE40_pDS258,5.137396335601807,11888.0,2679,38.82907
GTGATGACCCCGTT,ZNF326_pDS262,5.917418956756592,8378.0,2336,36.536167
GTGATGACCCCTTG,62(mod)_pBA581,8.80429458618164,7583.0,2224,33.33773
GTGATGACCGAGTT,62(mod)_pBA581,4.776758670806885,16234.0,3322,38.610325
GTGATGACGGTACT,62(mod)_pBA581,5.065374374389648,11306.0,2818,36.29931
GTGATTCTACTACG,CREB1_pDS269,5.708530426025391,9025.0,2380,36.70914
GTGATTCTACTCTT,62(mod)_pBA581,7.0645012855529785,3534.0,1325,39.303905
GTGATTCTAGCACT,BHLHE40_pDS258,6.011954307556152,10948.0,2710,37.14834
GTGCAAACATACCG,EP300_pDS268,4.78916072845459,17197.0,3395,43.94371
GTGCAAACCCTTAT,CREB1_pDS269,5.395471096038818,13670.0,3033,36.78859
GTGCAAACCTGCTC,DDIT3_pDS263,6.335501670837402,4599.0,1621,39.35638
GTGCAAACGAATCC,62(mod)_pBA581,5.938117980957031,10625.0,2745,37.317646
GTGCAAACTGGATC,62(mod)_pBA581,7.2473554611206055,7520.0,2142,37.39697
GTGCCACTCTACCC,CREB1_pDS269,4.95426082611084,13841.0,3066,35.387615
GTGCCACTCTGAAC,62(mod)_pBA581,5.345118999481201,12118.0,2842,37.024506
GTGCCACTGCGAGA,BHLHE40_pDS258,6.6715407371521,9264.0,2722,31.883432
GTGCTAGAACCCAA,EP300_pDS268,6.717897891998291,15350.0,3360,37.300503
GTGCTAGATCCCAC,DDIT3_pDS263,5.478880882263184,11930.0,2882,39.90445
GTGCTAGATTATCC,SPI1_pDS255,8.653374671936035,4839.0,1785,29.964869
GTGGAGGAAAGGGC,SNAI1_pDS266,6.591996192932129,7841.0,2531,28.593292
GTGGAGGAGGATTC,62(mod)_pBA581,6.365930557250977,8148.0,2217,34.81836
GTGGAGGATCTACT,62(mod)_pBA581,5.2868242263793945,14625.0,3135,40.685036
GTGGAGGATCTCAT,62(mod)_pBA581,4.872074127197266,15958.0,3465,33.40644
GTGGATTGGGATCT,BHLHE40_pDS258,5.147356033325195,11712.0,2750,38.106216
GTGGATTGGTTGTG,SPI1_pDS255,6.073571681976318,9517.0,2451,39.174282
GTGGATTGTGGTGT,CREB1_pDS269,5.936483383178711,11074.0,2693,35.4795
GTGGTAACACTCAG,EP300_pDS268,6.2291975021362305,8648.0,2508,28.411194
GTGGTAACTCAGGT,BHLHE40_pDS258,5.4345574378967285,12282.0,2973,32.46214
GTGGTAACTCTCCG,EP300_pDS268,5.556259632110596,9516.0,2472,38.31442
GTGTACGACGCCTT,62(mod)_pBA581,5.756545066833496,10845.0,2741,36.652836
GTGTACGACGCTAA,ZNF326_pDS262,4.947872638702393,10547.0,2626,34.65112
GTGTACGACTCTTA,CREB1_pDS269,4.757882118225098,20767.0,3810,35.63827
GTGTACGAGGTAGG,62(mod)_pBA581,6.923501491546631,7003.0,2019,37.483936
GTGTACGAGTGCTA,SNAI1_pDS266,6.1293463706970215,10107.0,2587,32.146038
GTGTAGTGAAGAAC,62(mod)_pBA581,5.6772074699401855,8755.0,2365,39.07035
GTGTAGTGCCTCCA,DDIT3_pDS263,6.2490105628967285,10080.0,2546,37.575638
GTGTAGTGGCTTCC,BHLHE40_pDS258,5.592870712280273,10507.0,2748,34.04073
GTGTAGTGGTTGAC,62(mod)_pBA581,6.410690784454346,5550.0,1836,38.73874
GTGTAGTGTGATGC,62(mod)_pBA581,7.9981889724731445,3948.0,1531,36.524822
GTGTAGTGTTCACT,ZNF326_pDS262,5.255528926849365,8439.0,2349,35.85733
GTGTATCTAGAATG,SNAI1_pDS266,6.233556270599365,11014.0,2709,38.305794
GTGTATCTCGCCTT,SPI1_pDS255,5.721030235290527,13321.0,3052,35.62045
GTGTATCTCTAGCA,DDIT3_pDS263,5.179004192352295,11259.0,2643,36.05116
GTGTATCTGGTTAC,ZNF326_pDS262,6.262333393096924,11256.0,2635,40.43177
GTGTATCTGTATCG,CREB1_pDS269,5.530011177062988,6111.0,1929,38.946163
GTGTCAGAGAAGGC,BHLHE40_pDS258,5.210616588592529,12446.0,2908,38.986183
GTGTCAGAGTTTGG,DDIT3_pDS263,7.128432273864746,7934.0,2299,31.648602
GTGTCAGATCGTTT,62(mod)_pBA581,4.945719242095947,12782.0,2867,36.70213
GTGTGATGAACAGA,SPI1_pDS255,6.564784526824951,9566.0,2547,35.019863
GTGTGATGATGACC,SPI1_pDS255,5.445295333862305,10888.0,2781,36.462162
GTGTGATGATGGTC,DDIT3_pDS263,4.941409587860107,14128.0,3077,34.293602
GTGTGATGCCTCCA,DDIT3_pDS263,5.684561729431152,8677.0,2277,39.760284
GTGTGATGCTAGAC,SPI1_pDS255,7.9615373611450195,5534.0,1973,28.94832
GTGTGATGTGTCTT,EP300_pDS268,5.3488240242004395,9683.0,2462,37.591656
GTTAAAACCAGTTG,SPI1_pDS255,6.199755668640137,9404.0,2427,37.0268
GTTAAAACCGAGAG,BHLHE40_pDS258,6.567440032958984,6772.0,2116,32.294743
GTTAAAACGAGGGT,62(mod)_pBA581,6.29893684387207,8324.0,2314,32.976933
GTTAAATGAAAGTG,ZNF326_pDS262,5.345525741577148,10634.0,2567,40.90268
GTTAAATGAGATCC,CREB1_pDS269,6.852219104766846,8050.0,2124,42.36025
GTTAAATGAGCTAC,62(mod)_pBA581,6.163985729217529,6958.0,2128,32.80644
GTTAAATGATGGTC,SPI1_pDS255,7.984058380126953,7371.0,2373,31.37122
GTTAAATGATTCCT,62(mod)_pBA581,5.199286460876465,12711.0,2986,33.870842
GTTAAATGGAACTC,CREB1_pDS269,5.47615385055542,13852.0,3299,30.202845
GTTAAATGGCTGTA,SNAI1_pDS266,5.64398717880249,10171.0,2572,34.71635
GTTAAATGGGCATT,CREB1_pDS269,6.381983757019043,8651.0,2369,36.920586
GTTAAATGTTTCAC,BHLHE40_pDS258,5.256901264190674,11664.0,2749,37.405693
GTTAACCTACGTTG,62(mod)_pBA581,5.4585161209106445,11738.0,2874,33.99216
GTTAACCTCACAAC,CREB1_pDS269,5.346343040466309,7937.0,2247,37.72206
GTTAACCTGGTCTA,EP300_pDS268,4.985891819000244,10127.0,2492,37.80235
GTTAACCTGGTTAC,62(mod)_pBA581,5.395306587219238,11849.0,2785,39.63713
GTTAACCTTACGCA,BHLHE40_pDS258,11.079548835754395,6640.0,2237,34.000603
GTTACGGAACGCAT,62(mod)_pBA581,5.415824890136719,10777.0,2643,37.737774
GTTACGGAAGCACT,ZNF326_pDS262,5.533426284790039,11366.0,2796,33.098717
GTTACGGACGGGAA,CREB1_pDS269,5.946459770202637,9340.0,2535,30.342613
GTTACTACCGTACA,62(mod)_pBA581,5.47853422164917,10585.0,2610,38.05385
GTTACTACCTATTC,EP300_pDS268,5.630590915679932,11733.0,2692,38.09767
GTTACTACGAAACA,EP300_pDS268,7.4315619468688965,3813.0,1508,35.116707
GTTACTACTTCTCA,DDIT3_pDS263,5.3393731117248535,11726.0,2811,36.056625
GTTAGGTGACGCTA,62(mod)_pBA581,5.104752540588379,16074.0,3257,39.56454
GTTAGGTGAGTCTG,ZNF326_pDS262,5.7141571044921875,9074.0,2299,39.58563
GTTAGGTGGTATCG,SNAI1_pDS266,4.81846284866333,9969.0,2589,34.657436
GTTAGGTGGTTCTT,BHLHE40_pDS258,5.259907245635986,10267.0,2543,36.37869
GTTAGGTGTCTCTA,62(mod)_pBA581,6.136166572570801,9565.0,2540,33.723606
GTTAGTCTACTTTC,EP300_pDS268,7.529584884643555,7024.0,2267,32.21811
GTTAGTCTCAACCA,ZNF326_pDS262,5.562109470367432,11402.0,2746,36.80056
GTTAGTCTCCTGAA,DDIT3_pDS263,5.580000877380371,16573.0,3491,35.60007
GTTAGTCTCTCAGA,62(mod)_pBA581,5.036487579345703,11864.0,2821,34.67341
GTTAGTCTGCCTTC,SPI1_pDS255,6.355716705322266,9101.0,2507,34.223248
GTTAGTCTGTCGTA,ZNF326_pDS262,5.347388744354248,9984.0,2540,35.6871
GTTATAGACAAGCT,62(mod)_pBA581,5.675538539886475,11003.0,2665,38.585968
GTTATAGATTGAGC,62(mod)_pBA581,6.539088726043701,8276.0,2396,30.727404
GTTATCTGATCACG,BHLHE40_pDS258,5.0572733879089355,9796.0,2374,37.137608
GTTATCTGCACTTT,62(mod)_pBA581,6.893612384796143,8587.0,2471,31.59427
GTTATCTGTCCTAT,62(mod)_pBA581,5.926180839538574,8653.0,2503,28.899931
GTTATCTGTCTGGA,62(mod)_pBA581,7.691936492919922,9867.0,2688,38.096687
GTTATGCTCAACTG,BHLHE40_pDS258,5.710514545440674,10965.0,2579,36.558453
GTTATGCTGAGCAG,62(mod)_pBA581,5.434511661529541,12654.0,2750,42.291584
GTTATGCTGCGAAG,EP300_pDS268,6.37235689163208,8928.0,2454,34.561543
GTTATGCTTCTCTA,CREB1_pDS269,5.602514743804932,9628.0,2613,35.548862
GTTCAACTGCAAGG,62(mod)_pBA581,7.742194175720215,5760.0,1812,36.38889
GTTCAACTGGGTGA,SNAI1_pDS266,6.010910511016846,10893.0,2605,33.985126
GTTCAGGAACAGTC,SPI1_pDS255,6.195155620574951,10527.0,2787,30.217535
GTTCAGGAGCCATA,SNAI1_pDS266,5.500110626220703,10327.0,2691,33.830364
GTTCAGGAGCGGAA,CREB1_pDS269,5.2701849937438965,10648.0,2701,34.754436
GTTCAGGATGTGGT,62(mod)_pBA581,5.791135787963867,9362.0,2399,36.19953
GTTCATACCACTGA,SPI1_pDS255,6.280293941497803,10165.0,2813,32.188885
GTTCATACCCTGTC,ZNF326_pDS262,5.510037899017334,7229.0,2156,31.373634
GTTCATACCGGTAT,BHLHE40_pDS258,6.910653114318848,8014.0,2285,39.089207
GTTGACGACTAGAC,62(mod)_pBA581,5.269959449768066,9463.0,2350,36.13019
GTTGACGACTCAAG,SPI1_pDS255,5.821389675140381,9866.0,2757,31.370363
GTTGACGAGGAGGT,62(mod)_pBA581,5.866311550140381,11783.0,2774,36.235573
GTTGAGTGCCCTTG,SPI1_pDS255,6.286948204040527,7142.0,2174,35.606274
GTTGAGTGGGACTT,BHLHE40_pDS258,6.3656511306762695,12657.0,2850,37.659977
GTTGAGTGTGACTG,EP300_pDS268,5.336644649505615,11668.0,2883,38.98363
GTTGATCTCGAATC,SPI1_pDS255,6.5225677490234375,7888.0,2204,38.243122
GTTGATCTCGGGAA,62(mod)_pBA581,4.559257507324219,9427.0,2352,40.36279
GTTGATCTCGTGAT,ZNF326_pDS262,5.741800785064697,11085.0,2734,40.270638
GTTGATCTCTTGTT,DDIT3_pDS263,5.025729179382324,15722.0,3350,38.710087
GTTGATCTGGGACA,SPI1_pDS255,5.545933246612549,9811.0,2688,33.387688
GTTGATCTGGGAGT,62(mod)_pBA581,5.5356903076171875,14785.0,3098,42.6581
GTTGATCTGGTCTA,62(mod)_pBA581,5.011548042297363,13964.0,2845,43.02492
GTTGATCTTGTCCC,BHLHE40_pDS258,6.646406650543213,9966.0,2449,35.671284
GTTGGATGACTGGT,62(mod)_pBA581,6.970344066619873,10240.0,2637,40.503857
GTTGGATGAGACTC,BHLHE40_pDS258,6.073594093322754,7484.0,2111,38.989845
GTTGGATGCCTCAC,EP300_pDS268,5.17914342880249,15078.0,3180,36.991844
GTTGGATGTGTGCA,EP300_pDS268,6.389565944671631,9718.0,2677,28.727236
GTTGTACTACCTTT,BHLHE40_pDS258,5.903054237365723,11221.0,2753,35.22859
GTTGTACTGCAAGG,BHLHE40_pDS258,6.431596279144287,7290.0,2137,35.015774
GTTTAAGACTCTTA,62(mod)_pBA581,5.126091480255127,9131.0,2428,36.994854
GTTTAAGATACGCA,62(mod)_pBA581,5.2284674644470215,9160.0,2429,34.646873
GTTTAAGATCGACA,62(mod)_pBA581,4.926753044128418,13818.0,3033,37.248516
GTTTAAGATTACTC,62(mod)_pBA581,5.655267715454102,16907.0,3490,35.809334
GTTTAAGATTTGCT,62(mod)_pBA581,4.961921215057373,14440.0,3029,39.595596
TAAACAACGACACT,EP300_pDS268,6.781291961669922,4713.0,1651,38.44685
TAAACAACGGCAAG,CREB1_pDS269,5.543708324432373,12337.0,2936,38.60744
TAAACAACGTACGT,62(mod)_pBA581,6.974456310272217,7168.0,2277,34.793526
TAAACAACTCTCCG,BHLHE40_pDS258,6.788199424743652,5080.0,1708,40.405434
TAAAGACTAAGCAA,BHLHE40_pDS258,5.349015235900879,11702.0,2737,35.096565
TAAAGACTACGTAC,62(mod)_pBA581,5.532707214355469,12265.0,3010,35.871513
TAAAGACTATCGTG,SPI1_pDS255,6.943995475769043,7971.0,2345,38.033115
TAAAGACTCTTGCC,CREB1_pDS269,4.890249729156494,13916.0,3111,33.338123
TAAAGACTGAGCTT,SNAI1_pDS266,5.378332614898682,11367.0,2575,34.588318
TAAAGACTTAGAGA,SPI1_pDS255,5.644518852233887,12257.0,2862,41.029617
TAAAGTTGAGCACT,ZNF326_pDS262,4.722651481628418,14363.0,2978,35.178223
TAAAGTTGCGCAAT,EP300_pDS268,5.624909400939941,10403.0,2794,29.058926
TAAAGTTGCTCAAG,62(mod)_pBA581,5.882430553436279,9168.0,2616,30.59555
TAAAGTTGCTGTTT,EP300_pDS268,6.306248188018799,6646.0,2050,36.106514
TAAAGTTGTTCCAT,SPI1_pDS255,5.546754837036133,14102.0,3030,37.228764
TAAATCGACAGATC,62(mod)_pBA581,5.608983039855957,12048.0,2919,31.723108
TAAATCGAGGACGA,62(mod)_pBA581,5.286484718322754,11101.0,2906,30.94037
TAAATCGAGTCAAC,SNAI1_pDS266,6.354928016662598,6384.0,2206,28.38346
TAAATCGATATCTC,DDIT3_pDS263,8.950026512145996,8970.0,2649,30.301003
TAAATCGATTATCC,DDIT3_pDS263,5.513718128204346,12039.0,2810,40.742588
TAAATGTGAGAATG,CREB1_pDS269,4.588167190551758,15924.0,3138,37.733124
TAAATGTGGGACTT,BHLHE40_pDS258,4.963842391967773,14942.0,3234,36.467674
TAAATGTGGGTAAA,DDIT3_pDS263,7.10369348526001,8351.0,2533,28.403784
TAAATGTGGGTGAG,BHLHE40_pDS258,5.892640590667725,7440.0,2177,35.873657
TAACAATGAGCACT,DDIT3_pDS263,6.156994342803955,9360.0,2382,37.63487
TAACAATGCCTCCA,62(mod)_pBA581,7.023558139801025,7777.0,2235,34.949207
TAACAATGGCCAAT,62(mod)_pBA581,5.197460651397705,13735.0,3142,34.507862
TAACAATGGCCATA,EP300_pDS268,5.486818790435791,13986.0,2966,39.45374
TAACAATGTGGTCA,CREB1_pDS269,7.485042095184326,7956.0,2281,37.01609
TAACAATGTTGCTT,DDIT3_pDS263,5.037288188934326,12585.0,2927,36.678585
TAACACCTCTACTT,ZNF326_pDS262,6.8704609870910645,6529.0,1904,41.216114
TAACACCTGTATGC,ZNF326_pDS262,4.849884033203125,14444.0,3214,34.858765
TAACATGAAAGAAC,SNAI1_pDS266,5.638055801391602,11370.0,2733,36.35884
TAACATGAAGACTC,62(mod)_pBA581,6.1912150382995605,8857.0,2571,31.726318
TAACATGAGTTTCT,SNAI1_pDS266,6.5007405281066895,8233.0,2408,30.81127
TAACCGGAAAAACG,62(mod)_pBA581,5.677255153656006,9994.0,2628,35.747875
TAACCGGAAACGAA,EP300_pDS268,5.350986480712891,13593.0,3121,36.040607
TAACCGGACGATAC,SPI1_pDS255,6.710714817047119,5683.0,1895,32.97554
TAACCGGACGGTAT,DDIT3_pDS263,8.322810173034668,4348.0,1692,28.058878
TAACCGGAGGTTAC,62(mod)_pBA581,7.100449562072754,7183.0,2184,36.683838
TAACGTCTAAGGGC,SNAI1_pDS266,6.640574932098389,5557.0,1857,35.534367
TAACGTCTAGCATC,BHLHE40_pDS258,5.15982723236084,14173.0,3126,35.341846
TAACGTCTCGTTAG,SNAI1_pDS266,5.316055774688721,8255.0,2260,38.207146
TAACGTCTGCTATG,CREB1_pDS269,7.611057758331299,7922.0,2530,29.559511
TAACTAGACCCGTT,CREB1_pDS269,5.80205774307251,10272.0,2618,36.67251
TAACTAGATGGGAG,ZNF326_pDS262,5.101572036743164,11159.0,2564,38.85653
TAAGAACTCTCCAC,62(mod)_pBA581,6.49573278427124,9208.0,2478,36.73979
TAAGAACTGCAGTT,SPI1_pDS255,4.637335777282715,13675.0,2954,41.074955
TAAGAACTGTATCG,EP300_pDS268,6.578349590301514,7030.0,2090,37.027027
TAAGAACTTCTCTA,SNAI1_pDS266,8.462442398071289,2395.0,1166,28.35073
TAAGAGGAAAGGCG,62(mod)_pBA581,4.795449256896973,9207.0,2563,29.604692
TAAGAGGACGCAAT,SNAI1_pDS266,14.755489349365234,5029.0,1960,22.372343
TAAGAGGACTTGAG,BHLHE40_pDS258,6.338881492614746,7889.0,2182,38.49664
TAAGAGGAGACACT,62(mod)_pBA581,4.8302741050720215,12319.0,2963,34.826717
TAAGAGGATCTATC,62(mod)_pBA581,5.453312873840332,11694.0,2786,40.29072
TAAGAGGATGAGCT,SNAI1_pDS266,4.577575206756592,13403.0,2922,38.722675
TAAGATACGGGATG,ZNF326_pDS262,4.987024784088135,12106.0,2758,38.840244
TAAGATTGACAGCT,ZNF326_pDS262,8.270074844360352,3156.0,1275,32.129276
TAAGATTGAGAAGT,ZNF326_pDS262,5.652978420257568,14383.0,3086,40.902454
TAAGATTGCAAAGA,DDIT3_pDS263,5.479435443878174,9596.0,2402,37.442684
TAAGATTGCTCATT,62(mod)_pBA581,7.650845050811768,7819.0,2324,31.615295
TAAGATTGTACGCA,62(mod)_pBA581,6.1860857009887695,9276.0,2432,35.6188
TAAGCGTGCCTACC,62(mod)_pBA581,6.946892261505127,7709.0,2349,31.09843
TAAGCGTGCGTGTA,EP300_pDS268,5.817859649658203,8644.0,2384,35.9093
TAAGCGTGGGTGGA,SNAI1_pDS266,5.6919097900390625,8792.0,2384,37.279655
TAAGCTCTACAGCT,SNAI1_pDS266,5.990540027618408,8387.0,2187,39.37768
TAAGCTCTCAGGAG,62(mod)_pBA581,5.846359729766846,12763.0,2861,38.204185
TAAGCTCTCTTACT,ZNF326_pDS262,5.466959476470947,9622.0,2462,37.071297
TAAGCTCTGAACCT,SNAI1_pDS266,6.858236789703369,3645.0,1338,40.90535
TAAGCTCTGTGAGG,SNAI1_pDS266,5.91239595413208,10988.0,2660,38.44754
TAAGCTCTGTTTCT,62(mod)_pBA581,5.806629180908203,10418.0,2576,36.657707
TAAGCTCTTCGCAA,DDIT3_pDS263,6.426855564117432,7514.0,2090,41.80197
TAAGCTCTTTGCAG,62(mod)_pBA581,6.031185626983643,8490.0,2263,35.98351
TAAGGCTGAGAACA,62(mod)_pBA581,5.746846675872803,13648.0,3151,29.137667
TAAGGCTGAGGTCT,62(mod)_pBA581,6.286436557769775,9385.0,2583,31.081512
TAAGGCTGGGAAAT,SNAI1_pDS266,5.210555076599121,10932.0,2697,35.620197
TAAGGCTGGGTAAA,CREB1_pDS269,5.885852336883545,10365.0,2731,34.29481
TAAGGGCTACGTTG,62(mod)_pBA581,5.176432132720947,11519.0,2721,36.918404
TAAGGGCTCAGAAA,BHLHE40_pDS258,5.275035381317139,11632.0,2782,31.872099
TAAGGGCTTGCTTT,SPI1_pDS255,6.693687438964844,8938.0,2487,37.390915
TAAGGGCTTGGTTG,CREB1_pDS269,6.793992519378662,7960.0,2320,35.78696
TAAGTAACGATACC,EP300_pDS268,5.3952813148498535,10229.0,2721,33.81562
TAAGTAACTGTCTT,CREB1_pDS269,6.888899803161621,7758.0,2287,35.988655
TAAGTCCTGACAAA,DDIT3_pDS263,4.940493106842041,13970.0,3040,35.418755
TAAGTCCTGGTAAA,62(mod)_pBA581,5.535789489746094,11874.0,2873,33.41755
TAAGTCCTTGTCAG,CREB1_pDS269,4.740403175354004,14611.0,3108,36.082405
TAATCCACCACTCC,ZNF326_pDS262,4.991649627685547,17489.0,3416,39.256718
TAATCCACCCGTTC,ZNF326_pDS262,5.471975326538086,11382.0,2749,35.807785
TAATCCACGACGAG,CREB1_pDS269,5.505059242248535,11693.0,2819,34.807148
TAATCCACGCGAGA,ZNF326_pDS262,5.209028244018555,10985.0,2634,36.142715
TAATCCACGTTCTT,SNAI1_pDS266,5.578592777252197,10134.0,2493,42.441288
TAATCCACTACGAC,62(mod)_pBA581,6.319980621337891,10749.0,2574,39.15713
TAATCCACTAGACC,BHLHE40_pDS258,5.398288249969482,11944.0,2881,37.35454
TAATCCACTCGATG,CREB1_pDS269,4.968152046203613,11559.0,2740,36.94091
TAATCGCTATGGTC,CREB1_pDS269,5.69191837310791,9078.0,2415,34.80943
TAATCGCTGACAAA,BHLHE40_pDS258,5.147246360778809,14590.0,3188,36.947433
TAATCGCTGTAGGG,SNAI1_pDS266,5.330540657043457,13035.0,2935,37.652473
TAATGAACAAACAG,62(mod)_pBA581,5.512200355529785,9007.0,2381,39.846786
TAATGAACCATGGT,62(mod)_pBA581,5.624237060546875,10627.0,2644,37.724663
TAATGATGATGCCA,62(mod)_pBA581,5.548572540283203,9413.0,2543,32.993416
TAATGATGTTCGCC,BHLHE40_pDS258,4.858173370361328,19089.0,3628,37.293728
TAATGCCTCACAAC,EP300_pDS268,7.318110942840576,6410.0,2110,30.931211
TAATGCCTCCGCTT,BHLHE40_pDS258,6.1039814949035645,10008.0,2472,38.379295
TAATGTGACTTCTA,DDIT3_pDS263,7.05974006652832,2167.0,975,36.040607
TAATGTGAGATACC,62(mod)_pBA581,5.553654670715332,11331.0,2646,38.701138
TACAAATGGTCAAC,SNAI1_pDS266,5.774456977844238,11366.0,2791,36.749954
TACAAATGTGGAAA,BHLHE40_pDS258,5.399789810180664,13697.0,3095,35.148552
TACAATGACGTGTA,BHLHE40_pDS258,6.738681316375732,7568.0,2135,37.864975
TACAATGACTACGA,ZNF326_pDS262,5.831230640411377,10010.0,2577,35.374626
TACAATGAGAGCTT,ZNF326_pDS262,6.713608741760254,9034.0,2531,32.200577
TACACACTAGAGGC,ZNF326_pDS262,5.886124610900879,7916.0,2115,41.50562
TACACACTGGACAG,BHLHE40_pDS258,4.940634727478027,15385.0,3092,39.834915
TACACACTGGAGTG,SPI1_pDS255,5.4648613929748535,12278.0,2867,35.49438
TACACACTGTCTTT,62(mod)_pBA581,6.2986931800842285,10591.0,2636,39.986782
TACACACTTGTTTC,DDIT3_pDS263,6.8078508377075195,9788.0,2457,39.047813
TACATAGACTTCCG,SPI1_pDS255,6.103639602661133,8727.0,2462,32.48539
TACATAGACTTGCC,62(mod)_pBA581,6.921597957611084,9124.0,2478,35.744026
TACATAGAGTACAC,SNAI1_pDS266,6.2420172691345215,9335.0,2504,37.125107
TACATAGATTGCAG,SNAI1_pDS266,4.967303276062012,11855.0,2784,38.321384
TACATCACCTAGAC,62(mod)_pBA581,5.758523941040039,11115.0,2751,38.434547
TACATCACTACAGC,62(mod)_pBA581,5.6977434158325195,9185.0,2485,35.05716
TACCATTGACACTG,62(mod)_pBA581,6.185554504394531,9288.0,2631,32.224377
TACCATTGACCACA,SNAI1_pDS266,6.760011196136475,8788.0,2456,31.019571
TACCATTGCGTGAT,SPI1_pDS255,6.147539138793945,8032.0,2190,37.009834
TACCATTGCGTGTA,62(mod)_pBA581,6.357603549957275,7288.0,2139,35.555557
TACCATTGGACGTT,62(mod)_pBA581,7.1559953689575195,6941.0,2181,35.153435
TACCATTGGTGTAC,SPI1_pDS255,6.609408378601074,8282.0,2229,38.09466
TACCATTGTTTACC,SNAI1_pDS266,5.096373081207275,10769.0,2709,34.94289
TACCGAGAAGTACC,DDIT3_pDS263,7.6038618087768555,4398.0,1607,37.175987
TACCGAGAATGACC,62(mod)_pBA581,6.121514320373535,9600.0,2357,34.552082
TACCGAGACTGGAT,62(mod)_pBA581,5.55791711807251,8696.0,2342,36.90928
TACCGAGATCAGAC,62(mod)_pBA581,6.18978214263916,7376.0,2182,34.80206
TACCGCTGCATTTC,62(mod)_pBA581,6.983694076538086,8232.0,2196,37.062683
TACCGCTGGGTGTT,DDIT3_pDS263,4.372235298156738,23638.0,3806,42.806988
TACCGCTGGTTGGT,BHLHE40_pDS258,5.3411784172058105,11962.0,2849,36.549072
TACCGGCTGCTATG,DDIT3_pDS263,6.091027736663818,8134.0,2311,32.67765
TACCGGCTTTCATC,SNAI1_pDS266,6.877488613128662,5369.0,1850,34.33892
TACGACGAAAGCCT,62(mod)_pBA581,6.189193248748779,6878.0,1926,38.819424
TACGACGAAGTGTC,62(mod)_pBA581,6.02487850189209,10429.0,2675,36.356663
TACGACGACCGTAA,SPI1_pDS255,5.604123592376709,10352.0,2666,35.751545
TACGACGATAACCG,SNAI1_pDS266,6.501424312591553,7325.0,2153,32.82828
TACGAGACAGAAGT,ZNF326_pDS262,4.426218032836914,15842.0,3110,35.355385
TACGAGACGATAGA,CREB1_pDS269,5.803843021392822,11655.0,2704,37.24582
TACGAGACGTACGT,EP300_pDS268,5.784745216369629,11389.0,2545,37.641582
TACGAGACTCTCGC,62(mod)_pBA581,4.8856706619262695,17991.0,3515,37.04074
TACGAGACTGGTCA,EP300_pDS268,6.5561957359313965,8580.0,2299,36.3986
TACGAGTGTCCTTA,CREB1_pDS269,7.6433610916137695,7495.0,2084,40.76841
TACGAGTGTCTCGC,SPI1_pDS255,4.86323881149292,12952.0,2920,35.96078
TACGATCTAATGCC,CREB1_pDS269,6.245662689208984,9209.0,2396,35.258987
TACGATCTGGTTCA,SPI1_pDS255,5.7788825035095215,8318.0,2362,32.25535
TACGATCTTGGTAC,62(mod)_pBA581,5.320425510406494,14027.0,3241,34.31708
TACGATCTTTCGTT,62(mod)_pBA581,5.019758224487305,12070.0,2880,36.65286
TACGCAGAACCAGT,SNAI1_pDS266,4.466679096221924,23345.0,4174,37.057186
TACGCAGAAGTTCG,62(mod)_pBA581,6.157729148864746,8677.0,2420,31.56621
TACGCAGAATTCCT,62(mod)_pBA581,5.269220352172852,10147.0,2505,39.5743
TACGCAGAGACGAG,BHLHE40_pDS258,6.870076656341553,7315.0,2181,34.14901
TACGCAGATAGAAG,EP300_pDS268,5.390714168548584,10261.0,2549,36.51335
TACGCAGATGCATG,CREB1_pDS269,5.375730037689209,11874.0,2795,38.87485
TACGCCACCGGTAT,EP300_pDS268,5.2466278076171875,10483.0,2707,34.14727
TACGCCACGGACTT,SNAI1_pDS266,6.18051815032959,8271.0,2241,37.463734
TACGCCACTGCCCT,CREB1_pDS269,5.884960651397705,9392.0,2558,35.664856
TACGCCACTTCGTT,CREB1_pDS269,6.124528884887695,9369.0,2452,39.075676
TACGCGCTCCAAGT,DDIT3_pDS263,6.869673252105713,8207.0,2533,32.49665
TACGCGCTTCCAAG,62(mod)_pBA581,6.444843292236328,7711.0,2156,39.92997
TACGGAACAAAGCA,SPI1_pDS255,4.9143757820129395,11960.0,2817,36.195652
TACGGAACATAAGG,BHLHE40_pDS258,7.810081481933594,5290.0,1861,36.483932
TACGGAACTACAGC,SPI1_pDS255,5.757026195526123,9891.0,2631,34.20946
TACGGCCTAACTGC,SPI1_pDS255,6.218765735626221,10122.0,2795,30.633211
TACGGCCTCCTGTC,62(mod)_pBA581,5.726552486419678,10029.0,2601,35.935787
TACGTACTAAAACG,SPI1_pDS255,5.657164573669434,8794.0,2299,37.21856
TACGTACTATCGTG,ZNF326_pDS262,5.4006171226501465,11527.0,2842,34.761864
TACGTACTGCGATT,DDIT3_pDS263,12.333272933959961,11744.0,3685,21.913843
TACGTACTTGTTCT,62(mod)_pBA581,4.9218854904174805,14230.0,3124,36.62427
TACGTACTTTTGGG,CREB1_pDS269,5.55397891998291,9115.0,2341,37.015907
TACGTTACCGACAT,EP300_pDS268,6.8231987953186035,4963.0,1812,30.741337
TACGTTACCGACTA,DDIT3_pDS263,5.560213088989258,10757.0,2490,40.862614
TACGTTACCTAGTG,62(mod)_pBA581,7.43125057220459,10007.0,2567,38.88112
TACGTTACGAAAGT,DDIT3_pDS263,4.843951225280762,12734.0,2792,39.30114
TACTAAGAAACCTG,SPI1_pDS255,5.461248874664307,10980.0,2741,36.83971
TACTAAGACCGAAT,62(mod)_pBA581,5.118613243103027,12573.0,2822,40.26883
TACTAAGAGCTTCC,SNAI1_pDS266,6.294191837310791,6423.0,2161,29.316519
TACTAAGAGTCATG,SPI1_pDS255,5.733479022979736,10384.0,2581,37.33629
TACTAAGATGTCGA,BHLHE40_pDS258,5.791642665863037,9915.0,2611,35.61271
TACTACACAGGTTC,SPI1_pDS255,6.574604511260986,8398.0,2409,35.97285
TACTACACGGACAG,SPI1_pDS255,6.1470160484313965,6471.0,1904,37.90173
TACTACACTACTCT,DDIT3_pDS263,6.003360271453857,8402.0,2084,42.972748
TACTACACTTGCGA,DDIT3_pDS263,4.923345565795898,15019.0,3199,39.170383
TACTACTGAACGTC,EP300_pDS268,5.078310966491699,10376.0,2531,38.86854
TACTACTGAGAGAT,62(mod)_pBA581,6.187198638916016,9280.0,2740,29.471983
TACTACTGTACGCA,ZNF326_pDS262,5.43964147567749,11707.0,2802,34.25301
TACTCAACCGTAGT,ZNF326_pDS262,6.040076732635498,10002.0,2634,33.363327
TACTCCCTAAGTGA,62(mod)_pBA581,5.7472405433654785,10887.0,2739,36.603287
TACTCCCTCCGAAT,CREB1_pDS269,6.952795028686523,8021.0,2476,30.54482
TACTCCCTCTAGCA,62(mod)_pBA581,5.570584774017334,8811.0,2391,35.86426
TACTCCCTGACGAG,62(mod)_pBA581,5.775025367736816,8769.0,2360,34.291252
TACTCCCTTCCAGA,DDIT3_pDS263,6.982505798339844,6508.0,2159,29.993855
TACTCTGACAGCTA,CREB1_pDS269,4.9218621253967285,13820.0,3185,35.730824
TACTCTGATCTCGC,DDIT3_pDS263,6.21926212310791,11870.0,2905,35.25695
TACTGGGACCGATA,62(mod)_pBA581,5.192235469818115,6966.0,2058,37.53409
TACTGGGACGGTAT,CREB1_pDS269,5.356533527374268,9587.0,2353,37.244473
TACTGGGATTCTCA,SNAI1_pDS266,5.0101847648620605,12739.0,2884,39.28095
TACTGGGATTGCGA,ZNF326_pDS262,5.302069664001465,13228.0,2886,39.000607
TACTGTTGAAGTGA,62(mod)_pBA581,5.053177356719971,11811.0,2777,35.475403
TACTGTTGGGAAAT,ZNF326_pDS262,5.834132671356201,10929.0,2637,38.225067
TACTTGACAAGAGT,SNAI1_pDS266,5.2496562004089355,12097.0,2698,41.160427
TACTTGACCTAAGC,62(mod)_pBA581,8.032208442687988,8373.0,2179,37.731342
TACTTGACGTTTCT,62(mod)_pBA581,4.989511489868164,13867.0,2961,40.243725
TACTTTCTACTAGC,ZNF326_pDS262,5.433557033538818,9563.0,2613,33.740986
TACTTTCTGAGGCA,62(mod)_pBA581,5.106388568878174,11830.0,2765,35.40152
TACTTTCTGCAGAG,CREB1_pDS269,6.005739688873291,9293.0,2440,35.63973
TACTTTCTGTAGGG,BHLHE40_pDS258,5.365806579589844,13170.0,2944,38.883827
TAGAAACTACCATG,SNAI1_pDS266,4.790219306945801,13676.0,2930,37.13074
TAGAAACTGCCAAT,EP300_pDS268,6.345178127288818,9374.0,2494,38.263836
TAGAATACACGCAT,DDIT3_pDS263,5.758711338043213,7486.0,2169,36.989048
TAGAATACAGTCAC,SNAI1_pDS266,5.938935279846191,10910.0,2731,34.784203
TAGAATACCGACAT,62(mod)_pBA581,6.161822319030762,10995.0,2806,33.52433
TAGAATACTCCTCG,SPI1_pDS255,5.922947883605957,9848.0,2603,34.768482
TAGAATTGATCGGT,EP300_pDS268,5.473027229309082,10591.0,2615,38.78765
TAGAATTGCACTCC,62(mod)_pBA581,6.733882904052734,10340.0,2815,33.436474
TAGAATTGCTCGCT,62(mod)_pBA581,5.31480073928833,12812.0,3059,35.071014
TAGAATTGTCTCCG,CREB1_pDS269,5.993898391723633,9477.0,2584,35.77759
TAGACGTGAGTGCT,EP300_pDS268,5.830081462860107,8628.0,2420,34.979137
TAGACGTGGAACCT,CREB1_pDS269,6.5937886238098145,9086.0,2435,33.058216
TAGACGTGGGTTCA,ZNF326_pDS262,4.839800834655762,10640.0,2449,38.693607
TAGACGTGTGAGGG,CREB1_pDS269,5.038259029388428,12475.0,2760,41.17034
TAGAGCACACTCAG,BHLHE40_pDS258,6.540647983551025,9038.0,2507,37.475105
TAGAGCACACTTTC,DDIT3_pDS263,4.650865077972412,12397.0,2871,34.645477
TAGAGCACGAGCTT,62(mod)_pBA581,5.265252590179443,12850.0,2937,36.498055
TAGAGCACTTCATC,SPI1_pDS255,5.272232532501221,8321.0,2366,36.76241
TAGATCCTAAAAGC,CREB1_pDS269,5.042973041534424,11632.0,2840,34.350555
TAGATCCTAAGCAA,ZNF326_pDS262,5.66717004776001,12142.0,2956,30.118597
TAGATCCTCGACTA,ZNF326_pDS262,5.245114803314209,12606.0,3039,32.19895
TAGATCCTTCAAGC,62(mod)_pBA581,4.325006484985352,12697.0,2834,35.863914
TAGATCCTTCAGTG,DDIT3_pDS263,5.083836555480957,15507.0,3244,36.454506
TAGATCCTTGAACC,SPI1_pDS255,4.9696736335754395,12826.0,2992,34.79651
TAGATCCTTTAGGC,DDIT3_pDS263,5.0291266441345215,9888.0,2590,35.27508
TAGATCCTTTCTGT,CREB1_pDS269,5.6398396492004395,12161.0,2863,36.43239
TAGATTGAAGCCAT,CREB1_pDS269,5.323047161102295,11789.0,3000,30.104334
TAGATTGAAGTCTG,SNAI1_pDS266,6.781955718994141,7436.0,2152,41.810112
TAGATTGACTCGCT,EP300_pDS268,5.551969051361084,10771.0,2685,37.0532
TAGATTGAGTAGCT,BHLHE40_pDS258,4.492263317108154,16611.0,3441,33.782806
TAGATTGATCTGGA,SPI1_pDS255,5.034630298614502,9516.0,2452,35.973946
TAGATTGATTTCGT,BHLHE40_pDS258,6.5406999588012695,9455.0,2640,34.602367
TAGCATCTCATTGG,ZNF326_pDS262,4.438099384307861,13665.0,2969,35.767597
TAGCATCTCGCTAA,SNAI1_pDS266,6.267235279083252,10625.0,2752,33.370975
TAGCCCACATCGGT,62(mod)_pBA581,6.0992608070373535,9087.0,2473,28.782043
TAGCCCACTGCATG,BHLHE40_pDS258,5.669710636138916,10462.0,2703,33.387497
TAGCCCTGTCCGTC,62(mod)_pBA581,7.54573392868042,8477.0,2318,39.391438
TAGCCCTGTTGCTT,ZNF326_pDS262,4.889919281005859,12034.0,2722,37.718132
TAGCCGCTCCCTCA,62(mod)_pBA581,6.3470940589904785,5791.0,1803,40.873768
TAGCCGCTCTGCTC,62(mod)_pBA581,9.470841407775879,4274.0,1656,33.559402
TAGCCGCTGGTTAC,62(mod)_pBA581,5.2381272315979,10025.0,2504,37.692
TAGCCGCTTGCTCC,62(mod)_pBA581,6.679624080657959,8167.0,2516,28.574926
TAGCGATGAAGCCT,ZNF326_pDS262,6.711014270782471,8925.0,2501,32.941177
TAGCGATGACGCAT,BHLHE40_pDS258,7.029376983642578,6161.0,2018,30.812916
TAGCGATGATGGTC,DDIT3_pDS263,5.501004695892334,9929.0,2556,35.632996
TAGCGATGCATGGT,62(mod)_pBA581,5.289803981781006,13408.0,3122,35.09845
TAGCGATGTCAGGT,62(mod)_pBA581,4.312201976776123,20227.0,3605,39.96935
TAGCTACTGGGATG,BHLHE40_pDS258,5.755721092224121,10114.0,2539,37.158955
TAGCTACTGGTTCA,BHLHE40_pDS258,6.642320156097412,8902.0,2569,33.067505
TAGCTACTTAGACC,EP300_pDS268,4.102603912353516,20416.0,3562,39.386814
TAGCTACTTCTACT,SPI1_pDS255,5.425270080566406,12854.0,3013,34.129456
TAGCTACTTGTCCC,CREB1_pDS269,6.56720495223999,6599.0,2168,35.060608
TAGCTACTTTCGGA,SNAI1_pDS266,5.128608226776123,10899.0,2613,38.58152
TAGGACTGACCGAT,EP300_pDS268,5.98901891708374,11944.0,2930,34.868145
TAGGACTGAGATGA,SNAI1_pDS266,6.217384338378906,10504.0,2762,30.613993
TAGGACTGCATTTC,SNAI1_pDS266,5.790219783782959,8787.0,2278,38.044838
TAGGACTGCCGTTC,DDIT3_pDS263,5.226396083831787,11969.0,2802,36.335533
TAGGACTGCGGAGA,SPI1_pDS255,7.484397888183594,5034.0,1880,29.652433
TAGGACTGTCGCCT,ZNF326_pDS262,5.4398345947265625,11538.0,2795,34.76603
TAGGACTGTTGGCA,ZNF326_pDS262,5.080900192260742,11722.0,2843,33.336178
TAGGAGCTTCCCGT,ZNF326_pDS262,4.404934883117676,15785.0,3205,40.472572
TAGGAGCTTGACCA,SNAI1_pDS266,7.210536003112793,7768.0,2189,38.169415
TAGGAGCTTGGTAC,EP300_pDS268,5.681790351867676,11273.0,2776,37.523285
TAGGAGCTTGTGCA,SPI1_pDS255,5.239871501922607,14779.0,3220,35.978622
TAGGCAACCCTTCG,EP300_pDS268,4.955075740814209,10464.0,2507,37.51911
TAGGCAACTCCTGC,DDIT3_pDS263,5.437666416168213,11723.0,2752,40.39577
TAGGCATGCAAGCT,ZNF326_pDS262,5.844363689422607,7902.0,2335,32.405415
TAGGCATGCCATAG,62(mod)_pBA581,8.492304801940918,4536.0,1574,36.882717
TAGGCATGTAACCG,EP300_pDS268,5.14347505569458,8743.0,2235,38.636623
TAGGCTGAAAGGCG,SNAI1_pDS266,5.2599358558654785,8073.0,2260,35.19138
TAGGCTGACAATCG,SNAI1_pDS266,6.272828102111816,10553.0,2673,37.32588
TAGGCTGACGAGTT,EP300_pDS268,6.613031387329102,6909.0,2103,36.3439
TAGGCTGATGAGAA,62(mod)_pBA581,5.777595520019531,12049.0,3066,29.8697
TAGGCTGATGGTTG,CREB1_pDS269,4.492428302764893,12564.0,2798,39.88858
TAGGGACTAAAGTG,ZNF326_pDS262,4.214829921722412,11001.0,2550,37.42387
TAGGGACTATCAGC,62(mod)_pBA581,6.593441009521484,8036.0,2404,32.126415
TAGGGACTGGATCT,62(mod)_pBA581,5.602521896362305,10540.0,2590,37.96015
TAGGGACTTGGAGG,SNAI1_pDS266,4.852152347564697,15076.0,3193,38.644203
TAGGTCGACACACA,EP300_pDS268,5.983495235443115,9576.0,2680,31.81581
TAGGTGACGCGAAG,62(mod)_pBA581,5.132998466491699,9782.0,2393,36.77162
TAGGTGACGCGAGA,62(mod)_pBA581,5.483321189880371,12138.0,2890,34.083046
TAGGTGACTACGAC,SPI1_pDS255,4.621383190155029,19767.0,3701,36.120808
TAGGTGTGACACCA,62(mod)_pBA581,6.111013412475586,10980.0,2563,39.945354
TAGGTGTGATTCCT,62(mod)_pBA581,5.874883651733398,11190.0,2588,39.53717
TAGGTTCTCCGATA,EP300_pDS268,5.259765625,9635.0,2547,29.714582
TAGGTTCTCTAAGC,SNAI1_pDS266,5.716973304748535,9254.0,2543,32.29257
TAGGTTCTCTTATC,CREB1_pDS269,4.9641523361206055,14055.0,3056,38.95411
TAGGTTCTGGACAG,62(mod)_pBA581,4.4789228439331055,20503.0,3605,41.660164
TAGGTTCTTTGCTT,CREB1_pDS269,5.35105562210083,13041.0,2870,40.79129
TAGTAAACAAAGCA,62(mod)_pBA581,6.406607627868652,9779.0,2591,35.320583
TAGTAAACCATGAC,62(mod)_pBA581,5.4190568923950195,13616.0,3101,36.241463
TAGTAAACTTCTGT,CREB1_pDS269,5.2663655281066895,10205.0,2565,38.245956
TAGTAATGCCCTAC,62(mod)_pBA581,6.125385284423828,10421.0,2673,35.447655
TAGTAATGTAAAGG,EP300_pDS268,5.955533981323242,8910.0,2498,34.709908
TAGTAATGTAGAGA,DDIT3_pDS263,6.7260918617248535,4773.0,1785,29.185
TAGTAATGTTGACG,EP300_pDS268,5.318746566772461,7495.0,2189,35.09872
TAGTACCTCCCACT,BHLHE40_pDS258,6.080723285675049,8334.0,2328,34.637074
TAGTACCTCGGGAA,EP300_pDS268,5.456167221069336,12286.0,2882,38.46655
TAGTACCTGCATCA,EP300_pDS268,6.249971389770508,4536.0,1632,36.22134
TAGTACCTGGATCT,62(mod)_pBA581,5.579568386077881,12408.0,2916,37.784046
TAGTCACTCGTTAG,62(mod)_pBA581,5.321391582489014,8678.0,2497,32.74571
TAGTCACTGAATGA,62(mod)_pBA581,5.835960388183594,10591.0,2633,36.493248
TAGTCGGAACCTGA,DDIT3_pDS263,4.35304594039917,14553.0,3096,36.322407
TAGTCGGACACAAC,DDIT3_pDS263,4.826450824737549,15419.0,3206,40.599262
TAGTCGGACGAACT,SPI1_pDS255,4.939031600952148,11616.0,2746,35.769627
TAGTCGGAGTCACA,DDIT3_pDS263,6.109988689422607,9449.0,2345,37.985397
TAGTCGGAGTCTAG,BHLHE40_pDS258,6.36259651184082,7874.0,2192,35.852173
TAGTCGGAGTGTTG,62(mod)_pBA581,6.4607062339782715,6657.0,2015,34.770203
TAGTCGGATGCTGA,62(mod)_pBA581,6.653997421264648,9999.0,2664,36.24
TAGTCTTGAGACTC,SNAI1_pDS266,6.964584827423096,5464.0,1788,38.261665
TAGTCTTGCATGAC,ZNF326_pDS262,5.740070343017578,11265.0,2683,38.555073
TAGTCTTGCGCCTT,EP300_pDS268,5.463863372802734,13373.0,3032,36.72798
TAGTCTTGCTCATT,62(mod)_pBA581,5.52964448928833,9855.0,2441,40.23945
TAGTCTTGCTTACT,62(mod)_pBA581,6.051944255828857,9361.0,2629,33.10544
TAGTCTTGGGAGTG,62(mod)_pBA581,4.408173561096191,11719.0,2757,38.91117
TAGTCTTGGGTGAG,CREB1_pDS269,6.607988357543945,7405.0,2283,32.207966
TAGTGGTGATGCCA,CREB1_pDS269,6.693343639373779,7116.0,2316,27.62788
TAGTGGTGGACGAG,62(mod)_pBA581,5.034501075744629,12009.0,2753,39.292255
TAGTGGTGGAGGGT,62(mod)_pBA581,6.059657573699951,10758.0,2585,40.425728
TAGTGGTGTTCCCG,ZNF326_pDS262,5.033757209777832,7831.0,2156,40.07151
TAGTTAGACCAATG,62(mod)_pBA581,5.877772331237793,10545.0,2566,34.708393
TAGTTAGACTCCCA,ZNF326_pDS262,5.599710941314697,8663.0,2298,37.192657
TAGTTCACAGCCTA,BHLHE40_pDS258,5.066092014312744,11421.0,2769,34.039574
TAGTTCACATCGTG,SPI1_pDS255,5.326568126678467,10008.0,2505,37.99201
TAGTTCACATCTCT,62(mod)_pBA581,6.5886359214782715,8841.0,2500,35.674698
TAGTTCACCTCCAC,SPI1_pDS255,5.886742115020752,6863.0,2149,32.49308
TAGTTGCTCCCTTG,ZNF326_pDS262,6.437778472900391,8680.0,2233,41.919132
TATAAGACGATACC,62(mod)_pBA581,6.304488182067871,7503.0,2112,39.384247
TATAAGACGTCGTA,EP300_pDS268,6.088436603546143,7884.0,2296,34.94419
TATAAGTGATGGTC,62(mod)_pBA581,4.857941150665283,15270.0,3426,31.23772
TATAAGTGCGTGAT,EP300_pDS268,7.495059013366699,6383.0,1837,41.22807
TATAAGTGCTAGCA,CREB1_pDS269,4.730535984039307,14331.0,3054,36.977604
TATAAGTGGGAAAT,ZNF326_pDS262,6.283803939819336,10792.0,2602,36.42513
TATAAGTGTGAGGG,62(mod)_pBA581,5.1151604652404785,13538.0,3038,37.314426
TATACAGATGTCGA,ZNF326_pDS262,5.19710636138916,9871.0,2532,40.832657
TATACCACACAGTC,BHLHE40_pDS258,5.870219707489014,9653.0,2508,35.957733
TATACCACAGCAAA,62(mod)_pBA581,5.406384468078613,9019.0,2618,28.816942
TATACCACATTCTC,DDIT3_pDS263,5.881155967712402,11024.0,2761,34.349205
TATACCACCTATTC,SNAI1_pDS266,5.716437816619873,10872.0,2680,38.217438
TATACCACGGTTCA,SNAI1_pDS266,7.864436626434326,7313.0,2360,33.811867
TATACCACTTAGGC,DDIT3_pDS263,6.2967095375061035,7358.0,2063,35.267735
TATACGCTATCGAC,62(mod)_pBA581,6.397141933441162,9487.0,2653,33.45631
TATACGCTCAAAGA,CREB1_pDS269,5.882106781005859,8090.0,2442,33.14794
TATACGCTCATGCA,SPI1_pDS255,6.113690376281738,8137.0,2357,34.189507
TATACGCTGGGACA,62(mod)_pBA581,5.986719608306885,11004.0,2753,35.123592
TATACGCTGTAGGG,CREB1_pDS269,4.909054756164551,14426.0,3070,39.114162
TATACGCTTGCACA,SPI1_pDS255,5.8745222091674805,18471.0,3462,36.23667
TATAGATGCCACAA,SPI1_pDS255,6.129325866699219,9747.0,2698,31.014671
TATAGATGTGCAGT,SNAI1_pDS266,4.811574935913086,13897.0,3012,38.487553
TATAGCCTAACAGA,62(mod)_pBA581,4.204907417297363,22198.0,3855,41.666668
TATAGCCTACACTG,ZNF326_pDS262,5.217728614807129,12902.0,3001,35.177864
TATAGCCTACCGAT,SNAI1_pDS266,5.317314147949219,14811.0,3147,38.194584
TATAGCCTATCGTG,SNAI1_pDS266,5.61503791809082,9964.0,2593,34.3336
TATAGCCTCCACCT,SPI1_pDS255,9.264622688293457,3142.0,1349,34.902958
TATAGCCTTTGCTT,SPI1_pDS255,6.119942665100098,9028.0,2545,34.96511
TATCAAGACTCTCG,DDIT3_pDS263,5.315042018890381,10574.0,2734,35.814262
TATCAAGATGGGAG,EP300_pDS268,5.304913520812988,10197.0,2599,36.245956
TATCACTGATCGTG,SPI1_pDS255,5.5071516036987305,11819.0,2773,32.769268
TATCACTGCAGGAG,DDIT3_pDS263,5.78314733505249,9347.0,2446,36.767223
TATCACTGTGAACC,SPI1_pDS255,5.270188808441162,11990.0,2852,32.418682
TATCAGCTAAGCAA,ZNF326_pDS262,4.077808380126953,21227.0,3652,40.065945
TATCAGCTGGTCTA,DDIT3_pDS263,5.992551326751709,6081.0,1893,37.559612
TATCCAACCCATGA,62(mod)_pBA581,6.860126972198486,14245.0,3194,40.58683
TATCCAACCTATGG,SPI1_pDS255,5.48992919921875,9762.0,2629,33.37089
TATCCAACTGCACA,SNAI1_pDS266,5.122890472412109,9698.0,2475,37.23448
TATCCTGATTTGCT,SPI1_pDS255,7.171722412109375,8391.0,2614,28.637827
TATCGACTAGAGTA,SNAI1_pDS266,6.116412162780762,10967.0,2877,31.293882
TATCGACTAGCAAA,62(mod)_pBA581,5.073115825653076,14253.0,3212,37.08693
TATCGACTAGTCTG,62(mod)_pBA581,7.495920658111572,12401.0,3058,36.666397
TATCGACTCAACTG,62(mod)_pBA581,15.541617393493652,4380.0,1633,24.463715
TATCGACTCATTCT,ZNF326_pDS262,5.8911662101745605,9663.0,2558,34.130188
TATCGACTCCTCAC,EP300_pDS268,5.600496292114258,12793.0,2953,38.96662
TATCGACTCTCTTA,BHLHE40_pDS258,6.381936073303223,8200.0,2260,35.19083
TATCGACTCTTGTT,DDIT3_pDS263,5.847334861755371,7799.0,2360,30.542377
TATCGACTGAATAG,EP300_pDS268,5.419013977050781,10020.0,2574,38.172203
TATCGACTGAGGTG,62(mod)_pBA581,6.663940906524658,7808.0,2223,36.347336
TATCGACTGTCTTT,DDIT3_pDS263,5.617076396942139,10922.0,3006,27.922731
TATCGTACGATAAG,DDIT3_pDS263,8.02612018585205,4318.0,1660,29.944418
TATCGTACGTCGAT,SNAI1_pDS266,6.112258434295654,8674.0,2391,34.051872
TATCGTACTTCTTG,BHLHE40_pDS258,6.056015968322754,8022.0,2182,40.276737
TATCTCGACCCTTG,SPI1_pDS255,5.634746551513672,13141.0,3002,35.606117
TATCTCGACTTACT,62(mod)_pBA581,5.203688144683838,11698.0,2795,37.35362
TATCTCGACTTGAG,DDIT3_pDS263,7.57326602935791,7533.0,2403,33.08111
TATCTCGAGTAAGA,SPI1_pDS255,6.222723960876465,7848.0,2210,38.035168
TATCTCGAGTGTAC,ZNF326_pDS262,5.346313953399658,9153.0,2547,32.262646
TATCTCGATTTGGG,62(mod)_pBA581,7.984251499176025,7624.0,2454,26.60021
TATCTGACACCACA,EP300_pDS268,5.748971462249756,7541.0,2166,35.75123
TATCTGACCGACAT,62(mod)_pBA581,5.097541809082031,14382.0,3091,39.908226
TATCTGACGTTAGC,62(mod)_pBA581,5.768455982208252,9281.0,2467,37.970047
TATCTGACGTTGTG,62(mod)_pBA581,5.524135112762451,11173.0,2729,36.3018
TATCTGACTAAGCC,SPI1_pDS255,5.343118190765381,13177.0,2937,35.248142
TATCTGACTACGCA,BHLHE40_pDS258,5.157131195068359,9773.0,2591,35.55351
TATCTTCTATCACG,ZNF326_pDS262,6.162415981292725,8560.0,2357,36.03972
TATCTTCTCAGTCA,BHLHE40_pDS258,5.925406455993652,11430.0,2882,32.965878
TATCTTCTGAGAGC,62(mod)_pBA581,6.015585899353027,8972.0,2422,35.97459
TATCTTCTGGAAAT,EP300_pDS268,5.628375053405762,12169.0,2892,41.63517
TATCTTCTGGAACG,BHLHE40_pDS258,11.979161262512207,9665.0,2670,29.453756
TATGAATGACACAC,EP300_pDS268,5.693239212036133,9714.0,2589,38.78139
TATGAATGCTAGCA,EP300_pDS268,5.270003795623779,13046.0,2930,35.287807
TATGAATGTGGATC,EP300_pDS268,5.566256523132324,7618.0,2243,33.307087
TATGCGGAAAAAGC,ZNF326_pDS262,5.802007675170898,10460.0,2532,39.78587
TATGCGGAGGCATT,CREB1_pDS269,6.033246040344238,10099.0,2523,38.558273
TATGCGGAGTACAC,CREB1_pDS269,5.264577388763428,11994.0,2784,36.34317
TATGCGGATTGAGC,EP300_pDS268,5.875874042510986,11260.0,2943,36.00355
TATGGGACCAGCTA,CREB1_pDS269,5.69489860534668,7125.0,2125,37.740353
TATGGGACTCGCTC,ZNF326_pDS262,5.270822048187256,11987.0,2886,38.11629
TATGGGACTGGTCA,ZNF326_pDS262,5.481016635894775,11690.0,2717,38.819504
TATGGGTGCAGGAG,DDIT3_pDS263,5.28805685043335,11765.0,2709,38.691032
TATGGGTGCTGCTC,SPI1_pDS255,6.132993698120117,10242.0,2760,33.74341
TATGTCACACCATG,BHLHE40_pDS258,5.133092403411865,13538.0,3028,40.678093
TATGTCACAGAAGT,62(mod)_pBA581,7.436258316040039,9691.0,2603,37.30265
TATGTCACCGGAGA,SPI1_pDS255,6.253442764282227,10840.0,2774,36.623615
TATGTCACCGTTGA,DDIT3_pDS263,7.786102294921875,4356.0,1653,34.50413
TATGTCACGCATAC,62(mod)_pBA581,6.510801792144775,7471.0,2386,30.223532
TATGTCACTAGACC,DDIT3_pDS263,6.116208553314209,7204.0,2137,30.77457
TATGTCACTATGGC,62(mod)_pBA581,5.050051689147949,10590.0,2648,34.264942
TATGTCTGATACCG,SNAI1_pDS266,4.854798316955566,13961.0,3055,36.107727
TATGTCTGGTAAAG,ZNF326_pDS262,6.791038513183594,7486.0,2159,38.75234
TATGTCTGTGACTG,SPI1_pDS255,6.862921714782715,6856.0,2099,32.740265
TATGTGCTGGGCAA,ZNF326_pDS262,13.739990234375,5885.0,1873,31.845188
TATGTGCTTATCGG,BHLHE40_pDS258,6.794101715087891,6079.0,2010,35.055107
TATGTGCTTGCTCC,CREB1_pDS269,5.705223083496094,10139.0,2586,34.28346
TATTGCTGAGAGAT,CREB1_pDS269,5.087651252746582,11013.0,2709,38.581676
TATTGCTGCATGGT,DDIT3_pDS263,5.077816963195801,12400.0,2763,39.258064
TATTGCTGGCTCCT,62(mod)_pBA581,6.426077842712402,6005.0,1953,36.736053
TATTTCCTACAGCT,EP300_pDS268,4.899442195892334,12525.0,2931,38.091816
TATTTCCTACGCTA,62(mod)_pBA581,4.585203170776367,22327.0,3872,42.209682
TATTTCCTACGTAC,SPI1_pDS255,6.300592422485352,9500.0,2711,33.252632
TATTTCCTATGCTG,SPI1_pDS255,8.030526161193848,4335.0,1698,30.149942
TATTTCCTCAGTCA,SNAI1_pDS266,5.6909050941467285,9254.0,2432,39.146408
TATTTCCTGAGCAG,CREB1_pDS269,5.120419979095459,19132.0,3495,39.162704
TCAACACTAGCGGA,SNAI1_pDS266,6.0746355056762695,9845.0,2607,37.35527
TCAACACTCCTGTC,BHLHE40_pDS258,5.658559322357178,10144.0,2555,36.602917
TCAACACTCTATGG,ZNF326_pDS262,6.0947675704956055,9705.0,2660,33.240597
TCAACACTTGCTCC,62(mod)_pBA581,6.057176113128662,11398.0,2778,37.985786
TCAAGGACATGTGC,62(mod)_pBA581,6.341986656188965,7264.0,2228,34.039917
TCAAGGTGCACTTT,SPI1_pDS255,8.395217895507812,7076.0,2249,33.2156
TCAAGGTGTTGGCA,SPI1_pDS255,4.711151599884033,13705.0,3002,36.40277
TCAAGTCTACAGCT,CREB1_pDS269,4.637880802154541,18867.0,3498,42.42328
TCAAGTCTACTACG,SNAI1_pDS266,7.031876564025879,6791.0,2126,33.132088
TCAAGTCTGCGAAG,ZNF326_pDS262,4.29433536529541,10881.0,2387,43.21816
TCAAGTCTGCGTAT,SNAI1_pDS266,5.528534412384033,8552.0,2364,34.53759
TCAAGTCTGTTGCA,62(mod)_pBA581,5.856050491333008,9592.0,2494,39.658047
TCAAGTCTTAGCGT,62(mod)_pBA581,6.833724498748779,6988.0,2223,28.076702
TCAAGTCTTGCGTA,ZNF326_pDS262,6.552107810974121,3777.0,1343,38.522636
TCAAGTCTTGTGCA,62(mod)_pBA581,5.68300724029541,10339.0,2590,37.18928
TCAATAGATTATCC,ZNF326_pDS262,7.126894474029541,5562.0,1704,39.07963
TCACAACTACACAC,62(mod)_pBA581,4.696604251861572,15480.0,3239,36.44703
TCACAACTTCCCGT,DDIT3_pDS263,4.9574480056762695,10916.0,2523,39.59879
TCACCCGAACGTAC,CREB1_pDS269,4.714120388031006,11803.0,2717,36.524612
TCACCCGACAGCTA,SPI1_pDS255,5.974734783172607,10985.0,2802,30.150206
TCACCGTGACGCAT,ZNF326_pDS262,6.532702445983887,7128.0,2157,33.814865
TCACCGTGGGTTCA,EP300_pDS268,6.359334945678711,8411.0,2360,37.760075
TCACCGTGTAGACC,ZNF326_pDS262,6.182193756103516,8741.0,2414,37.261185
TCACCGTGTCTCAT,SNAI1_pDS266,6.378125190734863,8130.0,2198,37.03567
TCACCTCTACGGGA,BHLHE40_pDS258,5.379741668701172,9822.0,2334,38.739563
TCACCTCTCTCATT,ZNF326_pDS262,5.074821949005127,8836.0,2370,34.77818
TCACCTCTCTCTAT,EP300_pDS268,6.289178848266602,7828.0,2222,36.727135
TCACCTCTTCGTAG,CREB1_pDS269,5.96097469329834,8408.0,2241,38.26118
TCACGAGAGCTATG,SPI1_pDS255,6.826979160308838,10684.0,2802,29.48058
TCACGAGATTACTC,62(mod)_pBA581,5.181103706359863,11743.0,2838,35.731926
TCACTATGAAAACG,BHLHE40_pDS258,7.241581439971924,2981.0,1220,34.82053
TCACTATGGAGCTT,BHLHE40_pDS258,6.786740779876709,7191.0,2325,29.926296
TCACTATGGGTTAC,62(mod)_pBA581,5.028581142425537,12772.0,2999,36.486065
TCAGACGAACCTCC,EP300_pDS268,5.061891078948975,12509.0,2908,39.66744
TCAGACGAACTACG,62(mod)_pBA581,6.348823070526123,9826.0,2678,33.65561
TCAGACGATTTCGT,62(mod)_pBA581,5.577638149261475,10773.0,2767,31.829575
TCAGAGACATCAGC,SNAI1_pDS266,9.010383605957031,5988.0,1882,36.222446
TCAGAGACCAGTTG,62(mod)_pBA581,6.743346691131592,5899.0,1982,30.338984
TCAGAGACCTAGAC,62(mod)_pBA581,5.797189712524414,10853.0,2689,36.441536
TCAGAGACGTGAGG,SNAI1_pDS266,5.481081962585449,12283.0,2833,36.307392
TCAGAGACTCCTGC,SNAI1_pDS266,6.022488117218018,9715.0,2556,35.965004
TCAGCAGATTGCGA,DDIT3_pDS263,6.3640031814575195,12249.0,2936,32.345497
TCAGCGCTGGAAAT,ZNF326_pDS262,6.055144309997559,8708.0,2301,40.33073
TCAGCGCTGTTCAG,62(mod)_pBA581,6.2833709716796875,8903.0,2603,30.536837
TCAGCGCTGTTCTT,EP300_pDS268,5.860767364501953,10726.0,2750,33.90194
TCAGGATGCTTGCC,SNAI1_pDS266,5.018634796142578,12865.0,3010,35.211815
TCAGGATGGACACT,BHLHE40_pDS258,5.399648666381836,10289.0,2634,33.605442
TCAGGATGGCCAAT,62(mod)_pBA581,6.141936779022217,8059.0,2416,30.884726
TCAGGATGGCTTCC,62(mod)_pBA581,5.803926944732666,12250.0,2844,41.261936
TCAGGATGTTGCTT,CREB1_pDS269,5.157467365264893,11028.0,2739,34.97144
TCAGTACTAAGCAA,62(mod)_pBA581,6.3423943519592285,11096.0,2855,31.335617
TCAGTACTCAGAGG,62(mod)_pBA581,6.230264186859131,7963.0,2179,38.50308
TCAGTACTGCCAAT,BHLHE40_pDS258,4.820201396942139,15232.0,3254,38.03834
TCAGTGGACTCCAC,EP300_pDS268,5.356872081756592,11507.0,2731,38.20283
TCAGTGGAGGCAAG,BHLHE40_pDS258,6.330249786376953,8449.0,2527,27.837614
TCAGTGGAGTGTAC,SNAI1_pDS266,6.558009624481201,7770.0,2165,38.44273
TCAGTTACACGCTA,SPI1_pDS255,5.316596984863281,12108.0,2942,32.6148
TCAGTTACCTACGA,EP300_pDS268,5.209249496459961,11543.0,2747,38.308933
TCATCATGACACGT,DDIT3_pDS263,6.3982343673706055,9177.0,2403,39.95424
TCATCATGACCTTT,62(mod)_pBA581,5.833418369293213,12015.0,2881,38.898136
TCATCATGAGAACA,62(mod)_pBA581,6.25969934463501,13941.0,3271,34.036297
TCATCATGAGTGTC,ZNF326_pDS262,5.176862716674805,15067.0,3345,31.207273
TCATCATGATGTGC,62(mod)_pBA581,6.5041022300720215,7676.0,2226,35.72173
TCATCATGCATTGG,SNAI1_pDS266,7.2773237228393555,7864.0,2354,32.464394
TCATCATGGGATCT,SNAI1_pDS266,6.415448188781738,10672.0,2704,31.331396
TCATCATGTAAAGG,DDIT3_pDS263,5.890552997589111,10150.0,2522,36.932323
TCATCCCTAACGGG,62(mod)_pBA581,6.6709699630737305,7658.0,2299,32.615223
TCATCCCTATTCTC,SPI1_pDS255,6.535417556762695,8917.0,2553,31.938993
TCATGTACAAAAGC,SNAI1_pDS266,6.577088832855225,7677.0,2213,39.611828
TCATGTACAGAAGT,BHLHE40_pDS258,5.876959323883057,11911.0,2921,37.13902
TCATGTACATGTCG,62(mod)_pBA581,5.748732566833496,9002.0,2320,39.53566
TCATGTACTGAGGG,62(mod)_pBA581,6.296795845031738,8135.0,2248,37.873386
TCATTCGAAGTCGT,SPI1_pDS255,6.922754287719727,2895.0,1209,32.12435
TCATTCGACATTTC,CREB1_pDS269,6.129604339599609,13682.0,3023,41.23493
TCATTCGAGAAACA,62(mod)_pBA581,5.849404335021973,11561.0,2859,38.86871
TCATTCGAGACAAA,EP300_pDS268,6.006464958190918,10971.0,2625,35.566494
TCATTCGATCAGTG,62(mod)_pBA581,5.208628177642822,11017.0,2730,33.463425
TCATTGACCTATTC,EP300_pDS268,4.766758441925049,15380.0,3200,35.65856
TCCACGTGCTCAAG,BHLHE40_pDS258,5.7333526611328125,9584.0,2507,32.989044
TCCACGTGGTTGTG,SPI1_pDS255,5.373388767242432,11970.0,2800,37.4906
TCCACGTGTGAGAA,62(mod)_pBA581,6.863102912902832,7295.0,2189,37.697052
TCCACTCTACTGGT,SPI1_pDS255,5.005297660827637,14631.0,3055,43.828594
TCCACTCTCCTCAC,EP300_pDS268,6.8198041915893555,8919.0,2635,27.53672
TCCAGAGACAGAGG,DDIT3_pDS263,5.897355556488037,11356.0,2743,38.693203
TCCAGAGACCGTTC,DDIT3_pDS263,5.843719959259033,9473.0,2343,37.063232
TCCAGAGAGTTACG,62(mod)_pBA581,5.810310363769531,11149.0,2703,39.587444
TCCATAACCAAGCT,SPI1_pDS255,8.604593276977539,5438.0,1917,30.948877
TCCATAACCAATCG,DDIT3_pDS263,5.1616950035095215,10150.0,2499,36.62069
TCCATAACCGTACA,DDIT3_pDS263,4.919166088104248,16219.0,3292,38.810112
TCCATAACCTAGAC,BHLHE40_pDS258,6.079296112060547,9747.0,2606,36.45224
TCCATAACCTGGAT,62(mod)_pBA581,5.542289733886719,10042.0,2772,28.460466
TCCATAACGAACCT,SPI1_pDS255,5.048781871795654,12477.0,2954,28.86912
TCCATCCTCTTACT,62(mod)_pBA581,4.9241509437561035,14694.0,3080,37.32816
TCCATCCTGTTGCA,ZNF326_pDS262,5.353443145751953,13233.0,3010,34.39885
TCCATCCTTGAAGA,62(mod)_pBA581,6.468209743499756,8697.0,2311,39.16293
TCCCACGAAAGGCG,BHLHE40_pDS258,6.596756458282471,7853.0,2287,34.91659
TCCCACGACACACA,62(mod)_pBA581,5.307345867156982,12444.0,2945,33.475292
TCCCACGACCACCT,SPI1_pDS255,5.63694429397583,11109.0,2760,38.280827
TCCCACGAGAGAGC,EP300_pDS268,5.367445468902588,9728.0,2435,37.27385
TCCCAGACAAGAGT,SNAI1_pDS266,5.235719203948975,11668.0,2877,33.536167
TCCCAGACAGTCTG,62(mod)_pBA581,5.374309539794922,10059.0,2493,37.81312
TCCCAGACGAGGCA,CREB1_pDS269,6.095947742462158,8613.0,2381,35.876003
TCCCAGACGGTTAC,62(mod)_pBA581,6.237025260925293,8274.0,2360,36.422962
TCCCAGACTCTTTG,CREB1_pDS269,6.676777362823486,7424.0,2155,36.530174
TCCCAGACTGTAGC,ZNF326_pDS262,4.623563766479492,16010.0,3109,45.022484
TCCCAGACTTCACT,BHLHE40_pDS258,5.73838472366333,9792.0,2557,37.632763
TCCCATCTACCTAG,62(mod)_pBA581,5.262528896331787,11962.0,2684,36.850025
TCCCATCTCAGCTA,BHLHE40_pDS258,5.129244804382324,12750.0,2869,40.0
TCCCATCTCATTTC,62(mod)_pBA581,5.483368396759033,9824.0,2471,36.92621
TCCCATCTCTTCCG,62(mod)_pBA581,5.3972649574279785,11496.0,2733,36.351776
TCCCATCTCTTGAG,62(mod)_pBA581,5.217321872711182,11305.0,2691,36.461742
TCCCATCTGGTCAT,BHLHE40_pDS258,5.840024471282959,11361.0,2813,34.988117
TCCCATCTTTCCGC,62(mod)_pBA581,9.809370040893555,2705.0,1285,33.086876
TCCCATCTTTGCGA,62(mod)_pBA581,5.882937908172607,8281.0,2544,29.46504
TCCCGAACACTGGT,SNAI1_pDS266,6.06521463394165,9525.0,2698,30.303349
TCCCGAACGATAAG,62(mod)_pBA581,6.255377769470215,10014.0,2598,38.995407
TCCCGAACGATAGA,62(mod)_pBA581,5.799672603607178,9603.0,2584,34.1212
TCCCGAACTCAGAC,ZNF326_pDS262,7.836802005767822,8104.0,2200,36.138187
TCCCGAACTTGACG,ZNF326_pDS262,5.460017681121826,9644.0,2406,37.142265
TCCCGATGAAACGA,CREB1_pDS269,5.380399703979492,9691.0,2492,36.023113
TCCCGATGGATGAA,EP300_pDS268,5.56316614151001,11587.0,2785,37.153706
TCCCGATGGCTATG,EP300_pDS268,3.4366488456726074,2423.0,663,55.385887
TCCCTACTAGCGGA,SPI1_pDS255,6.450075149536133,12032.0,3031,27.709442
TCCCTACTCCACCT,62(mod)_pBA581,5.761838436126709,10100.0,2688,34.564358
TCCCTACTGCTTCC,62(mod)_pBA581,5.498305320739746,13218.0,3016,38.160084
TCCCTACTGGTCTA,SPI1_pDS255,5.197831630706787,14672.0,3206,37.840786
TCCCTACTTGAGCT,BHLHE40_pDS258,5.869386196136475,10043.0,2602,35.417706
TCCGAAGAACCAAC,EP300_pDS268,5.4659528732299805,8026.0,2332,34.005978
TCCGAAGAGTCACA,SPI1_pDS255,6.5197038650512695,7940.0,2314,33.690178
TCCGAAGATAAGCC,ZNF326_pDS262,5.724606037139893,11250.0,2758,36.24889
TCCGAAGATGAAGA,SNAI1_pDS266,6.482131004333496,9428.0,2693,32.499207
TCCGAGCTAACTGC,ZNF326_pDS262,6.364278793334961,8313.0,2353,35.534706
TCCGAGCTAGCACT,62(mod)_pBA581,5.46787166595459,12174.0,2834,36.33974
TCCGAGCTCTGACA,SPI1_pDS255,7.828584671020508,6946.0,2400,26.245321
TCCGAGCTCTGGAT,SPI1_pDS255,8.202882766723633,4115.0,1557,33.948967
TCCGAGCTGTCTTT,BHLHE40_pDS258,6.69263219833374,6681.0,2174,31.45294
TCCGGACTCTGAAC,62(mod)_pBA581,6.3335490226745605,9681.0,2473,38.12623
TCCGGACTGCATAC,62(mod)_pBA581,6.365839958190918,7573.0,2262,32.33857
TCCGGACTGGAAGC,62(mod)_pBA581,6.033600330352783,6715.0,2094,33.591423
TCCGGACTTTCAGG,SNAI1_pDS266,5.196075439453125,11472.0,2734,37.304977
TCCGGACTTTCTAC,62(mod)_pBA581,6.074167251586914,12274.0,2861,37.38493
TCCGGACTTTTCTG,CREB1_pDS269,6.159292221069336,8425.0,2277,35.869434
TCCTAAACAAGATG,62(mod)_pBA581,6.677888870239258,9915.0,2741,33.592175
TCCTAAACAGAACA,CREB1_pDS269,7.635138511657715,4268.0,1535,36.176193
TCCTAAACAGGAGC,CREB1_pDS269,7.197364807128906,8627.0,2410,37.823112
TCCTAAACATCACG,62(mod)_pBA581,5.524345397949219,11617.0,2712,38.724392
TCCTAAACATCGAC,62(mod)_pBA581,5.358901023864746,12729.0,3066,35.493755
TCCTAAACCCTCGT,62(mod)_pBA581,7.570993423461914,4108.0,1444,41.504383
TCCTAAACTACTCT,SNAI1_pDS266,5.506230354309082,9857.0,2550,36.349804
TCCTAATGAAGGTA,62(mod)_pBA581,4.870520114898682,12202.0,2963,34.65006
TCCTAATGCCTTGC,62(mod)_pBA581,5.9133195877075195,9842.0,2595,37.06187
TCCTAATGCTTGAG,62(mod)_pBA581,5.441614151000977,10776.0,2516,35.439865
TCCTAATGGGCATT,62(mod)_pBA581,7.247235298156738,7295.0,2274,35.019188
TCCTACCTGGTCTA,BHLHE40_pDS258,5.253735542297363,12125.0,2709,40.565727
TCCTACCTTTATCC,DDIT3_pDS263,4.867333889007568,13493.0,2931,36.900616
TCCTATGACATTGG,EP300_pDS268,5.653767108917236,8560.0,2359,34.065422
TCCTATGACCCAAA,62(mod)_pBA581,5.84494686126709,7569.0,2302,34.570675
TCCTATGACTACTT,SNAI1_pDS266,5.137277603149414,13275.0,2955,34.636536
TCCTATGAGTGCTA,62(mod)_pBA581,6.264364719390869,9818.0,2379,39.183132
TCCTATGAGTTCAG,ZNF326_pDS262,7.615400314331055,4042.0,1446,34.240475
TCCTATGATAGACC,62(mod)_pBA581,5.724603176116943,9637.0,2522,35.477844
TCGAATCTAGCTAC,DDIT3_pDS263,5.435305595397949,12648.0,3043,37.17584
TCGAATCTCAACCA,62(mod)_pBA581,8.229437828063965,2358.0,1067,34.308735
TCGAATCTGAGCTT,SPI1_pDS255,6.458731651306152,8034.0,2252,33.868557
TCGAATCTGCGTAT,DDIT3_pDS263,6.855138301849365,6225.0,2069,30.040161
TCGACCTGACACAC,SNAI1_pDS266,8.744941711425781,3233.0,1270,41.602226
TCGACCTGACCAGT,62(mod)_pBA581,4.892828941345215,13981.0,3094,34.13204
TCGACCTGCCGTTC,BHLHE40_pDS258,5.431389331817627,12333.0,2939,34.598232
TCGACCTGCTTAGG,SNAI1_pDS266,6.215656757354736,16342.0,3211,38.656387
TCGACCTGTCGCTC,EP300_pDS268,5.3475422859191895,14868.0,3251,39.32078
TCGACCTGTCTAGG,BHLHE40_pDS258,5.3790459632873535,14165.0,2990,42.372044
TCGACCTGTCTTCA,62(mod)_pBA581,5.564439296722412,9819.0,2558,35.203667
TCGACCTGTGGAGG,BHLHE40_pDS258,7.3031487464904785,2626.0,1150,34.691547
TCGACCTGTTAGGC,DDIT3_pDS263,5.544867038726807,7819.0,2236,36.794987
TCGACGCTACGGAG,BHLHE40_pDS258,5.449350833892822,10480.0,2623,38.135674
TCGACGCTCCACCT,DDIT3_pDS263,5.882611274719238,10048.0,2617,33.688297
TCGACGCTCTAGAC,BHLHE40_pDS258,6.017975330352783,11055.0,2649,36.155586
TCGAGAACACCATG,EP300_pDS268,6.2234039306640625,8381.0,2358,34.542416
TCGAGAACCTGATG,EP300_pDS268,5.1767497062683105,11749.0,2874,35.778725
TCGAGAACGGCGAA,SNAI1_pDS266,7.897966384887695,5655.0,1720,36.881187
TCGAGAACGTCGTA,ZNF326_pDS262,5.6960625648498535,10150.0,2594,38.82979
TCGAGAACTTGGTG,BHLHE40_pDS258,4.6649065017700195,14633.0,3086,36.784203
TCGAGCCTGAGGCA,SNAI1_pDS266,4.6983232498168945,15328.0,3137,40.51409
TCGAGCCTTCGCAA,SNAI1_pDS266,5.107420444488525,12801.0,2891,34.11186
TCGAGCCTTTCACT,SPI1_pDS255,7.853240013122559,2869.0,1167,37.4695
TCGATACTACCAGT,SNAI1_pDS266,5.193268775939941,11651.0,2822,37.555786
TCGATACTCACTAG,62(mod)_pBA581,7.0772905349731445,7029.0,2204,33.73168
TCGATACTCCCACT,62(mod)_pBA581,6.231035232543945,5076.0,1791,34.200157
TCGATACTGGGAGT,DDIT3_pDS263,5.0098724365234375,12979.0,2989,35.203022
TCGATTTGCCATAG,62(mod)_pBA581,6.0877485275268555,8404.0,2391,39.773945
TCGATTTGGTATGC,62(mod)_pBA581,6.247254848480225,7560.0,2136,39.04762
TCGATTTGTAACGC,BHLHE40_pDS258,5.355870246887207,8908.0,2398,37.326
TCGCAAGAACACAC,BHLHE40_pDS258,5.876227855682373,7568.0,2205,35.28013
TCGCAAGAAGTCAC,DDIT3_pDS263,6.625197887420654,9378.0,2542,38.82077
TCGCAAGACAACTG,EP300_pDS268,5.951441287994385,9407.0,2688,31.2108
TCGCAAGACTATGG,ZNF326_pDS262,4.517573833465576,17570.0,3244,41.412476
TCGCAAGATGCAAC,62(mod)_pBA581,6.412780284881592,8904.0,2525,35.61321
TCGCAAGATTCGCC,BHLHE40_pDS258,5.156614780426025,12465.0,2718,42.19477
TCGCACACGGAAAT,62(mod)_pBA581,5.602834224700928,10264.0,2658,33.75877
TCGCACACTGGATC,BHLHE40_pDS258,5.073742389678955,16097.0,3251,36.279503
TCGCACTGAAAAGC,EP300_pDS268,5.903740882873535,7704.0,2185,38.836967
TCGCACTGAACCAC,EP300_pDS268,4.871368408203125,12570.0,2913,36.20525
TCGCACTGTAAAGG,BHLHE40_pDS258,4.93599271774292,15459.0,3091,40.70888
TCGCAGCTAACGGG,EP300_pDS268,6.74021577835083,7327.0,2217,33.833767
TCGCAGCTATCGGT,ZNF326_pDS262,5.358311653137207,10593.0,2693,34.947605
TCGCAGCTCAGATC,DDIT3_pDS263,6.454905033111572,9271.0,2450,35.709663
TCGCAGCTGTGCAT,62(mod)_pBA581,5.24921178817749,10147.0,2609,36.72021
TCGCCATGAACGGG,SPI1_pDS255,6.103398323059082,7685.0,2151,36.356537
TCGGACCTCAACCA,62(mod)_pBA581,5.642610549926758,10869.0,2499,40.77652
TCGGACCTGGAGGT,62(mod)_pBA581,5.450547218322754,9969.0,2562,36.814125
TCGGCACTAAGAGT,62(mod)_pBA581,6.503814220428467,12976.0,3098,35.372997
TCGGCACTCCTGAA,62(mod)_pBA581,5.552171230316162,11483.0,2735,38.92372
TCGGTAGAGGAAAT,DDIT3_pDS263,5.23850679397583,11097.0,2644,39.316933
TCGGTAGAGGTCAT,EP300_pDS268,5.433241367340088,10516.0,2645,34.395206
TCGGTAGATGCCCT,SPI1_pDS255,5.000743389129639,9595.0,2451,37.957268
TCGGTAGATTCGCC,62(mod)_pBA581,6.046847343444824,8215.0,2329,38.668453
TCGTAGGAGACGTT,62(mod)_pBA581,6.139351844787598,7995.0,2257,36.6354
TCGTGAGAATGCTG,EP300_pDS268,5.065338611602783,8028.0,2179,37.22755
TCGTGAGACGTTGA,DDIT3_pDS263,5.3392767906188965,9947.0,2483,39.901478
TCGTGAGATCTAGG,BHLHE40_pDS258,5.248093605041504,10201.0,2578,34.12076
TCGTTATGCCTTGC,SNAI1_pDS266,5.797666072845459,9470.0,2439,37.10665
TCGTTATGGTCAAC,SPI1_pDS255,5.703063011169434,10850.0,2713,38.092167
TCTAACACAAGAAC,62(mod)_pBA581,5.323134899139404,11283.0,2768,35.79722
TCTAACACGGGAGT,CREB1_pDS269,6.306058406829834,11317.0,2478,41.470093
TCTAAGCTAGTTCG,EP300_pDS268,5.2192511558532715,10025.0,2618,34.829445
TCTAAGCTCCTCAC,62(mod)_pBA581,6.6397294998168945,7948.0,2481,30.154736
TCTAAGCTCGACTA,62(mod)_pBA581,6.910142421722412,7877.0,2179,36.06703
TCTAAGCTGTAAAG,CREB1_pDS269,5.25143575668335,11408.0,2664,37.940403
TCTACAACAGAGAT,SPI1_pDS255,6.943918228149414,7919.0,2329,33.017677
TCTACAACAGCACT,62(mod)_pBA581,6.68078088760376,3985.0,1461,40.32622
TCTACAACCTCGCT,62(mod)_pBA581,6.531881809234619,5556.0,1788,38.26494
TCTACAACTTGAGC,62(mod)_pBA581,7.641678333282471,2632.0,1062,39.74943
TCTAGACTTGGAGG,SNAI1_pDS266,6.972729206085205,6323.0,1959,37.849804
TCTAGTTGAAGGGC,62(mod)_pBA581,6.541082859039307,6862.0,2216,31.50685
TCTAGTTGAGTCGT,CREB1_pDS269,5.471635818481445,11860.0,3015,31.53457
TCTAGTTGGAGAGC,62(mod)_pBA581,8.192342758178711,2785.0,1199,30.843805
TCTAGTTGGATGAA,DDIT3_pDS263,4.426600933074951,18185.0,3488,36.882046
TCTAGTTGGTCACA,SPI1_pDS255,7.126785755157471,7296.0,2361,28.90625
TCTATGTGTCCCGT,BHLHE40_pDS258,5.798898220062256,8948.0,2459,34.689316
TCTATGTGTCCTAT,CREB1_pDS269,4.924575328826904,14377.0,3002,40.37699
TCTATGTGTCTCTA,DDIT3_pDS263,6.12769889831543,7358.0,2179,35.434784
TCTCAAACAACGGG,62(mod)_pBA581,5.970794677734375,9346.0,2465,37.869064
TCTCAAACAGCTAC,EP300_pDS268,6.082083225250244,7813.0,2206,36.61377
TCTCAAACCTCATT,62(mod)_pBA581,6.280101776123047,9005.0,2453,35.83167
TCTCAAACGTCTAG,EP300_pDS268,4.78907585144043,16332.0,3186,39.65834
TCTCCACTAGATCC,BHLHE40_pDS258,5.450887203216553,11985.0,2853,36.979557
TCTCCACTCGAGAG,62(mod)_pBA581,6.944495677947998,3437.0,1318,37.96916
TCTCCACTCGGAGA,ZNF326_pDS262,5.576928615570068,10365.0,2681,37.45297
TCTCCACTCTCGAA,BHLHE40_pDS258,5.761263847351074,8380.0,2489,31.189596
TCTCCACTGGACAG,62(mod)_pBA581,5.451297760009766,7662.0,2144,37.26181
TCTCCACTTCCTCG,BHLHE40_pDS258,5.317224502563477,12573.0,2830,37.116272
TCTCTAGAAAACGA,ZNF326_pDS262,5.515979766845703,9559.0,2514,37.08159
TCTCTAGAAGATCC,SNAI1_pDS266,5.61252498626709,9390.0,2452,34.79233
TCTCTAGAAGTCGT,62(mod)_pBA581,5.837705135345459,14227.0,3302,35.45122
TCTCTAGAATCAGC,EP300_pDS268,5.7817864418029785,9068.0,2418,34.4839
TCTCTAGACACAAC,ZNF326_pDS262,7.848770618438721,4622.0,1696,31.401384
TCTCTAGAGTCGAT,62(mod)_pBA581,7.003355026245117,4694.0,1541,40.84327
TCTCTAGATTAGGC,EP300_pDS268,4.804394245147705,8907.0,2328,36.959694
TCTGATACACGTAC,EP300_pDS268,5.488790512084961,13469.0,2989,38.443832
TCTGATACATGTCG,ZNF326_pDS262,5.450222492218018,10129.0,2710,29.943726
TCTGATACCGATAC,62(mod)_pBA581,6.327394962310791,8804.0,2525,30.497501
TCTGATACCGTGTA,SPI1_pDS255,9.121635437011719,7238.0,2367,28.214334
TCTGATACTAGCCA,SNAI1_pDS266,5.501658916473389,12613.0,2991,35.732975
TCTTACGAATACCG,DDIT3_pDS263,5.321249008178711,9625.0,2555,33.122078
TCTTACGACTACGA,EP300_pDS268,5.86071252822876,8922.0,2356,38.80982
TCTTACGAGGACGA,SPI1_pDS255,5.4106221199035645,13475.0,3103,33.563374
TCTTACGATTCGGA,62(mod)_pBA581,4.419764995574951,11858.0,2822,35.986507
TCTTACGATTTGCT,DDIT3_pDS263,5.15596342086792,11117.0,2601,38.40964
TCTTCAGAAGGGTG,62(mod)_pBA581,4.863081455230713,10560.0,2513,36.647728
TCTTCAGAGATAAG,SPI1_pDS255,6.746275424957275,6962.0,2052,33.92216
TCTTGATGCCCTTG,SPI1_pDS255,5.147033214569092,9076.0,2506,32.598877
TCTTGATGCGTCTC,SPI1_pDS255,5.71588134765625,11420.0,2858,31.687243
TCTTGATGGACGTT,62(mod)_pBA581,4.966855525970459,10978.0,2689,37.89397
TGAAATTGCCTCGT,SNAI1_pDS266,7.215423583984375,6298.0,1728,39.349205
TGAAATTGTTTGTC,BHLHE40_pDS258,4.478616714477539,13877.0,3039,38.906105
TGAACCGATATGGC,ZNF326_pDS262,5.33774471282959,7888.0,2168,38.133873
TGAACCGATCCGAA,CREB1_pDS269,5.062371253967285,14937.0,3120,38.242184
TGAAGCACGTCATG,ZNF326_pDS262,5.507167816162109,9168.0,2590,33.136997
TGAAGCACTCACCC,CREB1_pDS269,5.664573669433594,10130.0,2582,34.988155
TGAAGCACTGACCA,SNAI1_pDS266,5.152653694152832,13707.0,3221,33.112053
TGAAGCACTGCAAC,SNAI1_pDS266,5.191987991333008,14557.0,3099,36.999382
TGAAGCTGATTCTC,SPI1_pDS255,5.365044593811035,12316.0,3006,31.365704
TGAAGCTGGAGGAC,SPI1_pDS255,5.418509483337402,10109.0,2616,33.940052
TGAAGCTGTTTACC,62(mod)_pBA581,4.565474510192871,15383.0,3372,34.037575
TGAATAACACAGTC,CREB1_pDS269,5.60938024520874,11732.0,2733,36.166042
TGAATAACTCGTAG,SNAI1_pDS266,5.165676593780518,10221.0,2559,35.789062
TGACACGAACCAGT,BHLHE40_pDS258,4.666340351104736,16450.0,3383,36.53881
TGACACGACATCAG,ZNF326_pDS262,4.050217151641846,22792.0,3690,42.555058
TGACACGAGCAGTT,62(mod)_pBA581,4.723002910614014,15527.0,3244,37.13458
TGACCAGAACCCTC,62(mod)_pBA581,4.814448356628418,16301.0,3213,41.678425
TGACCAGACTAGCA,ZNF326_pDS262,5.323572635650635,14325.0,3194,39.773838
TGACCAGAGCTGAT,EP300_pDS268,9.472064018249512,6406.0,2249,29.425539
TGACCAGATGTGGT,62(mod)_pBA581,5.356276988983154,13293.0,3090,33.987812
TGACCGCTGTTCGA,62(mod)_pBA581,5.404153347015381,11268.0,2764,35.575474
TGACGATGCTCATT,CREB1_pDS269,6.810567855834961,8228.0,2228,37.74456
TGACGATGTCGTGA,SNAI1_pDS266,4.951130390167236,14847.0,3199,39.2874
TGACGATGTGCTGA,62(mod)_pBA581,6.157415866851807,9878.0,2528,39.076736
TGACGATGTGTCAG,ZNF326_pDS262,7.213136196136475,6240.0,1901,38.5934
TGACGCCTCCGAAT,BHLHE40_pDS258,5.035468578338623,12148.0,2763,37.023624
TGACGCCTGGACAG,EP300_pDS268,6.0883259773254395,10572.0,2636,39.184715
TGACTGGAACCTTT,CREB1_pDS269,6.543783664703369,9117.0,2496,34.660522
TGACTGGAATCTCT,DDIT3_pDS263,5.480562210083008,11079.0,2628,35.406136
TGACTGGACAAGCT,SPI1_pDS255,7.4419660568237305,9907.0,2635,34.490765
TGACTGGACTTTAC,62(mod)_pBA581,9.373420715332031,10683.0,3198,26.436459
TGACTGGAGCTAAC,BHLHE40_pDS258,5.550217628479004,10359.0,2558,35.521236
TGACTGGAGTTAGC,62(mod)_pBA581,7.460519790649414,9263.0,2696,29.717184
TGACTTTGCATTGG,SNAI1_pDS266,5.7748541831970215,9858.0,2641,33.045948
TGACTTTGCTGTGA,62(mod)_pBA581,5.0989484786987305,14276.0,3047,38.226643
TGACTTTGGAGAGC,DDIT3_pDS263,5.509013652801514,10343.0,2587,39.4373
TGACTTTGTTTGGG,SPI1_pDS255,5.947923183441162,8192.0,2305,35.095215
TGAGACACCCTGTC,SPI1_pDS255,5.292043685913086,12799.0,2804,36.664062
TGAGCAACACTCAG,ZNF326_pDS262,4.492262840270996,13384.0,2833,41.347878
TGAGCAACAGCATC,62(mod)_pBA581,5.872613430023193,6300.0,1860,35.80384
TGAGCAACAGGGTG,CREB1_pDS269,6.031301975250244,11014.0,2756,37.860905
TGAGCAACGACAGG,SNAI1_pDS266,4.953001022338867,13271.0,2970,34.0743
TGAGCAACTGGTCA,SPI1_pDS255,7.227710723876953,8590.0,2530,30.365456
TGAGCAACTGTGGT,CREB1_pDS269,5.458573341369629,9283.0,2401,38.0265
TGAGCAACTTGAGC,62(mod)_pBA581,6.639430522918701,10788.0,2553,39.91472
TGAGCTGAGTCTTT,BHLHE40_pDS258,6.604529857635498,7859.0,2311,35.72519
TGAGGACTAGGCGA,BHLHE40_pDS258,6.038717746734619,9912.0,2501,36.729546
TGAGGACTATCTTC,SNAI1_pDS266,5.507427215576172,12797.0,2968,34.091263
TGAGGACTCAACTG,EP300_pDS268,6.760421276092529,8719.0,2375,37.573116
TGAGGACTCTCATT,ZNF326_pDS262,5.109515190124512,12844.0,2865,42.07863
TGAGGACTTGGAGG,EP300_pDS268,6.5430378913879395,10317.0,2676,38.005234
TGAGGACTTGGTGT,BHLHE40_pDS258,5.0778069496154785,15801.0,3218,40.953106
TGAGGTACGAGGGT,CREB1_pDS269,6.29871940612793,7580.0,2179,37.044853
TGAGGTACGTAGCT,SPI1_pDS255,5.710655689239502,7566.0,2096,36.80941
TGAGGTACGTGCAT,ZNF326_pDS262,4.8415913581848145,10893.0,2600,38.40999
TGAGTCGAAATCGC,SPI1_pDS255,6.388505458831787,9500.0,2551,37.589474
TGAGTCGACGTGTA,62(mod)_pBA581,7.053663730621338,3785.0,1398,39.170628
TGAGTCGACTGTCC,SPI1_pDS255,4.872740745544434,12951.0,2891,38.305923
TGAGTCGAGATAAG,SNAI1_pDS266,5.695807456970215,9847.0,2498,36.214077
TGAGTCGAGCTCCT,62(mod)_pBA581,5.857452392578125,8271.0,2339,35.912003
TGAGTCGAGCTGAT,SPI1_pDS255,7.485732078552246,7396.0,2382,28.028664
TGAGTCGATGCTCC,CREB1_pDS269,5.609381675720215,10410.0,2559,36.926033
TGATAAACGTACGT,BHLHE40_pDS258,5.493908882141113,16933.0,3544,37.490406
TGATAAACTAACCG,62(mod)_pBA581,6.802734851837158,6626.0,1912,40.33499
TGATACCTTAACGC,62(mod)_pBA581,5.302330493927002,10683.0,2609,34.68127
TGATACCTTGGATC,62(mod)_pBA581,6.239178657531738,11205.0,3030,28.915663
TGATATGAGAGGTG,62(mod)_pBA581,5.84757661819458,10012.0,2595,36.516182
TGATATGATGGCAT,ZNF326_pDS262,6.558687210083008,7745.0,2396,29.825693
TGATCACTAGATGA,SPI1_pDS255,5.525115013122559,10329.0,2640,34.533836
TGATCACTGCGAGA,SNAI1_pDS266,7.541681289672852,7448.0,2319,33.88829
TGATCACTGGAAGC,62(mod)_pBA581,5.650693893432617,9827.0,2500,37.753128
TGATCACTTCCGTC,SPI1_pDS255,4.99163293838501,10563.0,2605,36.160545
TGATCGGAACCACA,SPI1_pDS255,6.065072536468506,8366.0,2485,31.532393
TGATCGGACCCACT,62(mod)_pBA581,7.517438888549805,4567.0,1627,34.836872
TGATCGGAGACGAG,BHLHE40_pDS258,5.933223724365234,7944.0,2281,37.595974
TGATCGGATCCCAC,62(mod)_pBA581,5.0315375328063965,14101.0,3177,35.562332
TGATCGGATGGAGG,BHLHE40_pDS258,6.471733093261719,9517.0,2480,38.69917
TGATTAGAACAGTC,62(mod)_pBA581,5.386565208435059,11588.0,2776,40.01208
TGATTAGACTTGTT,62(mod)_pBA581,6.194851875305176,9395.0,2587,33.28722
TGATTAGATACAGC,EP300_pDS268,5.10517692565918,13802.0,3155,38.66271
TGATTCACCAGAGG,DDIT3_pDS263,6.7302470207214355,6591.0,2058,31.887136
TGATTCACCCTCAC,ZNF326_pDS262,5.744010925292969,9374.0,2455,36.597332
TGATTCACCTAGCA,ZNF326_pDS262,6.978376865386963,8263.0,2363,34.019123
TGATTCACCTTGAG,SPI1_pDS255,7.244688034057617,4548.0,1594,36.543537
TGATTCACGACGAG,62(mod)_pBA581,4.51222038269043,13056.0,3098,29.534313
TGATTCACTAGACC,62(mod)_pBA581,6.359663486480713,5201.0,1663,38.658207
TGATTCTGAGCACT,62(mod)_pBA581,5.339065074920654,15368.0,3334,36.549973
TGATTCTGCAGTCA,62(mod)_pBA581,5.7983622550964355,9885.0,2635,36.176025
TGATTCTGGGTATC,EP300_pDS268,5.7636637687683105,9432.0,2728,31.456743
TGCAACGAAACAGA,ZNF326_pDS262,5.45046329498291,9473.0,2418,39.691757
TGCAACGACACACA,62(mod)_pBA581,4.978148460388184,12266.0,2957,34.42035
TGCAACGACTGTCC,EP300_pDS268,5.336785316467285,8962.0,2420,34.322697
TGCAACGATGCTTT,EP300_pDS268,5.119722843170166,12208.0,2799,39.236565
TGCAACGATTTGGG,EP300_pDS268,5.187850475311279,11861.0,2791,40.763847
TGCAAGACAACCTG,SNAI1_pDS266,8.501917839050293,4108.0,1657,29.016554
TGCAAGACACGCAT,SNAI1_pDS266,6.3971333503723145,7469.0,2314,32.521088
TGCAAGACCAAAGA,SPI1_pDS255,5.530508518218994,9076.0,2503,35.24292
TGCAAGACGTAGGG,62(mod)_pBA581,5.132298469543457,6510.0,2152,28.1106
TGCAAGACTCCTGC,62(mod)_pBA581,6.150291919708252,7684.0,2280,31.559084
TGCAAGACTCGTTT,62(mod)_pBA581,5.77634334564209,7637.0,2329,28.021475
TGCAAGACTGAGAA,BHLHE40_pDS258,5.279569625854492,16983.0,3468,41.7486
TGCAAGACTGCTGA,ZNF326_pDS262,6.286163806915283,8187.0,2308,33.463604
TGCAAGACTTCTAC,EP300_pDS268,4.726067543029785,23308.0,3994,39.62847
TGCAATCTGGGCAA,BHLHE40_pDS258,6.54791784286499,9527.0,2454,38.039257
TGCACAGACGACAT,BHLHE40_pDS258,6.365276336669922,8919.0,2415,38.161434
TGCACGCTCACTAG,62(mod)_pBA581,5.25250244140625,10910.0,2682,37.259396
TGCACGCTGGAACG,SNAI1_pDS266,5.595716953277588,11280.0,2699,37.283928
TGCACGCTTGCCCT,62(mod)_pBA581,7.394755840301514,9199.0,2618,33.32971
TGCACGCTTGTTCT,SPI1_pDS255,5.255725860595703,12631.0,2934,34.206776
TGCAGATGCGAGAG,DDIT3_pDS263,5.552372455596924,10084.0,2544,37.19754
TGCATGGAATCTCT,62(mod)_pBA581,5.993283748626709,9468.0,2563,34.347275
TGCATGGACTGTTT,CREB1_pDS269,5.427346706390381,9050.0,2575,31.23757
TGCATGGAGGTGGA,SPI1_pDS255,7.803934574127197,3654.0,1404,37.38369
TGCCAAGACCCAAA,SPI1_pDS255,7.318661689758301,6196.0,2029,33.521626
TGCCAAGAGTCTGA,SNAI1_pDS266,5.303995609283447,14055.0,3046,35.941948
TGCCAAGATGTCGA,CREB1_pDS269,6.20438814163208,5245.0,1687,41.42993
TGCCACTGAACTGC,CREB1_pDS269,5.839706897735596,8753.0,2316,37.388622
TGCCACTGGTTTCT,BHLHE40_pDS258,7.869750022888184,12104.0,2574,36.20818
TGCCACTGTCTCCG,62(mod)_pBA581,5.570070743560791,11423.0,2663,35.886215
TGCCAGCTACTCTT,62(mod)_pBA581,5.6699538230896,11031.0,2859,28.773457
TGCCCAACACAGTC,ZNF326_pDS262,5.530396938323975,12007.0,2842,37.066956
TGCCCAACTCGCCT,62(mod)_pBA581,6.156059265136719,8413.0,2447,31.546415
TGCCCAACTCGTGA,SNAI1_pDS266,5.863400936126709,9907.0,2548,36.122326
TGCCGACTAGAACA,BHLHE40_pDS258,5.4229207038879395,14481.0,3075,38.199142
TGCCGACTGGCGAA,SNAI1_pDS266,5.979498386383057,9506.0,2668,30.143038
TGCCGACTTTGCGA,62(mod)_pBA581,5.5276198387146,11022.0,2601,39.486576
TGCGAAACCGCTAA,CREB1_pDS269,5.654267311096191,9925.0,2565,37.168766
TGCGAAACGCGTTA,ZNF326_pDS262,6.278904914855957,7911.0,2368,31.411959
TGCGAAACTGCGTA,SNAI1_pDS266,13.25796890258789,6871.0,2732,27.923212
TGCGAAACTGGTAC,BHLHE40_pDS258,5.588242530822754,10044.0,2527,36.240543
TGCGAAACTTCCGC,EP300_pDS268,4.786319255828857,17193.0,3386,37.96092
TGCGAAACTTTCAC,62(mod)_pBA581,6.56105899810791,6745.0,2110,35.122314
TGCGATGAAAGATG,BHLHE40_pDS258,4.925546169281006,10866.0,2619,36.913307
TGCGATGAACGCAT,ZNF326_pDS262,6.328773021697998,8115.0,2369,31.238447
TGCGATGAAGCACT,DDIT3_pDS263,5.851240634918213,8436.0,2435,33.641537
TGCGATGACCGATA,DDIT3_pDS263,6.105071544647217,8414.0,2382,35.310196
TGCGATGACTACGA,62(mod)_pBA581,6.501153945922852,10239.0,2500,38.734253
TGCGATGATGCACA,SPI1_pDS255,5.449438095092773,11401.0,2790,32.37435
TGCGATGATTCTTG,62(mod)_pBA581,5.195573329925537,11336.0,2809,34.139027
TGCGCACTACTAGC,ZNF326_pDS262,9.025638580322266,3578.0,1290,41.643375
TGCGCACTCTTGGA,CREB1_pDS269,5.905240058898926,11563.0,2901,34.567154
TGCGCACTTTCGGA,62(mod)_pBA581,6.991859436035156,8287.0,2454,34.749035
TGCGTAGAAAAAGC,BHLHE40_pDS258,7.0786027908325195,13864.0,3163,34.12418
TGCGTAGAAGCACT,62(mod)_pBA581,5.428337097167969,12389.0,2908,36.53458
TGCGTAGAGTAGCT,EP300_pDS268,6.086390018463135,9200.0,2501,36.652172
TGCGTAGAGTGAGG,62(mod)_pBA581,4.509483814239502,11009.0,2659,37.48751
TGCGTAGATCTCGC,SPI1_pDS255,6.473512649536133,8282.0,2313,36.146324
TGCTAGGACCCAAA,ZNF326_pDS262,5.666581630706787,10420.0,2582,36.12284
TGCTAGGATGCAGT,62(mod)_pBA581,5.340198516845703,10809.0,2691,35.137386
TGCTAGGATGTGAC,EP300_pDS268,5.018976211547852,16288.0,3361,35.82172
TGCTATACAAAGTG,62(mod)_pBA581,4.758306980133057,12579.0,2741,38.847378
TGCTATACAACAGA,SPI1_pDS255,5.589284420013428,11704.0,2826,36.61996
TGCTATACTAGAAG,62(mod)_pBA581,4.9102888107299805,8933.0,2310,37.893204
TGCTGAGAAATGCC,ZNF326_pDS262,6.197511672973633,13095.0,3181,33.241695
TGCTGAGAACGGTT,SNAI1_pDS266,6.371493339538574,9749.0,2679,29.353846
TGCTGAGAAGCAAA,CREB1_pDS269,5.272862434387207,11078.0,2636,36.558945
TGCTGAGAGCATAC,ZNF326_pDS262,5.552595615386963,12439.0,2870,39.32792
TGCTGAGATGAGAA,BHLHE40_pDS258,6.107561111450195,11587.0,2849,35.369747
TGCTTAACAGCTCA,SNAI1_pDS266,5.422268390655518,11712.0,2821,36.75717
TGCTTAACGGACTT,EP300_pDS268,5.447608947753906,10940.0,2713,34.597805
TGCTTAACTTCGTT,EP300_pDS268,5.710624694824219,8926.0,2302,39.09488
TGGAAAGACCCGTT,62(mod)_pBA581,7.237649917602539,8371.0,2499,29.040735
TGGAAAGACCGTAA,BHLHE40_pDS258,5.055035591125488,12414.0,2830,37.94909
TGGAAAGAGCGTAT,62(mod)_pBA581,6.239121913909912,6497.0,2130,30.840258
TGGAAAGATGGTAC,DDIT3_pDS263,8.00660228729248,3255.0,1352,30.537634
TGGAACACCGAACT,DDIT3_pDS263,4.951323509216309,13815.0,3170,35.910244
TGGAACACCGACTA,62(mod)_pBA581,5.398831367492676,11621.0,2706,34.796078
TGGAACACCTGGAT,SPI1_pDS255,6.155717849731445,8278.0,2489,33.401787
TGGAACACGGTGTT,DDIT3_pDS263,5.386874675750732,7788.0,2060,37.57062
TGGAACACTGACTG,BHLHE40_pDS258,4.840956211090088,14391.0,3115,36.321312
TGGAACTGCTTAGG,SNAI1_pDS266,6.835422039031982,5030.0,1608,38.56859
TGGAACTGGCCTTC,SNAI1_pDS266,6.4696044921875,5162.0,1735,39.577682
TGGAACTGGGGCAA,62(mod)_pBA581,5.391887187957764,13091.0,3018,34.69793
TGGACCCTAGGGTG,SNAI1_pDS266,5.789498805999756,12098.0,2889,38.066116
TGGACCCTCACTTT,BHLHE40_pDS258,7.32436990737915,7559.0,2345,25.175287
TGGACCCTCGGTAT,SPI1_pDS255,15.282647132873535,4288.0,1541,17.66488
TGGACCCTCTCTAT,ZNF326_pDS262,5.81058406829834,9318.0,2466,37.106987
TGGACCCTCTGCTC,62(mod)_pBA581,5.264636039733887,11346.0,2763,34.461483
TGGACCCTGGAACG,ZNF326_pDS262,4.927306652069092,13713.0,3033,39.317486
TGGACCCTTCAGGT,62(mod)_pBA581,5.326927661895752,9064.0,2563,30.052958
TGGACTGAATGACC,CREB1_pDS269,5.4836506843566895,9881.0,2516,36.514523
TGGACTGACGACTA,DDIT3_pDS263,4.998417854309082,11776.0,2749,36.910927
TGGACTGAGCGAGA,DDIT3_pDS263,5.998470783233643,11251.0,2811,35.789192
TGGACTGATCCTTA,ZNF326_pDS262,6.177221298217773,10763.0,2588,40.648518
TGGACTGATTCCAT,DDIT3_pDS263,8.149576187133789,4954.0,1659,40.55309
TGGAGACTAAACAG,BHLHE40_pDS258,5.618819713592529,11156.0,2625,39.171745
TGGAGACTCGCAAT,CREB1_pDS269,4.848422050476074,11617.0,2731,37.037357
TGGAGACTCTGTTT,62(mod)_pBA581,5.920334815979004,9797.0,2551,33.68378
TGGAGACTGTAGGG,62(mod)_pBA581,5.370361328125,16882.0,3531,35.974888
TGGAGACTTTGCGA,CREB1_pDS269,4.961903095245361,12880.0,2887,36.81677
TGGAGGGAACTCAG,62(mod)_pBA581,6.031217098236084,10261.0,2610,38.306374
TGGAGGGATCAAGC,62(mod)_pBA581,7.099741458892822,4385.0,1636,33.68301
TGGAGGGATCCTCG,62(mod)_pBA581,6.229619979858398,5858.0,1914,36.684875
TGGAGGGATCGTAG,BHLHE40_pDS258,7.470860958099365,7101.0,2237,35.309025
TGGATCGAAGACTC,ZNF326_pDS262,5.2392473220825195,8488.0,2334,39.019794
TGGATCGAAGGGTG,62(mod)_pBA581,8.937634468078613,8383.0,2347,37.677357
TGGATCGAGAGGGT,DDIT3_pDS263,5.375003814697266,16557.0,3483,35.408867
TGGATCGAGCGAAG,SPI1_pDS255,6.459585189819336,7127.0,2137,35.119965
TGGATGACAAAGCA,62(mod)_pBA581,5.089186668395996,12187.0,2703,37.00361
TGGATGACACTAGC,CREB1_pDS269,6.122293472290039,10708.0,2780,33.86871
TGGATGACGTACCA,DDIT3_pDS263,6.884707927703857,9918.0,2709,28.178244
TGGATGTGACGTAC,CREB1_pDS269,5.3831610679626465,12061.0,2832,35.00539
TGGATGTGCAAGCT,SPI1_pDS255,7.697696208953857,8420.0,2346,37.84137
TGGATGTGCTACGA,SPI1_pDS255,5.024519920349121,9450.0,2436,36.10582
TGGATGTGTTTCGT,SPI1_pDS255,5.177818775177002,16438.0,3210,39.24813
TGGATTCTAGTAGA,SPI1_pDS255,6.334005832672119,8230.0,2379,34.69016
TGGATTCTATTCTC,62(mod)_pBA581,4.580626964569092,11395.0,2742,35.577007
TGGATTCTCACAAC,DDIT3_pDS263,6.409407615661621,8715.0,2375,36.006886
TGGATTCTCCAGTA,ZNF326_pDS262,6.393265724182129,8134.0,2256,34.15294
TGGATTCTGACGAG,EP300_pDS268,5.427879810333252,14657.0,3137,45.609608
TGGATTCTGGCAAG,DDIT3_pDS263,5.90355110168457,9843.0,2508,39.855736
TGGATTCTGTTGTG,CREB1_pDS269,5.584854602813721,10471.0,2602,38.535
TGGCAATGAGCTCA,62(mod)_pBA581,6.813173294067383,7606.0,2160,39.31107
TGGCAATGAGGTCT,62(mod)_pBA581,14.884893417358398,4925.0,1943,27.160494
TGGCAATGCGAGTT,BHLHE40_pDS258,5.646018028259277,11582.0,2739,36.77258
TGGCAATGTTGTCT,EP300_pDS268,5.815603733062744,8912.0,2522,33.00045
TGGCACCTCCTGTC,62(mod)_pBA581,5.778391361236572,10329.0,2514,38.125664
TGGCACCTGATAAG,SNAI1_pDS266,5.540133476257324,10145.0,2535,36.851963
TGGCACCTGGGATG,BHLHE40_pDS258,5.379091262817383,8338.0,2383,34.320663
TGGCACCTTCTCCG,CREB1_pDS269,5.257610321044922,8253.0,2204,35.69611
TGGCACCTTCTTTG,62(mod)_pBA581,5.360316753387451,8469.0,2315,36.52143
TGGCACCTTTGCAG,ZNF326_pDS262,4.653765678405762,11620.0,2782,38.017384
TGGGTATGAAGCCT,62(mod)_pBA581,5.825242042541504,11434.0,2717,39.195454
TGGGTATGGACAGG,62(mod)_pBA581,6.964605808258057,8659.0,2539,33.248642
TGGGTATGTGTCAG,DDIT3_pDS263,5.737505912780762,10042.0,2476,41.033554
TGGTACGAACTACG,62(mod)_pBA581,5.476383209228516,12780.0,2969,39.06103
TGGTAGACCCATGA,DDIT3_pDS263,5.737900257110596,6140.0,2003,30.765472
TGGTAGACGCTAAC,SPI1_pDS255,6.940756320953369,8567.0,2342,39.37201
TGGTAGTGAGAACA,SNAI1_pDS266,5.503706455230713,10602.0,2631,39.379364
TGGTAGTGAGTCGT,SPI1_pDS255,6.243188381195068,7606.0,2235,33.092297
TGGTAGTGGAATCC,CREB1_pDS269,6.124601364135742,10211.0,2815,30.290863
TGGTAGTGGTATCG,BHLHE40_pDS258,7.793528079986572,7843.0,2419,28.717033
TGGTAGTGTGCCCT,CREB1_pDS269,6.634223937988281,6298.0,1896,39.76822
TGGTAGTGTTTCGT,ZNF326_pDS262,5.007198333740234,13349.0,2808,38.309986
TGGTATCTAACTGC,ZNF326_pDS262,5.484830856323242,8856.0,2507,30.883846
TGGTATCTAGATGA,EP300_pDS268,5.997990608215332,8549.0,2471,30.588373
TGGTATCTCTTCTA,62(mod)_pBA581,4.996746063232422,10531.0,2560,36.76764
TGGTATCTTGGTAC,ZNF326_pDS262,6.547171592712402,4884.0,1618,39.76249
TGGTATCTTTCTTG,SNAI1_pDS266,5.829894542694092,10890.0,2738,29.24433
TGGTCAGAATCGTG,CREB1_pDS269,4.1551289558410645,19625.0,3524,35.317196
TGGTCAGAATGGTC,62(mod)_pBA581,7.5630784034729,7734.0,2160,34.970913
TGGTCAGACATTCT,62(mod)_pBA581,6.942225456237793,8517.0,2262,36.397793
TGGTCAGATTATCC,EP300_pDS268,8.190085411071777,6897.0,2404,27.90664
TGGTTACTCATGAC,62(mod)_pBA581,4.9047017097473145,13231.0,3130,34.638348
TGGTTACTCGATAC,62(mod)_pBA581,6.667201995849609,8478.0,2291,37.556026
TGGTTACTCTCTTA,SNAI1_pDS266,5.503968238830566,12799.0,2970,38.293884
TGGTTACTTCCCGT,62(mod)_pBA581,6.419127941131592,9396.0,2531,37.150154
TGTAAAACCCGATA,62(mod)_pBA581,5.952035427093506,9821.0,2564,35.943386
TGTAAAACGATACC,ZNF326_pDS262,4.748766899108887,12293.0,2829,37.598633
TGTAAAACTCGCCT,BHLHE40_pDS258,5.38653564453125,12100.0,2787,39.03306
TGTAACCTCAGATC,EP300_pDS268,4.56045389175415,22570.0,3817,41.572884
TGTAACCTCATGAC,DDIT3_pDS263,5.2867231369018555,11855.0,2890,33.563896
TGTAATGAACGGAG,CREB1_pDS269,4.607428073883057,15331.0,3295,35.876865
TGTAATGACGGGAA,DDIT3_pDS263,6.999604225158691,5054.0,1680,40.58172
TGTAATGAGAATAG,EP300_pDS268,6.176628589630127,8804.0,2431,32.37933
TGTAATGAGAGCAG,EP300_pDS268,5.827418327331543,12034.0,2773,38.64052
TGTAATGAGGGTGA,ZNF326_pDS262,5.8073859214782715,11555.0,2757,39.766335
TGTAATGATCTGGA,ZNF326_pDS262,5.311980247497559,9702.0,2510,37.054214
TGTACTTGAGTTCG,62(mod)_pBA581,8.371133804321289,7342.0,2271,34.70444
TGTACTTGCATGCA,ZNF326_pDS262,5.345561981201172,12350.0,2904,37.75403
TGTACTTGCCCTAC,BHLHE40_pDS258,5.951889991760254,9411.0,2437,35.55414
TGTACTTGCTTCTA,62(mod)_pBA581,4.875185489654541,15574.0,3167,37.748814
TGTACTTGGGACGA,62(mod)_pBA581,5.680891513824463,10604.0,2761,36.052433
TGTAGGTGAACCTG,SPI1_pDS255,5.0844902992248535,10718.0,2731,33.286686
TGTAGGTGAACGAA,62(mod)_pBA581,5.778842449188232,12076.0,2903,38.3641
TGTAGGTGACACGT,62(mod)_pBA581,5.705583095550537,9619.0,2442,36.6982
TGTAGGTGCTCAAG,EP300_pDS268,9.558356285095215,5027.0,1922,29.33572
TGTAGGTGTCTCAT,CREB1_pDS269,5.025898456573486,12379.0,2961,34.962437
TGTAGTCTACTCTT,ZNF326_pDS262,5.242974281311035,12973.0,2968,35.897633
TGTAGTCTCATTCT,DDIT3_pDS263,5.494683742523193,7681.0,2223,34.969406
TGTAGTCTCCGAAT,SNAI1_pDS266,5.180869102478027,12601.0,2917,38.033646
TGTAGTCTCGCCTT,62(mod)_pBA581,4.911386489868164,13988.0,3068,36.426018
TGTAGTCTTGTAGC,BHLHE40_pDS258,7.808163642883301,5195.0,1729,38.15207
TGTAGTCTTGTTTC,SPI1_pDS255,5.112417221069336,14274.0,3168,33.907803
TGTATCTGACGTTG,DDIT3_pDS263,6.8642449378967285,8153.0,2260,35.10364
TGTATCTGCTTGCC,BHLHE40_pDS258,5.89516544342041,11166.0,2728,37.78096
TGTATCTGGCGAGA,SPI1_pDS255,5.353071689605713,11048.0,2705,36.27806
TGTATCTGTTAGGC,62(mod)_pBA581,4.697869300842285,11061.0,2596,39.987343
TGTATCTGTTCTGT,BHLHE40_pDS258,7.925259590148926,4685.0,1672,37.822838
TGTCAGGAGATACC,DDIT3_pDS263,6.115866661071777,6570.0,1959,36.621006
TGTCAGGATAACCG,ZNF326_pDS262,6.663226127624512,8595.0,2416,35.567192
TGTCAGGATTTCGT,62(mod)_pBA581,6.533441543579102,9947.0,2629,35.293526
TGTCTAACCGAATC,SNAI1_pDS266,6.173125743865967,9166.0,2434,37.148155
TGTCTAACTAGAGA,ZNF326_pDS262,5.58501672744751,10642.0,2602,38.795452
TGTCTAACTGAGAA,CREB1_pDS269,5.6248674392700195,10516.0,2620,39.070076
TGTGACGAACCAAC,BHLHE40_pDS258,7.976378440856934,6505.0,2216,30.207533
TGTGACGACATTCT,SPI1_pDS255,6.168942451477051,10785.0,2778,35.954014
TGTGACGACCTTCG,DDIT3_pDS263,5.404958724975586,11288.0,2622,38.878555
TGTGACGACTTGAG,EP300_pDS268,6.9365692138671875,6000.0,1906,37.833332
TGTGACGATTCGCC,EP300_pDS268,7.124248504638672,4580.0,1590,40.65502
TGTGAGACAACAGA,62(mod)_pBA581,5.404809474945068,9275.0,2302,39.22372
TGTGAGACCGTTAG,SPI1_pDS255,6.164057731628418,10478.0,2694,37.621685
TGTGAGACTTCTCA,ZNF326_pDS262,4.573049545288086,12631.0,2870,38.77939
TGTGAGTGAACCTG,62(mod)_pBA581,7.432770729064941,4113.0,1410,41.346622
TGTGAGTGACGGTT,SPI1_pDS255,6.442745208740234,11595.0,3013,33.318962
TGTGAGTGCAGCTA,SNAI1_pDS266,6.289142608642578,10716.0,2660,38.30363
TGTGATCTCATTTC,EP300_pDS268,6.574512958526611,8922.0,2631,35.249943
TGTGGATGCCCTAC,EP300_pDS268,5.363816261291504,10693.0,2627,34.50533
TGTGGATGCTCTTA,DDIT3_pDS263,4.708869457244873,16103.0,3234,37.31603
TGTGGATGGAAAGT,EP300_pDS268,5.845714569091797,8518.0,2336,35.35211
TGTGGATGGTAAAG,SNAI1_pDS266,6.015902042388916,8361.0,2342,35.785194
TGTTAAGAAAGGGC,62(mod)_pBA581,17.302391052246094,3297.0,1212,29.548895
TGTTAAGAGAACCT,SPI1_pDS255,5.353216648101807,16744.0,3324,42.553444
TGTTAAGAGACAGG,CREB1_pDS269,8.581170082092285,7687.0,2305,37.48699
TGTTAAGAGTAAGA,62(mod)_pBA581,6.476095199584961,9076.0,2514,34.33954
TGTTAAGAGTGCTA,CREB1_pDS269,5.990671634674072,9207.0,2477,36.099045
TGTTAAGATCTTTG,62(mod)_pBA581,13.321351051330566,5734.0,2029,24.429342
TGTTACACCTCGCT,CREB1_pDS269,4.785209655761719,14510.0,2929,41.11647
TGTTACACGGCGAA,SNAI1_pDS266,5.227682590484619,12278.0,2800,36.33328
TGTTACACTGGAAA,ZNF326_pDS262,4.487148284912109,16462.0,3283,35.437042
TGTTACACTTCAGG,SPI1_pDS255,5.741664409637451,10657.0,2565,40.57604
TGTTACTGATCGAC,EP300_pDS268,6.824202060699463,8286.0,2413,30.598455
TGTTACTGTCCGAA,62(mod)_pBA581,6.734767436981201,7851.0,2264,34.9637
TGTTACTGTTGCTT,62(mod)_pBA581,5.0507025718688965,16545.0,3188,40.051975
TTAACCACCTACCC,SPI1_pDS255,5.84111213684082,13286.0,3242,35.0143
TTACACACACCACA,62(mod)_pBA581,5.454555034637451,9316.0,2330,37.025112
TTACACACAGGCGA,62(mod)_pBA581,5.53544807434082,9175.0,2369,37.514988
TTACACACCAGTCA,DDIT3_pDS263,7.297343730926514,8026.0,2361,29.728382
TTACACACGTTGAC,SPI1_pDS255,4.435978412628174,14668.0,3028,36.14425
TTACACACTTCCCG,ZNF326_pDS262,5.14238166809082,12091.0,2766,40.848564
TTACACACTTGCTT,DDIT3_pDS263,5.474226474761963,12122.0,2759,36.842106
TTACAGCTACACAC,62(mod)_pBA581,5.99594783782959,9393.0,2571,35.512028
TTACAGCTACCTAG,62(mod)_pBA581,5.0317583084106445,8660.0,2406,37.690533
TTACAGCTGGGTGA,62(mod)_pBA581,4.927751541137695,14004.0,2936,37.95344
TTACAGCTTCTATC,SPI1_pDS255,6.739324569702148,9061.0,2763,23.959827
TTACGTACCAATCG,CREB1_pDS269,5.027278423309326,13724.0,2930,40.182148
TTACGTACGTAGCT,ZNF326_pDS262,5.471138954162598,12556.0,2985,37.31284
TTACTCGAACAGCT,62(mod)_pBA581,5.184636116027832,11388.0,2983,29.686539
TTACTCGAGTAGGG,DDIT3_pDS263,5.961339473724365,10181.0,2663,37.569984
TTACTCGAGTCGTA,62(mod)_pBA581,5.8824005126953125,9263.0,2402,37.385296
TTAGAATGTGGTGT,EP300_pDS268,4.477494239807129,15972.0,3209,36.507637
TTAGAATGTTGTCT,62(mod)_pBA581,4.430152416229248,21119.0,3644,39.041714
TTAGAATGTTTGGG,BHLHE40_pDS258,5.042530536651611,9081.0,2343,33.861908
TTAGACCTAGATGA,ZNF326_pDS262,5.284516334533691,10928.0,2783,36.063324
TTAGACCTCCTCCA,SPI1_pDS255,6.025401592254639,11476.0,2970,34.70419
TTAGACCTGGTATC,ZNF326_pDS262,5.644346237182617,9463.0,2410,37.070698
TTAGACCTGTGTCA,ZNF326_pDS262,5.525652885437012,10529.0,2462,37.920227
TTAGCTACTATTCC,CREB1_pDS269,5.505127906799316,12309.0,2760,38.992687
TTAGCTACTTGCTT,ZNF326_pDS262,5.791176795959473,8801.0,2391,39.63186
TTAGGGACACGCAT,SNAI1_pDS266,5.7151103019714355,10556.0,2735,37.173172
TTAGGGACCATTCT,62(mod)_pBA581,5.829929828643799,9150.0,2376,37.737705
TTAGGGACCCTTAT,EP300_pDS268,5.900002479553223,11792.0,2780,36.284237
TTAGGGACGAGACG,BHLHE40_pDS258,9.588635444641113,3419.0,1323,27.192982
TTAGGGACGGTCAT,62(mod)_pBA581,5.582305431365967,7684.0,2161,39.692867
TTAGGGTGAGAACA,SNAI1_pDS266,5.408027648925781,9867.0,2623,30.29996
TTAGGGTGCAGATC,62(mod)_pBA581,6.010728359222412,9633.0,2699,29.938753
TTAGGGTGGAGCAG,62(mod)_pBA581,5.539933204650879,9366.0,2388,35.18044
TTAGGTCTGGTGAG,62(mod)_pBA581,8.123100280761719,3936.0,1390,38.363823
TTAGTCACCCAGTA,62(mod)_pBA581,5.04897403717041,22225.0,4055,33.9587
TTAGTCACGTCACA,EP300_pDS268,5.847465991973877,8401.0,2350,32.258064
TTAGTCTGGTTCAG,SPI1_pDS255,6.025884628295898,7910.0,2227,35.79014
TTAGTCTGTCCAGA,SPI1_pDS255,5.443106651306152,11147.0,2915,31.446766
TTAGTCTGTGAACC,ZNF326_pDS262,4.751734256744385,14620.0,3150,36.0621
TTAGTCTGTTGCAG,EP300_pDS268,5.865641117095947,8564.0,2343,37.39638
TTATCCGAACGTTG,ZNF326_pDS262,5.959931373596191,8287.0,1860,42.54857
TTATCCGACATACG,62(mod)_pBA581,6.086348533630371,9535.0,2533,33.067646
TTATCCGACTCATT,62(mod)_pBA581,6.029042720794678,9275.0,2514,36.05391
TTATCCGACTTATC,62(mod)_pBA581,6.234225273132324,10650.0,2922,30.557642
TTATCCGAGTGTCA,62(mod)_pBA581,6.338710784912109,8966.0,2370,34.865047
TTATGAGAGTCAAC,DDIT3_pDS263,6.0251922607421875,11681.0,2823,33.906864
TTATGAGATTCAGG,62(mod)_pBA581,5.242966175079346,12814.0,2749,42.528286
TTATGCACCGAGTT,62(mod)_pBA581,7.358457565307617,8420.0,2845,22.251247
TTATGCACTAGCCA,EP300_pDS268,5.875143051147461,8714.0,2356,36.148727
TTATGGCTAGGCGA,62(mod)_pBA581,6.610818386077881,7338.0,2224,30.767134
TTATGGCTCGAACT,62(mod)_pBA581,6.01610803604126,11871.0,2768,38.26131
TTATGGCTGGTGAG,62(mod)_pBA581,5.116121768951416,13782.0,3053,36.148598
TTATTCCTTTGCTT,BHLHE40_pDS258,4.86663818359375,14750.0,3087,36.467796
TTCAAAGACATGGT,62(mod)_pBA581,6.014020919799805,8312.0,2268,37.283447
TTCAAAGACCTCCA,62(mod)_pBA581,6.636767387390137,7256.0,2121,40.049614
TTCAAAGACTGTAG,SPI1_pDS255,5.041251182556152,9484.0,2506,34.370056
TTCAAAGACTTGTT,BHLHE40_pDS258,7.484059810638428,5774.0,1884,34.11846
TTCAAAGAGCGAGA,EP300_pDS268,4.859081745147705,13678.0,3076,33.75247
TTCAAAGAGGACGA,SNAI1_pDS266,5.95020866394043,10791.0,2666,36.16903
TTCAAAGAGTCTTT,ZNF326_pDS262,4.682875156402588,12624.0,2864,38.03866
TTCAAAGATGAGGG,62(mod)_pBA581,5.962088108062744,7649.0,2302,33.986927
TTCAACACCTAGCA,SNAI1_pDS266,5.577049732208252,11195.0,2633,38.54399
TTCAACACTTAGGC,62(mod)_pBA581,8.89468002319336,3612.0,1497,32.49377
TTCAAGCTACTGGT,ZNF326_pDS262,6.9209089279174805,8421.0,2428,34.465157
TTCAAGCTCTAGCA,SPI1_pDS255,6.348188877105713,7755.0,2277,37.962605
TTCAAGCTGACTAC,CREB1_pDS269,4.722711563110352,11968.0,2770,38.791878
TTCAAGCTGGCGAA,SPI1_pDS255,6.372615337371826,9995.0,2570,36.328163
TTCAAGCTTAGCGT,ZNF326_pDS262,4.422525405883789,14168.0,3018,36.95652
TTCACAACGTCTGA,BHLHE40_pDS258,4.8655219078063965,12608.0,2910,34.98295
TTCACCCTCGTTAG,SPI1_pDS255,5.935837268829346,10742.0,2777,33.364365
TTCACCCTCTTGGA,EP300_pDS268,5.63157320022583,13982.0,3090,38.124866
TTCACCCTGGCAAG,62(mod)_pBA581,5.403639793395996,11451.0,2679,35.57768
TTCACCCTTATTCC,ZNF326_pDS262,5.046665191650391,12608.0,2793,37.468273
TTCACCCTTCACCC,62(mod)_pBA581,4.035581111907959,15393.0,3328,34.156166
TTCACCCTTCTGGA,62(mod)_pBA581,7.4443769454956055,3639.0,1390,39.26903
TTCACCCTTTGACG,62(mod)_pBA581,5.6838836669921875,9872.0,2543,35.818478
TTCAGACTACGTTG,BHLHE40_pDS258,6.97116231918335,6615.0,2150,32.13422
TTCAGACTAGGTTC,DDIT3_pDS263,4.60543966293335,13171.0,2888,37.663223
TTCAGACTTGAGCT,SNAI1_pDS266,5.88677978515625,13266.0,3055,30.896208
TTCAGTACCCAGTA,62(mod)_pBA581,5.974000453948975,11114.0,2738,38.833904
TTCAGTACGGAAAT,EP300_pDS268,5.637454509735107,10717.0,2558,41.817505
TTCAGTTGATGTGC,BHLHE40_pDS258,5.803824424743652,9348.0,2541,36.64955
TTCAGTTGCATTGG,62(mod)_pBA581,6.094347953796387,9302.0,2480,34.967216
TTCAGTTGCCCTAC,DDIT3_pDS263,6.07865571975708,9696.0,2587,37.73721
TTCATCGAGTGTCA,DDIT3_pDS263,5.6980977058410645,9454.0,2428,37.359848
TTCATCGATCTCCG,ZNF326_pDS262,6.383570671081543,5870.0,1883,36.405453
TTCATGACATCAGC,ZNF326_pDS262,5.031301021575928,9713.0,2537,36.950478
TTCATGACATTCCT,ZNF326_pDS262,5.212611198425293,10506.0,2654,34.561203
TTCATGACGGAGGT,CREB1_pDS269,6.033641815185547,9743.0,2564,37.863083
TTCATGACTCCTTA,DDIT3_pDS263,4.675803184509277,14087.0,3069,38.793472
TTCATGTGACCTCC,62(mod)_pBA581,10.989469528198242,5952.0,1936,39.53293
TTCATGTGAGCCTA,EP300_pDS268,4.99891996383667,13605.0,3054,37.28041
TTCATGTGCTTCCG,62(mod)_pBA581,5.8357110023498535,9011.0,2285,36.533127
TTCATGTGTCGATG,DDIT3_pDS263,5.5379180908203125,12029.0,2808,37.348297
TTCATTCTCTGAGT,SNAI1_pDS266,6.710192680358887,7649.0,2168,36.69281
TTCATTCTTCAGGT,SPI1_pDS255,6.673501968383789,10953.0,2782,35.469734
TTCCAAACATCTCT,CREB1_pDS269,5.702213764190674,10985.0,2665,36.970966
TTCCAAACTACGCA,CREB1_pDS269,5.77639627456665,11123.0,2903,28.15281
TTCCAAACTCTAGG,EP300_pDS268,6.114354610443115,8007.0,2298,34.894466
TTCCAAACTGTTCT,EP300_pDS268,5.847565650939941,7840.0,2260,36.130596
TTCCAAACTTACTC,BHLHE40_pDS258,5.293050765991211,15577.0,3451,32.49021
TTCCATGATATCTC,62(mod)_pBA581,6.383332252502441,8279.0,2493,33.965454
TTCCCACTAATCGC,62(mod)_pBA581,5.838551998138428,10872.0,2716,36.525017
TTCCCACTACTAGC,ZNF326_pDS262,5.136355400085449,11864.0,2842,35.35609
TTCCCACTCCCACT,CREB1_pDS269,5.852283000946045,10645.0,2691,37.037384
TTCCCACTGGTTCA,62(mod)_pBA581,6.700734615325928,9582.0,2435,42.397995
TTCCCACTGTTCAG,62(mod)_pBA581,7.516555309295654,7331.0,2237,34.369884
TTCCCACTTCTTTG,ZNF326_pDS262,4.959085941314697,12268.0,2795,37.34105
TTCCCACTTGCTAG,62(mod)_pBA581,5.15540075302124,11392.0,2753,35.035984
TTCCTAGAACGACT,62(mod)_pBA581,4.73779821395874,12630.0,2885,37.02003
TTCCTAGACCACAA,62(mod)_pBA581,6.064606189727783,8912.0,2589,28.81508
TTCCTAGAGAGGGT,62(mod)_pBA581,6.691361427307129,6834.0,2173,29.089846
TTCCTAGAGTTGCA,EP300_pDS268,5.537450790405273,8870.0,2431,35.71187
TTCCTAGATTGGCA,62(mod)_pBA581,4.2027506828308105,21704.0,3637,37.96821
TTCGAGGAGGTCTA,62(mod)_pBA581,5.22957706451416,12472.0,2898,36.930725
TTCGAGGAGTTACG,SPI1_pDS255,7.67767333984375,4412.0,1614,32.207615
TTCGATTGAGTCTG,ZNF326_pDS262,5.233279705047607,10038.0,2580,38.304443
TTCGATTGGTGTAC,EP300_pDS268,8.574474334716797,3039.0,1324,30.921053
TTCGGAGACAGAGG,SPI1_pDS255,5.109925746917725,14824.0,3246,37.587696
TTCGGAGAGAGGGT,62(mod)_pBA581,5.380139350891113,12173.0,2860,38.368656
TTCGGAGATCGTTT,62(mod)_pBA581,5.986258029937744,9216.0,2403,38.042534
TTCGGAGATGAACC,SNAI1_pDS266,6.3063530921936035,9127.0,2463,35.83872
TTCGGAGATGGGAG,DDIT3_pDS263,7.552395343780518,4733.0,1644,34.94612
TTCGTATGATGCCA,BHLHE40_pDS258,4.504441261291504,20885.0,3590,39.066315
TTCGTATGGACGAG,62(mod)_pBA581,6.650357246398926,4369.0,1534,35.934998
TTCGTATGGGGACA,62(mod)_pBA581,5.219419956207275,10772.0,2584,40.001858
TTCTACGAAAGAAC,62(mod)_pBA581,5.959547519683838,4673.0,1613,36.78579
TTCTACGAACGGGA,SPI1_pDS255,6.139068126678467,8167.0,2373,35.186092
TTCTACGACTGTAG,62(mod)_pBA581,6.082458019256592,7289.0,2225,32.953766
TTCTACGATTGCAG,62(mod)_pBA581,5.3629608154296875,7966.0,2136,40.133064
TTCTAGTGACACTG,62(mod)_pBA581,5.218545436859131,12200.0,2731,38.745903
TTCTAGTGGGAAGC,SNAI1_pDS266,5.073967933654785,13360.0,2972,36.601795
TTCTAGTGTTCCCG,SPI1_pDS255,5.16332483291626,13003.0,2732,40.072285
TTCTCAGAAAAAGC,BHLHE40_pDS258,5.010030746459961,8531.0,2330,34.673542
TTCTCAGACCAAGT,62(mod)_pBA581,4.928806781768799,13395.0,2982,36.294415
TTCTCAGACGATAC,62(mod)_pBA581,4.785330295562744,15575.0,3126,38.96379
TTCTCAGACTTGGA,SPI1_pDS255,5.404186248779297,11422.0,2881,33.61933
TTCTCAGATCGCAA,SPI1_pDS255,7.998489856719971,9014.0,2443,34.302197
TTCTCAGATGGTTG,BHLHE40_pDS258,6.163200855255127,11010.0,2727,35.10445
TTCTGATGAACCAC,62(mod)_pBA581,5.4645795822143555,11105.0,2605,34.488968
TTCTGATGGGACTT,SNAI1_pDS266,5.803778648376465,10169.0,2629,38.29285
TTCTGATGTTCCCG,SPI1_pDS255,7.984097003936768,5128.0,1857,28.83041
TTCTTACTCTGAAC,EP300_pDS268,6.80935001373291,7350.0,2162,32.317738
TTCTTACTTGAGAA,BHLHE40_pDS258,6.877670764923096,9794.0,2486,38.407352
TTGAACCTGACACT,62(mod)_pBA581,6.00413179397583,8863.0,2388,35.981045
TTGAACCTGACTAC,62(mod)_pBA581,4.952889919281006,13118.0,3039,32.865852
TTGAACCTGGCGAA,SPI1_pDS255,5.431699752807617,11661.0,2740,37.377808
TTGAACCTTATGGC,62(mod)_pBA581,4.723246097564697,10813.0,2648,35.596043
TTGAACCTTGCTAG,ZNF326_pDS262,6.297023296356201,7798.0,2150,37.530453
TTGAATGACGTTGA,62(mod)_pBA581,5.418501377105713,12483.0,2878,38.308098
TTGAATGATGGAGG,62(mod)_pBA581,5.578055381774902,11028.0,2751,36.652157
TTGACACTCGAATC,62(mod)_pBA581,5.947836875915527,15943.0,3414,33.214172
TTGACACTCGGGAA,CREB1_pDS269,7.189545154571533,7287.0,2296,30.341705
TTGACACTCTGCTC,EP300_pDS268,5.897266864776611,9390.0,2507,35.516506
TTGACACTGCGTTA,EP300_pDS268,4.45725154876709,25277.0,4135,37.493572
TTGACACTGTACAC,DDIT3_pDS263,4.545266628265381,12488.0,2714,36.731262
TTGACACTTTCTCA,BHLHE40_pDS258,4.842170715332031,10965.0,2628,37.118103
TTGAGGACCATGGT,SNAI1_pDS266,5.3894429206848145,10646.0,2536,39.8516
TTGATCTGAACGAA,EP300_pDS268,5.0423054695129395,12831.0,2986,36.90773
TTGATCTGTGGATC,CREB1_pDS269,6.220794200897217,7396.0,2192,35.573284
TTGCATTGACTTTC,62(mod)_pBA581,9.336150169372559,2305.0,1181,23.817787
TTGCATTGCGTTGA,EP300_pDS268,5.002411842346191,10523.0,2678,34.28327
TTGCATTGGGGTGA,62(mod)_pBA581,5.377155303955078,9658.0,2581,34.517033
TTGCATTGTACTTC,CREB1_pDS269,5.707816123962402,10232.0,2578,38.600605
TTGCATTGTAGCGT,62(mod)_pBA581,6.27423095703125,8067.0,2470,28.594448
TTGCTAACAAGCCT,ZNF326_pDS262,5.523007392883301,11726.0,2757,39.143784
TTGCTAACGCGTTA,ZNF326_pDS262,4.858566761016846,10640.0,2764,33.609024
TTGCTATGTATGGC,CREB1_pDS269,7.140889644622803,8311.0,2365,34.403946
TTGCTATGTCTATC,62(mod)_pBA581,6.275062084197998,9303.0,2543,34.05353
TTGCTATGTGCAAC,62(mod)_pBA581,5.656788349151611,12341.0,2793,39.175175
TTGGAGACCCTTCG,62(mod)_pBA581,6.2468390464782715,4751.0,1597,36.96064
TTGGAGACGCTACA,ZNF326_pDS262,5.19421911239624,12007.0,2835,33.91355
TTGGAGACGTCGAT,DDIT3_pDS263,4.851571559906006,10297.0,2595,37.93338
TTGGAGACTCCTTA,CREB1_pDS269,5.704261302947998,9493.0,2420,38.131844
TTGGAGTGCACCAA,SPI1_pDS255,4.663947582244873,15074.0,3180,35.270313
TTGGGAACAAGTAG,62(mod)_pBA581,5.732831001281738,7558.0,2239,35.26065
TTGGGAACGCAAGG,62(mod)_pBA581,5.951096057891846,9746.0,2519,35.522266
TTGGTACTAAGGCG,SNAI1_pDS266,6.0442728996276855,9027.0,2372,37.42107
TTGGTACTGCTGTA,EP300_pDS268,5.384734153747559,12575.0,2941,31.308151
TTGGTACTGTGCTA,EP300_pDS268,5.600069046020508,10598.0,2662,36.21438
TTGGTACTTTCAGG,EP300_pDS268,6.41568660736084,6449.0,1945,36.43411
TTGTACACGCTGAT,62(mod)_pBA581,6.469699382781982,4417.0,1523,38.57822
TTGTACACGGTATC,BHLHE40_pDS258,5.580280780792236,12448.0,2947,36.568123
TTGTACACTACGCA,BHLHE40_pDS258,5.916611671447754,11015.0,2660,37.554466
TTGTAGCTCGCATA,SPI1_pDS255,6.832503795623779,8620.0,2406,34.709976
TTGTAGCTCTCCAC,DDIT3_pDS263,7.111433982849121,7199.0,2252,32.94902
TTGTAGCTCTCTTA,62(mod)_pBA581,6.017915725708008,8354.0,2317,37.055656
TTGTAGCTGTTCGA,62(mod)_pBA581,5.892232894897461,9637.0,2402,37.968246
TTGTAGCTTAGTCG,62(mod)_pBA581,5.624181747436523,8659.0,2304,36.101166
TTGTAGCTTGGTAC,SNAI1_pDS266,5.856550216674805,10484.0,2749,31.89318
TTGTAGCTTTCTTG,ZNF326_pDS262,5.050139427185059,10701.0,2527,38.123714
TTGTAGCTTTGACG,BHLHE40_pDS258,4.867473602294922,13860.0,2960,37.010315
TTGTCATGACGCAT,SPI1_pDS255,6.4989118576049805,7736.0,2229,35.806618
TTTAGAGAGGATCT,SPI1_pDS255,5.821533203125,10144.0,2539,38.121056
TTTAGCTGACGTGT,62(mod)_pBA581,5.776841640472412,8826.0,2415,35.991844
TTTAGCTGCAGTCA,62(mod)_pBA581,5.169364929199219,11229.0,2655,37.07365
TTTAGCTGGGCGAA,62(mod)_pBA581,5.867466926574707,9577.0,2542,37.481728
TTTAGCTGTGAAGA,ZNF326_pDS262,5.956546306610107,12129.0,2893,33.58892
TTTAGCTGTGTCTT,EP300_pDS268,5.874483108520508,9091.0,2394,37.02563
TTTAGCTGTTATCC,ZNF326_pDS262,5.033955097198486,11833.0,2730,33.846024
TTTAGGCTCTGGTA,BHLHE40_pDS258,6.413569450378418,8846.0,2551,34.25277
TTTAGGCTGTCTGA,BHLHE40_pDS258,4.916572570800781,12849.0,2920,39.31045
TTTAGGCTTCTGGA,EP300_pDS268,5.8085036277771,9658.0,2697,32.59474
TTTAGGCTTGTCGA,SNAI1_pDS266,4.8463640213012695,18237.0,3517,39.14569
TTTATCCTAAGGCG,ZNF326_pDS262,5.164246082305908,7763.0,2147,37.111942
TTTATCCTACGCAT,SPI1_pDS255,6.379262447357178,8780.0,2416,32.672817
TTTATCCTAGATGA,EP300_pDS268,6.126801013946533,10494.0,2661,36.82104
TTTATCCTAGCTCA,CREB1_pDS269,5.465197563171387,9027.0,2517,32.30309
TTTATCCTATTCTC,SPI1_pDS255,5.664177894592285,9479.0,2518,37.668777
TTTATCCTCAACTG,62(mod)_pBA581,5.60594367980957,10089.0,2631,35.87075
TTTATCCTCCTCGT,CREB1_pDS269,8.246500968933105,3841.0,1398,37.151783
TTTATCCTTCTCGC,62(mod)_pBA581,5.068674087524414,13036.0,3106,33.42283
TTTCACGAGCGATT,ZNF326_pDS262,5.979151248931885,7893.0,2163,37.983025
TTTCACGAGTGCTA,62(mod)_pBA581,7.219142436981201,6218.0,1989,35.214664
TTTCACGATTTGCT,62(mod)_pBA581,5.936671257019043,10344.0,2667,36.104397
TTTCAGTGATTCGG,62(mod)_pBA581,6.335011005401611,4616.0,1471,42.235218
TTTCAGTGTGGAAA,DDIT3_pDS263,5.050267219543457,11973.0,2911,34.794956
TTTCAGTGTGTGAC,EP300_pDS268,5.961285591125488,9848.0,2526,35.682373
TTTCCAGAATACCG,BHLHE40_pDS258,6.072580337524414,9905.0,2521,36.930843
TTTCCAGAGACGTT,SPI1_pDS255,5.420078277587891,11175.0,2808,27.883669
TTTCCAGAGCAAGG,SPI1_pDS255,5.857354640960693,10122.0,2777,27.610392
TTTCCAGAGCGAGA,CREB1_pDS269,5.219889163970947,11298.0,2733,38.02443
TTTCCAGATCGCCT,SNAI1_pDS266,5.5674028396606445,11291.0,2685,36.97866
TTTCCAGATTCTCA,CREB1_pDS269,5.676354885101318,9377.0,2450,35.16741
TTTCGAACACGGGA,EP300_pDS268,5.800538063049316,9978.0,2689,31.980356
TTTCGAACAGAACA,SNAI1_pDS266,5.410164833068848,10428.0,2540,37.38013
TTTCGAACCATGAC,62(mod)_pBA581,5.393662929534912,9324.0,2483,36.353886
TTTCGAACCTCTCG,SPI1_pDS255,6.5685601234436035,8547.0,2487,32.042583
TTTCGAACTACTTC,62(mod)_pBA581,7.690197467803955,5199.0,1706,41.180996
TTTCGAACTCGCCT,SPI1_pDS255,5.116237163543701,14084.0,3126,34.329735
TTTCTACTCAGAAA,62(mod)_pBA581,6.156598091125488,11965.0,2834,36.787563
TTTCTACTGTTGTG,ZNF326_pDS262,6.799755573272705,11149.0,2830,34.170403
TTTCTACTTGTTTC,62(mod)_pBA581,6.660843372344971,8357.0,2104,43.641582
TTTGACTGCAAAGA,DDIT3_pDS263,6.799767971038818,8271.0,2427,30.16564
TTTGACTGGAAGGC,SNAI1_pDS266,6.841145038604736,5942.0,1856,31.60552
TTTGACTGGACGAG,SNAI1_pDS266,5.7457780838012695,8150.0,2263,36.797546
TTTGCATGCCCGTT,SNAI1_pDS266,5.68295431137085,9178.0,2472,37.128227
TTTGCATGCCGTTC,62(mod)_pBA581,4.34633207321167,15785.0,3167,37.46595
TTTGCATGTTCTAC,62(mod)_pBA581,8.411907196044922,4197.0,1580,34.071957
